product_clean,meddra_pt,a,prr,n_methods,cbi_reason
SUPER BETA PROSTATE,Blood Urine Present,268,37.7462115847614,4,Prostate supplement taken for BPH
PRESERVISION AREDS 2,Macular Degeneration,100,30.2134244145453,4,Eye supplement taken for macular degeneration
SUPER BETA PROSTATE,Urinary Retention,66,21.9521739130435,4,Prostate supplement taken for BPH
SUPER BETA PROSTATE P3 ADVANCED,Blood Urine Present,59,22.9617688513037,4,Prostate supplement taken for BPH
PRESERVISION AREDS 2,Visual Impairment,46,10.4501546581912,4,Eye supplement taken for macular degeneration
PRESERVISION AREDS 2 FORMULA SOFT GELS,Macular Degeneration,42,18.4562091503268,4,Eye supplement taken for macular degeneration
PRESERVISION AREDS 2,Age-Related Macular Degeneration,37,32.3861250820031,4,Eye supplement taken for macular degeneration
PRESERVISION AREDS 2,Blindness,29,11.6627901135336,4,Eye supplement taken for macular degeneration
SUPER BETA PROSTATE,Urinary Tract Infection,28,4.20380434782609,4,Prostate supplement taken for BPH
SUPER BETA PROSTATE,Prostatomegaly,26,24.9826086956522,4,Prostate supplement taken for BPH
"PRESERVISION AREDS 2 SOFT GELS (CAPSULE, SOFT)",Age-Related Macular Degeneration,25,277.1875,4,Eye supplement taken for macular degeneration
PRESERVISION AREDS 2 FORMULA SOFT GELS,Neovascular Age-Related Macular Degeneration,24,116.927536231884,4,Eye supplement taken for macular degeneration
SUPER BETA PROSTATE P3 ADVANCED,Urinary Retention,23,26.6983709931687,4,Prostate supplement taken for BPH
PRESERVISION AREDS 2 FORMULA SOFT GELS,Blindness,20,14.274593064402,4,Eye supplement taken for macular degeneration
PRESERVISION AREDS 2 FORMULA SOFT GELS,Visual Impairment,18,6.9551724137931,4,Eye supplement taken for macular degeneration
PRESERVISION AREDS 2 FORMULA SOFT GELS,Age-Related Macular Degeneration,14,17.2393162393162,4,Eye supplement taken for macular degeneration
SUPER BETA PROSTATE,Prostate Cancer,14,7.12173913043478,4,Prostate supplement taken for BPH
SUPER BETA PROSTATE,Prostatic Disorder,13,26.7670807453416,4,Prostate supplement taken for BPH
PRESERVISION AREDS 2,Blindness Unilateral,12,16.2328489354512,4,Eye supplement taken for macular degeneration
PRESERVISION AREDS 2 FORMULA SOFT GELS,Blindness Unilateral,11,27.3913580246914,4,Eye supplement taken for macular degeneration
BENEFIBER W WHEAT DEXTRIN (NCH) (WHEAT DEXTRIN) POWDER,Constipation,10,4.39763875475002,4,Fibre supplement taken for bowel conditions
BENEFIBER W WHEAT DEXTRIN (NCH) (WHEAT DEXTRIN) POWDER,Flatulence,10,8.61937195931004,4,Fibre supplement taken for bowel conditions
PRESERVISION AREDS 2,Neovascular Age-Related Macular Degeneration,10,16.0866070531498,4,Eye supplement taken for macular degeneration
SUPER BETA PROSTATE,Prostatic Specific Antigen Increased,9,12.1610054347826,4,Prostate supplement taken for BPH
HYDROXYCUT REGULAR RAPID RELEASE CAPLETS,Obesity,8,43.8229448961156,4,Weight loss product taken for obesity
PRESERVISION AREDS 2 MULTIVITAMIN,Macular Degeneration,8,27.5635901419391,4,Eye supplement taken for macular degeneration
BENEFIBER WITH WHEAT DEXTRIN (NCH) (WHEAT DEXTRIN) POWDER,Constipation,8,3.51056950111234,3,Fibre supplement taken for bowel conditions
PRESERVISION AREDS 2 FORMULA CHEWABLES,Macular Degeneration,7,23.5537931034483,4,Eye supplement taken for macular degeneration
"PRESERVISION AREDS 2 SOFT GELS (CAPSULE, SOFT)",Macular Degeneration,7,21.4103448275862,4,Eye supplement taken for macular degeneration
"PRESERVISION AREDS 2 SOFT GELS (CAPSULE, SOFT)",Visual Impairment,7,20.6279069767442,4,Eye supplement taken for macular degeneration
SUPER BETA PROSTATE,Urinary Hesitation,7,14.4130434782609,4,Prostate supplement taken for BPH
BENEFIBER W/ WHEAT DEXTRIN,Abdominal Pain Upper,6,7.62847990833095,4,Fibre supplement taken for bowel conditions
BENEFIBER WITH WHEAT DEXTRIN,Constipation,6,5.21711229946524,4,Fibre supplement taken for bowel conditions
FLORASTOR,Clostridium Difficile Infection,6,230.365066876475,4,Probiotic taken for GI conditions
HERBALIFE FLORAFIBER,Abdominal Pain,6,5.74235294117647,4,Fibre supplement taken for bowel conditions
MELATONIN,Insomnia,6,5.78854102802445,4,Sleep supplement taken for insomnia
PRESERVISION AREDS 2 FORMULA SOFT GELS,Dry Age-Related Macular Degeneration,6,74.7037037037037,4,Eye supplement taken for macular degeneration
SIMILAC PROBIOTIC TRIBLEND,Necrotising Colitis,6,1877.96153846154,4,Probiotic taken for GI conditions
BENEFIBER WITH WHEAT DEXTRIN (NCH) WHEAT DEXTRIN POWDER,Abdominal Pain Upper,6,4.39089559623949,3,Fibre supplement taken for bowel conditions
BEAUTY SLIM (PRETTY SLIM),Weight Decreased,5,73.1062874251497,4,Weight loss product taken for obesity
NAC MARKETING SUPER BETA PROSTATE,Blood Urine Present,5,12.5918472652219,4,Prostate supplement taken for BPH
PRESERVISION AREDS 2 FORMULA,Macular Degeneration,5,7.25506253722454,4,Eye supplement taken for macular degeneration
"PRESERVISION AREDS 2 FORMULA SOFT GELS (CAPSULE, SOFT)",Blindness,5,8.95680011775096,4,Eye supplement taken for macular degeneration
"PRESERVISION AREDS 2 FORMULA SOFT GELS (CAPSULE, SOFT)",Macular Degeneration,5,5.27592335703139,4,Eye supplement taken for macular degeneration
PRESERVISION LUTEIN,Macular Degeneration,5,59.7186888454012,4,Eye supplement taken for macular degeneration
SUPER BETA PROSTATE P3 ADVANCED,Blood Urine,5,100.409090909091,4,Prostate supplement taken for BPH
BENEFIBER WITH WHEAT DEXTRIN (NCH) (WHEAT DEXTRIN) POWDER,Abdominal Distension,5,2.84319561157797,3,Fibre supplement taken for bowel conditions
"PRESERVISION AREDS 2 FORMULA SOFT GELS (CAPSULE, SOFT)",Vision Blurred,5,3.17643220670756,3,Eye supplement taken for macular degeneration
ARBONNE ESSENTIALS DAILY FIBER BOOST,Abdominal Distension,4,5.88482180546343,4,Fibre supplement taken for bowel conditions
BENEFIBER UNKNOWN (NCH) (UNKNOWN) POWDER,Constipation,4,18.9498399146211,4,Fibre supplement taken for bowel conditions
BENEFIBER W WHEAT DEXTRIN (NCH) (WHEAT DEXTRIN) POWDER,Bowel Movement Irregularity,4,35.6017537449763,4,Fibre supplement taken for bowel conditions
BENEFIBER WITH WHEAT DEXTRIN,Flatulence,4,6.76091476091476,4,Fibre supplement taken for bowel conditions
"CALTRATE 600 + VITAMIN D (CALCIUM CARBONATE, CHOLECALCIFEROL) TABLET",Osteoporosis,4,42.1356957649093,4,Calcium supplement taken for osteoporosis
HERBALIFE ACTIVE FIBER COMPLEX,Abdominal Pain,4,9.56286721504113,4,Fibre supplement taken for bowel conditions
HYDROXYCUT HARDCORE CAPSULES,Obesity,4,47.9773454814085,4,Weight loss product taken for obesity
PRESERVISION AREDS,Age-Related Macular Degeneration,4,37.1576542269612,4,Eye supplement taken for macular degeneration
PRESERVISION AREDS,Blindness,4,21.693196976434,4,Eye supplement taken for macular degeneration
PRESERVISION AREDS,Macular Degeneration,4,12.8086111840378,4,Eye supplement taken for macular degeneration
PRESERVISION AREDS,Visual Impairment,4,12.3451417004049,4,Eye supplement taken for macular degeneration
PRESERVISION AREDS 2 FORMULA,Age-Related Macular Degeneration,4,16.7800258286698,4,Eye supplement taken for macular degeneration
PRESERVISION AREDS 2 MULTIVITAMIN SOFT GELS,Macular Degeneration,4,21.4946603545084,4,Eye supplement taken for macular degeneration
"PRESERVISION AREDS 2 SOFT GELS (CAPSULE, SOFT)",Blindness,4,20.5086705202312,4,Eye supplement taken for macular degeneration
PREVAGEN REGULAR STRENGTH,Memory Impairment,4,16.0510078157137,4,Cognitive supplement taken for memory loss
SUPER BETA PROSTATE,Blood Urine,4,15.7233201581028,4,Prostate supplement taken for BPH
SUPER BETA PROSTATE,Haemorrhage Urinary Tract,4,14.4130434782609,4,Prostate supplement taken for BPH
BENEFIBER STICK PACKS (WHEAT DEXTRIN) POWDER,Constipation,4,5.48244677863282,3,Fibre supplement taken for bowel conditions
BENEFIBER WITH WHEAT DEXTRIN (NCH) (WHEAT DEXTRIN) POWDER,Flatulence,4,3.40474152238858,3,Fibre supplement taken for bowel conditions
BENEFIBER WITH WHEAT DEXTRIN (NCH)(WHEAT DEXTRIN) POWDER,Diarrhoea,4,5.64578696343402,3,Fibre supplement taken for bowel conditions
SUPER BETA PROSTATE,Urine Output Decreased,4,6.17701863354037,3,Prostate supplement taken for BPH
BENEFIBER W WHEAT DEXTRIN (NCH) (WHEAT DEXTRIN) POWDER,Frequent Bowel Movements,3,13.9575057295646,4,Fibre supplement taken for bowel conditions
BENEFIBER WITH WHEAT DEXTRIN (NCH) (WHEAT DEXTRIN) POWDER,Irritable Bowel Syndrome,3,13.6473389355742,4,Fibre supplement taken for bowel conditions
HYDROXYCUT CAFFEINE FREE CAPLETS,Obesity,3,326.959821428571,4,Weight loss product taken for obesity
HYDROXYCUT WITH EPHEDRA,Obesity,3,163.433035714286,4,Weight loss product taken for obesity
PRESERVISION AREDS 2 FORMULA,Blindness Unilateral,3,23.9827727645611,4,Eye supplement taken for macular degeneration
PRESERVISION AREDS 2 FORMULA CHEWABLES,Blindness,3,16.8241379310345,4,Eye supplement taken for macular degeneration
PRESERVISION AREDS 2 FORMULA CHEWABLES,Neovascular Age-Related Macular Degeneration,3,66.5318181818182,4,Eye supplement taken for macular degeneration
"PRESERVISION AREDS 2 FORMULA SOFT GELS (CAPSULE, SOFT)",Age-Related Macular Degeneration,3,9.06217423678332,4,Eye supplement taken for macular degeneration
"PRESERVISION AREDS 2 FORMULA SOFT GELS (CAPSULE, SOFT)",Visual Acuity Reduced,3,9.939158840343,4,Eye supplement taken for macular degeneration
PRESERVISION AREDS 2 MULTIVITAMIN SOFT GELS,Visual Impairment,3,15.4867265996827,4,Eye supplement taken for macular degeneration
"PRESERVISION AREDS 2 SOFT GELS (CAPSULE, SOFT)",Visual Field Defect,3,120.954545454545,4,Eye supplement taken for macular degeneration
PRESERVISION AREDS SOFT GELS,Macular Degeneration,3,11.8556851311953,4,Eye supplement taken for macular degeneration
SLOW FE BROWN (NCH) (FERROUS SULFATE) TABLET,Anaemia,3,22.4090909090909,4,Iron supplement taken for anaemia
SUPER BETA PROSTATE P3 ADVANCED,Prostatic Disorder,3,19.4340175953079,4,Prostate supplement taken for BPH
SUPER BETA PROSTATE P3 ADVANCED,Prostatomegaly,3,8.8596256684492,4,Prostate supplement taken for BPH
SUPER BETA PROSTATE P3 ADVANCED,Urine Output Decreased,3,20.7742946708464,4,Prostate supplement taken for BPH
ZENWISE HEALTH CALMING SLEEP SUPPORT WITH MELATONIN,Insomnia,3,42.5895348837209,4,Sleep supplement taken for insomnia
BENEFIBER WITH WHEAT DEXTRIN (NCH) WHEAT DEXTRIN POWDER,Constipation,3,4.73027718550107,3,Fibre supplement taken for bowel conditions
HERBAL CLEANSE WITH CITRUS FIBER DRINK,Abdominal Pain,3,5.05920348174502,3,Fibre supplement taken for bowel conditions
HERBALIFE FLORAFIBER,Constipation,3,5.20362473347548,3,Fibre supplement taken for bowel conditions
HYDROXYCUT CAFFEINE-FREE CAPLETS,Weight Decreased,3,5.46268656716418,3,Weight loss product taken for obesity
PURITAN'S PRIDE PROBIOTIC ACIDOPHILUS,Diarrhoea,3,6.65239306148397,3,Probiotic taken for GI conditions
