product_clean,meddra_pt,in_era1,in_era2,a,prr,n_methods
KRATOM,Death,FALSE,TRUE,177,17.9373222565688,4
CITRACAL PETITES,Choking,FALSE,TRUE,158,7.6749902458057,4
KRATOM,Dependence,FALSE,TRUE,103,31.4114069767442,4
KRATOM,Toxicity To Various Agents,FALSE,TRUE,101,75.2536079545455,4
PRESERVISION AREDS 2,Macular Degeneration,FALSE,TRUE,100,20.405082897378,4
CITRACAL MAXIMUM,Foreign Body,FALSE,TRUE,87,5.42666095768215,4
ONE A DAY WOMEN'S,Choking,FALSE,TRUE,77,5.78781883519066,4
CITRACAL MAXIMUM,Foreign Body In Throat,FALSE,TRUE,65,13.1514660493827,4
SUPER BETA PROSTATE P3 ADVANCED,Blood Urine Present,FALSE,TRUE,59,19.4341589473421,4
PRESERVISION AREDS 2,Dysphagia,FALSE,TRUE,54,2.21503575933381,3
CITRACAL PETITES,Foreign Body,FALSE,TRUE,52,5.48975436884272,4
PRESERVISION AREDS 2 FORMULA SOFT GELS,Death,FALSE,TRUE,51,4.13680310973836,4
PRESERVISION AREDS 2,Condition Aggravated,FALSE,TRUE,50,8.61182262066757,4
PRESERVISION AREDS 2,Visual Impairment,FALSE,TRUE,46,10.5261077632045,4
PRESERVISION AREDS 2 FORMULA SOFT GELS,Macular Degeneration,FALSE,TRUE,42,12.2485590297096,4
ALL DAY ENERGY GREENS,Abdominal Pain Upper,FALSE,TRUE,39,4.91496511095859,4
CENTRUM SILVER WOMEN'S 50+,Foreign Body,FALSE,TRUE,39,4.79347340811429,4
KRATOM,Accidental Death,FALSE,TRUE,37,2425.9975,4
PRESERVISION AREDS 2,Age-Related Macular Degeneration,FALSE,TRUE,37,17.4313421398336,4
CITRACAL SLOW RELEASE 1200,Choking,FALSE,TRUE,36,6.28559034624182,4
CENTRUM SILVER MEN'S 50+,Choking,FALSE,TRUE,35,2.88353725843815,4
CITRACAL PETITES,Dysphagia,FALSE,TRUE,35,4.95595493562232,4
PRESERVISION AREDS 2,Cataract,FALSE,TRUE,33,12.0134925558313,4
KRATOM,Overdose,FALSE,TRUE,32,22.5608602150538,4
CITRACAL,Choking,FALSE,TRUE,31,6.32097723418785,4
ONE A DAY WOMEN'S,Foreign Body,FALSE,TRUE,31,5.13955949012046,4
CENTRUM SILVER,Choking,FALSE,TRUE,30,2.8362216516902,4
"PRESERVISION AREDS 2 FORMULA SOFT GELS (CAPSULE, SOFT)",Dysphagia,FALSE,TRUE,30,7.4802371541502,4
ALL DAY ENERGY GREENS,Vomiting,FALSE,TRUE,29,2.14268269510205,3
KRATOM,Pulmonary Oedema,FALSE,TRUE,29,146.265961538462,4
PRESERVISION AREDS 2,Blindness,FALSE,TRUE,29,9.88344068422998,4
KRATOM,Withdrawal Syndrome,FALSE,TRUE,28,16.8430275229358,4
SUPER BETA VIRILITY BOOST,Blood Urine Present,FALSE,TRUE,28,13.7451147613927,4
CENTRUM SILVER WOMEN 50+,Choking,FALSE,TRUE,27,3.68386808307251,4
CITRACAL MAXIMUM PLUS,Choking,FALSE,TRUE,27,6.7772144010424,4
SUPER BETA PROSTATE,Myocardial Infarction,FALSE,TRUE,26,2.75403106630324,3
CITRACAL MAXIMUM BAYER,Choking,FALSE,TRUE,25,6.41963682024534,4
KRATOM,Convulsion,FALSE,TRUE,25,5.20376984126984,4
"PRESERVISION AREDS 2 SOFT GELS (CAPSULE, SOFT)",Age-Related Macular Degeneration,FALSE,TRUE,25,156.686320754717,4
SUPER BETA PROSTATE,Urinary Tract Infection,FALSE,TRUE,25,4.96101019733301,4
ONE A DAY WOMEN'S 50 PLUS HEALTHY ADVANTAGE,Choking,FALSE,TRUE,24,4.03938564476886,4
ONE A DAY WOMEN'S 50+ MINIGELS COMPLETE MULTIVITAMIN,Foreign Body,FALSE,TRUE,24,17.5668400627529,4
PRESERVISION AREDS 2 FORMULA SOFT GELS,Neovascular Age-Related Macular Degeneration,FALSE,TRUE,24,68.4010439321444,4
ARBONNE ESSENTIALS DIGESTION PLUS,Hypersensitivity,FALSE,TRUE,23,10.0742767658452,4
CENTRUM SILVER WOMEN 50+,Dysphagia,FALSE,TRUE,23,9.51867556276112,4
PRESERVISION AREDS 2 FORMULA SOFT GELS,Condition Aggravated,FALSE,TRUE,23,6.7705258665229,4
SUPER BETA PROSTATE P3 ADVANCED,Urinary Retention,FALSE,TRUE,23,17.2942433741807,4
ALL DAY ENERGY GREENS FRUITY,Diarrhoea,FALSE,TRUE,22,2.86142887977552,3
CITRACAL PETITES,Foreign Body In Throat,FALSE,TRUE,22,6.865392118611,4
KRATOM,Drug Screen Positive,FALSE,TRUE,22,25.3067543859649,4
MODERE BURN,Vomiting,FALSE,TRUE,22,4.2019822774613,4
NUTRAFOL WOMENS BALANCE HAIR GROWTH NUTRACEUTICAL,Emergency Care,FALSE,TRUE,22,51.5256002824859,4
SUPER BETA PROSTATE,Hypertension,FALSE,TRUE,22,2.49017638208369,3
SUPER BETA PROSTATE,Rectal Haemorrhage,FALSE,TRUE,22,5.5627327244934,4
CENTRUM SILVER MEN'S 50+,Foreign Body,FALSE,TRUE,21,3.84732824427481,4
CITRACAL MAXIMUM,Throat Irritation,FALSE,TRUE,21,4.65636732623034,4
KRATOM,Drug Withdrawal Syndrome,FALSE,TRUE,21,22.948625,4
NUTRAFOL WOMENS BALANCE HAIR GROWTH NUTRACEUTICAL,Hospitalisation,FALSE,TRUE,21,11.4020751473477,4
CENTRUM SILVER ADULTS 50+,Choking,FALSE,TRUE,20,2.41441113587772,3
PRESERVISION AREDS 2 FORMULA SOFT GELS,Blindness,FALSE,TRUE,20,12.1749430947183,4
PRESERVISION AREDS 2 FORMULA SOFT GELS,Cataract,FALSE,TRUE,20,12.4160310767919,4
ALL DAY ENERGY GREENS,Gastric Disorder,FALSE,TRUE,19,25.7234511008705,4
ARBONNE ESSENTIALS PROTEIN SHAKE MIX - CHOCOLATE,Hypersensitivity,FALSE,TRUE,19,11.40815266486,4
MODERE BURN,Nausea,FALSE,TRUE,19,3.26388888888889,4
SUPER BETA PROSTATE,Renal Failure,FALSE,TRUE,19,4.16586087059963,4
VITAMIN B6,Neuropathy Peripheral,FALSE,TRUE,19,91.1410533910534,4
VITAPEARL,Abortion Spontaneous,FALSE,TRUE,19,139.474889624724,4
CITRACAL MAXIMUM,Retching,FALSE,TRUE,18,4.58827646544182,4
KRATOM,Depression,FALSE,TRUE,18,5.87171641791045,4
ONE A DAY WOMEN'S 50 PLUS HEALTHY ADVANTAGE,Foreign Body,FALSE,TRUE,18,6.74872967479675,4
ONE A DAY WOMEN'S 50+ ADVANTAGE,Choking,FALSE,TRUE,18,6.91721567267684,4
CENTRUM,Choking,FALSE,TRUE,17,2.31009331156234,3
CENTRUM SILVER WOMEN 50 PLUS,Foreign Body In Throat,FALSE,TRUE,17,47.2634824414716,4
KRATOM,Brain Oedema,FALSE,TRUE,17,159.235357142857,4
PRESERVISION AREDS 2 FORMULA SOFT GELS,Visual Impairment,FALSE,TRUE,17,6.30719685173126,4
ARBONNE ESSENTIALS DAILY FIBER BOOST,Hypersensitivity,FALSE,TRUE,16,8.51475475475476,4
ARBONNE ESSENTIALS DIGESTION PLUS,Dyspnoea,FALSE,TRUE,16,4.62046405477368,4
CENTRUM SILVER MEN'S 50+,Dysphagia,FALSE,TRUE,16,3.9513463635601,4
CITRACAL MAXIMUM,Oropharyngeal Pain,FALSE,TRUE,16,3.98434947768281,4
CITRACAL PETITES (CHOLECALCIFEROL + CALCIUM CITRATE) FILM-COATED TABLET,Dysphagia,FALSE,TRUE,16,11.5401438068105,4
EU NATURAL CONCEPTION FOR HER FERTILITY AID AND MULTI,Abortion Spontaneous,FALSE,TRUE,16,138.218181818182,4
KRATOM,Insomnia,FALSE,TRUE,16,2.27073593073593,3
NUTRAFOL WOMENS BALANCE HAIR GROWTH NUTRACEUTICAL,Nausea,FALSE,TRUE,16,2.05666666666667,3
ONE A DAY WOMEN'S 50 PLUS HEALTHY ADVANTAGE,Foreign Body In Throat,FALSE,TRUE,16,17.9966124661247,4
RITUAL SYNBIOTIC PLUS PREBIOTIC PROBIOTIC POSTBIOTIC,Gastrointestinal Disorder,FALSE,TRUE,16,78.0205278592376,4
AG1 WHOLE FOOD POUCH 360G NON SPECIFIC,Aspartate Aminotransferase Increased,FALSE,TRUE,15,27.7201170242407,4
ALL DAY ENERGY GREENS,Gastrointestinal Disorder,FALSE,TRUE,15,8.56360927581293,4
ARBONNE ESSENTIALS HERBAL DETOX TEA,Hypersensitivity,FALSE,TRUE,15,8.75480230949924,4
ARBONNE ESSENTIALS PROTEIN SHAKE MIX - VANILLA,Hypersensitivity,FALSE,TRUE,15,9.2044589074292,4
CENTRUM SILVER MEN 50 PLUS,Foreign Body In Throat,FALSE,TRUE,15,53.9331081081081,4
CITRACAL,Foreign Body,FALSE,TRUE,15,6.77562468128506,4
CITRACAL MAXIMUM (CHOLECALCIFEROL + CALCIUM CITRATE) FILM-COATED TABLET,Dysphagia,FALSE,TRUE,15,11.3091321610891,4
FLORASTOR (SACCHAROMYCES BOULARDII LYOPHILISED),Fungaemia,FALSE,TRUE,15,1108.70833333333,4
KRATOM,Tremor,FALSE,TRUE,15,2.35290071770335,3
MODERE BURN,Diarrhoea,FALSE,TRUE,15,3.05482698325051,3
PRESERVISION AREDS 2 FORMULA,Foreign Body,FALSE,TRUE,15,3.14284020862968,3
ALL DAY ENERGY GREENS FRUITY,Gastrointestinal Disorder,FALSE,TRUE,14,13.1396814159292,4
ARBONNE ESSENTIALS PROTEIN SHAKE MIX - CHOCOLATE,Dyspnoea,FALSE,TRUE,14,5.55549253731343,4
"CENTRUM SILVER WOMEN'S 50+ (MULTIMINERALS, MULTIVITAMINS) TABLET",Foreign Body,FALSE,TRUE,14,4.85020675980642,4
CITRACAL MAXIMUM (CHOLECALCIFEROL +CALCIUM CITRATE) FILM-COATED TABLET,Choking,FALSE,TRUE,14,7.91837428790069,4
CITRACAL SLOW RELEASE 1200,Foreign Body,FALSE,TRUE,14,5.39923347173427,4
KRATOM,Hyperhidrosis,FALSE,TRUE,14,2.30061403508772,3
KRATOM,Toxicologic Test Abnormal,FALSE,TRUE,14,458.9725,4
ONE A DAY WOMEN'S 50+ MINIGELS COMPLETE MULTIVITAMIN,Choking,FALSE,TRUE,14,4.55666519802223,4
PRESERVISION AREDS 2,Blood Glucose Increased,FALSE,TRUE,14,2.47792111648822,3
PRESERVISION AREDS 2,Eye Disorder,FALSE,TRUE,14,17.9401488833747,4
PRESERVISION AREDS 2 FORMULA SOFT GELS,Age-Related Macular Degeneration,FALSE,TRUE,14,9.6463010673537,4
"PRESERVISION AREDS 2 FORMULA SOFT GELS (CAPSULE, SOFT)",Foreign Body,FALSE,TRUE,14,2.52932111392958,3
PREVAGEN REGULAR STRENGTH,Blood Pressure Increased,FALSE,TRUE,14,4.93193633952255,4
AG1 WHOLE FOOD POUCH 360G NON SPECIFIC,Alanine Aminotransferase Increased,FALSE,TRUE,13,23.3918882257189,4
ALL DAY ENERGY GREENS,Flatulence,FALSE,TRUE,13,7.76481883075811,4
ARBONNE ESSENTIALS BODY CLEANSE,Hypersensitivity,FALSE,TRUE,13,10.7127056417883,4
ARBONNE ESSENTIALS DAILY FIBER BOOST,Dyspnoea,FALSE,TRUE,13,4.58188809334394,4
ARBONNE ESSENTIALS HERBAL DETOX TEA,Dyspnoea,FALSE,TRUE,13,5.02965830374294,4
ARBONNE ESSENTIALS PROTEIN SHAKE MIX - VANILLA,Dyspnoea,FALSE,TRUE,13,5.28798727128083,4
BURN,Nausea,FALSE,TRUE,13,6.69296717758167,4
CITRACAL MAXIMUM,Pharyngeal Injury,FALSE,TRUE,13,12.752936775159,4
CITRACAL MAXIMUM BAYER,Foreign Body,FALSE,TRUE,13,7.39990150736554,4
GRIPE WATER NIGHTTIME,Choking,FALSE,TRUE,13,9.97661341484515,4
KRATOM,Cardiac Arrest,FALSE,TRUE,13,12.9148106060606,4
KRATOM,Pulmonary Congestion,FALSE,TRUE,13,94.7086111111111,4
KRATOM,Unresponsive To Stimuli,FALSE,TRUE,13,14.6961637931035,4
ONE A DAY WOMEN'S MINIGELS COMPLETE MULTIVITAMIN,Choking,FALSE,TRUE,13,5.81750437357018,4
PREVAGEN REGULAR STRENGTH,Dizziness,FALSE,TRUE,13,3.57737373737374,4
SUPER BETA PROSTATE,Haematospermia,FALSE,TRUE,13,81.5193195625759,4
SUPER BETA PROSTATE,Prostate Cancer,FALSE,TRUE,13,9.47899064681116,4
SUPER BETA PROSTATE,Renal Disorder,FALSE,TRUE,13,4.91080238328771,4
SUPER BETA VIRILITY BOOST,Haematochezia,FALSE,TRUE,13,7.10818791946309,4
AGELESS MALE MAX,Dyspnoea,FALSE,TRUE,12,2.06385626506961,3
ALL DAY ENERGY GREENS FRUITY,Abdominal Pain Upper,FALSE,TRUE,12,2.43778875991265,3
ALL DAY ENERGY GREENS FRUITY,Flatulence,FALSE,TRUE,12,11.7809456807494,4
ALL DAY ENERGY GREENS FRUITY,Gastric Disorder,FALSE,TRUE,12,25.1396965865992,4
CENTRUM,Death,FALSE,TRUE,12,4.9662655110058,4
CENTRUM SILVER ADULTS 50+,Dysphagia,FALSE,TRUE,12,4.3477002471091,4
CITRACAL SLOW RELEASE 1200,Foreign Body In Throat,FALSE,TRUE,12,13.7844849952434,4
EXTENZE PLUS,Tremor,FALSE,TRUE,12,31.5950118764846,4
GRIPE WATER ORIGINAL,Choking,FALSE,TRUE,12,10.7405165456013,4
KRATOM,Seizure,FALSE,TRUE,12,5.54091549295775,4
NUTRAFOL WOMENS BALANCE HAIR GROWTH NUTRACEUTICAL,Hepatic Enzyme Increased,FALSE,TRUE,12,11.435775862069,4
OAD WOMEN'S MINIGELS COMPLETE MULTIVITAMIN,Foreign Body,FALSE,TRUE,12,16.8764864436341,4
PLEXUS SLIM,Vomiting,FALSE,TRUE,12,2.52640589703959,3
PRESERVISION AREDS 2,Blindness Unilateral,FALSE,TRUE,12,12.4010245737613,4
PRESERVISION AREDS 2,Eye Haemorrhage,FALSE,TRUE,12,6.98966839612001,4
PRESERVISION AREDS 2 FORMULA,Dysphagia,FALSE,TRUE,12,3.39105966617638,3
PRESERVISION AREDS 2 FORMULA SOFT GELS,Cerebrovascular Accident,FALSE,TRUE,12,2.15590682880684,3
SUPER BETA PROSTATE P3 ADVANCED,Haemorrhage,FALSE,TRUE,12,4.31797725227068,4
SUPER BETA PROSTATE P3 ADVANCED,Myocardial Infarction,FALSE,TRUE,12,4.22047454012263,4
VITAMIN B6,Paraesthesia,FALSE,TRUE,12,30.8963113563753,4
AG1 WHOLE FOOD POUCH 360G NON SPECIFIC,Hepatic Enzyme Increased,FALSE,TRUE,11,10.3386828214121,4
AG1 WHOLE FOOD POUCH 360G NON SPECIFIC,Hospitalisation,FALSE,TRUE,11,5.79683372067616,4
ALL DAY ENERGY GREENS,Abdominal Distension,FALSE,TRUE,11,3.91908534777805,4
ARBONNE ESSENTIALS CHOCOLATE PROTEIN SHAKE MIX,Hypersensitivity,FALSE,TRUE,11,13.8158130752891,4
ARBONNE ESSENTIALS ENERGY FIZZ STICKS - CITRUS,Hypersensitivity,FALSE,TRUE,11,10.0935150051742,4
BALANCE OF NATURE WHOLE PRODUCE FRUITS,Hospitalisation,FALSE,TRUE,11,14.0875240847784,4
BALANCE OF NATURE WHOLE PRODUCE VEGGIES,Hospitalisation,FALSE,TRUE,11,14.8300882263462,4
BURN,Vomiting,FALSE,TRUE,11,6.27860024030209,4
CITRACAL PETITES,Pharyngeal Injury,FALSE,TRUE,11,18.3245392577632,4
CITRACAL PETITES,Retching,FALSE,TRUE,11,4.77420946179271,4
EXTENZE PLUS,Vomiting,FALSE,TRUE,11,6.27860024030209,4
KRATOM,Cardiomegaly,FALSE,TRUE,11,51.5173214285714,4
KRATOM,Drug Dependence,FALSE,TRUE,11,8.48520588235294,4
KRATOM,Weight Decreased,FALSE,TRUE,11,2.34932410423453,3
NUTRAFOL WOMENS BALANCE HAIR GROWTH NUTRACEUTICAL,Hypersensitivity,FALSE,TRUE,11,2.72646674140508,3
OCUVITE ADULT 50+,Macular Degeneration,FALSE,TRUE,11,17.9952574525745,4
ONE A DAY WOMEN'S,Retching,FALSE,TRUE,11,7.6442292552354,4
ONE A DAY WOMENS 50 PLUS HEALTHY ADVANTAGE,Choking,FALSE,TRUE,11,6.21405065709858,4
PLEXUS BIO CLEANSE,Abdominal Pain Upper,FALSE,TRUE,11,5.62095347943099,4
PLEXUS SLIM,Abdominal Pain Upper,FALSE,TRUE,11,3.88850146393399,4
PRESERVISION AREDS 2,International Normalised Ratio Increased,FALSE,TRUE,11,6.40719602977668,4
PRESERVISION AREDS 2 FORMULA SOFT GELS,Blindness Unilateral,FALSE,TRUE,11,21.5534539473684,4
"PRESERVISION AREDS 2 SOFT GELS (CAPSULE, SOFT)",Condition Aggravated,FALSE,TRUE,11,24.5127044025157,4
PREVAGEN REGULAR STRENGTH,Headache,FALSE,TRUE,11,3.41833284586136,3
RITUAL ESSENTIAL FOR WOMEN PRENATAL MULTIVITAMIN,Gastrointestinal Disorder,FALSE,TRUE,11,33.0335403726708,4
SUPER BETA PROSTATE,Cardiac Disorder,FALSE,TRUE,11,2.28403595310325,3
SUPER BETA PROSTATE,Cystitis,FALSE,TRUE,11,9.0760376031208,4
SUPER BETA PROSTATE P3 ADVANCED,Cerebrovascular Accident,FALSE,TRUE,11,3.42662337662338,3
SUPER BETA VIRILITY BOOST,Urinary Retention,FALSE,TRUE,11,12.4506476296328,4
AGELESS MALE MAX,Cardiac Disorder,FALSE,TRUE,10,18.9752574370709,4
ARBONNE ESSENTIALS DIGESTION PLUS,Pharyngeal Oedema,FALSE,TRUE,10,19.9639368895567,4
ARBONNE ESSENTIALS ENERGY FIZZ STICKS - POMEGRANATE,Hypersensitivity,FALSE,TRUE,10,8.82782424001062,4
BURN,Diarrhoea,FALSE,TRUE,10,6.10384544787078,4
CALTRATE 600 + VITAMIN D,Foreign Body,FALSE,TRUE,10,5.54468662008552,4
CENTRUM SILVER ADULTS 50+,Foreign Body,FALSE,TRUE,10,2.67425807426815,3
"CENTRUM SILVER WOMEN'S 50+ (MULTIMINERALS, MULTIVITAMINS) TABLET",Coeliac Disease,FALSE,TRUE,10,25.4899702466648,4
CITRACAL,Dysphagia,FALSE,TRUE,10,6.07753001715266,4
CITRACAL PETITES (CHOLECALCIFEROL +CALCIUM CITRATE) FILM-COATED TABLET,Dysphagia,FALSE,TRUE,10,18.9732620320856,4
CITRACAL PETITES BAYER,Choking,FALSE,TRUE,10,6.70640120967742,4
EXTENZE PLUS,Nausea,FALSE,TRUE,10,5.14127241805813,4
KRATOM,Irritability,FALSE,TRUE,10,10.9279166666667,4
KRATOM,Psychotic Disorder,FALSE,TRUE,10,14.2538043478261,4
MODERE ACTIVATE,Nausea,FALSE,TRUE,10,3.97929259680412,4
MODERE ACTIVATE,Vomiting,FALSE,TRUE,10,4.41551973170853,4
MODERE BURN,Dehydration,FALSE,TRUE,10,7.43587589605735,4
NATUREMADE VITAMIN B6,Neuropathy Peripheral,FALSE,TRUE,10,150.378531073446,4
ONE A DAY MEN'S 50+ HEALTHY ADVANTAGE,Choking,FALSE,TRUE,10,5.36431451612903,4
PRESERVISION AREDS 2,Eye Pain,FALSE,TRUE,10,10.6786600496278,4
PRESERVISION AREDS 2,Neovascular Age-Related Macular Degeneration,FALSE,TRUE,10,8.89888337468983,4
PREVAGEN EXTRA STRENGTH,Dizziness,FALSE,TRUE,10,3.13266364836823,3
SUPER BETA PROSTATE,Haematuria,FALSE,TRUE,10,9.79799513973269,4
SUPER BETA PROSTATE P3 ADVANCED,Hypertension,FALSE,TRUE,10,3.77262718407733,4
AGELESS MALE MAX,Hypertension,FALSE,TRUE,9,8.95108695652174,4
ALL DAY ENERGY GREENS,Constipation,FALSE,TRUE,9,2.72213452299245,3
ARBONNE ESSENTIALS DIGESTION PLUS,Vomiting,FALSE,TRUE,9,2.23670033670034,3
ARBONNE ESSENTIALS GREENS BALANCE,Hypersensitivity,FALSE,TRUE,9,10.719024171889,4
CENTRUM SILVER,Dysphagia,FALSE,TRUE,9,2.5340576016312,3
CENTRUM SILVER WOMEN 50+,Foreign Body,FALSE,TRUE,9,2.71008574928542,3
CITRACAL MAXIMUM (CHOLECALCIFEROL + CALCIUM CITRATE) FILM-COATED TABLET,Throat Irritation,FALSE,TRUE,9,18.3029375764994,4
CITRICAL MAXIMUM,Choking,FALSE,TRUE,9,8.0456469165659,4
EMERGEN-C,Diabetes Mellitus,FALSE,TRUE,9,24.2121550324675,4
GUNDRY MD TOTAL RESTORE,Hospitalisation,FALSE,TRUE,9,22.981094049904,4
KRATOM,Hallucination,FALSE,TRUE,9,2.87857317073171,3
KRATOM,Obesity,FALSE,TRUE,9,118.0215,4
KRATOM,Visceral Congestion,FALSE,TRUE,9,Inf,4
MODERE BURN,Blood Pressure Increased,FALSE,TRUE,9,2.84924892703863,3
NUTRAFOL WOMENS BALANCE HAIR GROWTH NUTRACEUTICAL,Abdominal Pain Upper,FALSE,TRUE,9,2.14791126943005,3
NUTRAFOL WOMENS BALANCE HAIR GROWTH NUTRACEUTICAL,Aspartate Aminotransferase Increased,FALSE,TRUE,9,16.1511769480519,4
NUTRAFOL WOMENS BALANCE HAIR GROWTH NUTRACEUTICAL,Palpitations,FALSE,TRUE,9,3.82070852534562,3
OAD WOMEN'S 50+ MINIGELS COMPLETE MULTIVITAMIN,Foreign Body,FALSE,TRUE,9,14.3075268817204,4
OCUVITE ADULT 50+,Foreign Body,FALSE,TRUE,9,3.24547898338221,3
ONE A DAY ESSENTIAL (MULTIVITAMINS) TABLET,Dysphagia,FALSE,TRUE,9,14.4953389830508,4
ONE A DAY MEN'S MEN'S HEALTH FORMULA,Foreign Body,FALSE,TRUE,9,11.2937181663837,4
ONE A DAY MENS 50 PLUS HEATHLY ADVANTAGE,Choking,FALSE,TRUE,9,3.01485036275695,3
ONE A DAY WOMEN'S MINIGELS COMPLETE MULTIVITAMIN,Foreign Body,FALSE,TRUE,9,8.93918010752688,4
ONE A DAY WOMEN'S PETITES,Choking,FALSE,TRUE,9,6.03332829504232,4
PLEXUS BIO CLEANSE,Diarrhoea,FALSE,TRUE,9,2.92592184920198,3
PLEXUS SLIM,Heart Rate Increased,FALSE,TRUE,9,5.4892766934558,4
PRESERVISION AREDS 2,Disease Progression,FALSE,TRUE,9,41.1891173342786,4
"PRESERVISION AREDS 2 FORMULA SOFT GELS (CAPSULE, SOFT)",Condition Aggravated,FALSE,TRUE,9,7.95804965959151,4
"PRESERVISION AREDS 2 FORMULA SOFT GELS (CAPSULE, SOFT)",Fall,FALSE,TRUE,9,9.31173851921275,4
PREVAGEN EXTRA STRENGTH,Blood Pressure Increased,FALSE,TRUE,9,3.60108425570364,3
RITUAL ESSENTIAL FOR WOMEN PRENATAL MULTIVITAMIN,Hypersensitivity,FALSE,TRUE,9,6.12170354265251,4
SUPER BETA PROSTATE,Haematemesis,FALSE,TRUE,9,3.20661659118524,3
SUPER BETA PROSTATE P3 ADVANCED,Nephrolithiasis,FALSE,TRUE,9,2.79561347743166,3
SUPER BETA VIRILITY BOOST,Cerebrovascular Accident,FALSE,TRUE,9,4.54358602806589,4
SUSTAIN,Nausea,FALSE,TRUE,9,6.93958623087622,4
TRUVY TRU,Dizziness,FALSE,TRUE,9,7.30951218023078,4
VITAMIN B6,Hypoaesthesia,FALSE,TRUE,9,23.9369936993699,4
AG1 WHOLE FOOD DIETARY SUPPLEMENT,Aspartate Aminotransferase Increased,FALSE,TRUE,8,32.6697388632873,4
ALL DAY ENERGY GREENS FRUITY,Abdominal Distension,FALSE,TRUE,8,4.66939638092722,4
ALL DAY ENERGY GREENS FRUITY,Dehydration,FALSE,TRUE,8,3.76927177737499,3
ALL DAY ENERGY GREENS?,Abdominal Pain Upper,FALSE,TRUE,8,6.80024286581664,4
ARBONNE ESSENTIALS DAILY FIBER BOOST,Pharyngeal Oedema,FALSE,TRUE,8,19.3675774134791,4
ARBONNE ESSENTIALS ENERGY FIZZ STICKS - POMEGRANATE,Dyspnoea,FALSE,TRUE,8,4.68856721087536,4
ARBONNE ESSENTIALS GREENS BALANCE,Dyspnoea,FALSE,TRUE,8,6.33123140987508,4
ARBONNE ESSENTIALS PROTEIN SHAKE MIX - VANILLA,Pharyngeal Oedema,FALSE,TRUE,8,22.3522488440521,4
CALTRATE 600 + VITAMIN D,Dysphagia,FALSE,TRUE,8,5.980484238351,4
CITRACAL CALCIUM + D3 GUMMIES,Choking,FALSE,TRUE,8,7.79898908504871,4
CITRACAL MAXIMUM PLUS,Foreign Body In Throat,FALSE,TRUE,8,13.1189932761705,4
CITRACAL PETITES,Throat Irritation,FALSE,TRUE,8,2.97125167100542,3
"CITRACAL, MAXIMUM, BAYER",Choking,FALSE,TRUE,8,6.12708645101876,4
EXTENZE PLUS,Cold Sweat,FALSE,TRUE,8,77.7865497076023,4
FLINTSTONES COMPLETE CHEWABLE,Choking,FALSE,TRUE,8,2.95623662785851,3
GUNDRY MD MCT WELLNESS WATERMELON LEMONADE,Hospitalisation,FALSE,TRUE,8,31.3751842027704,4
KRATOM,Drug Abuse,FALSE,TRUE,8,40.3492307692308,4
KRATOM,Needle Track Marks,FALSE,TRUE,8,Inf,4
MODERE BURN,Abdominal Pain Upper,FALSE,TRUE,8,2.54577701083309,3
NATUREMADE VITAMIN C,Dyspnoea,FALSE,TRUE,8,7.03523035230352,4
ONE A DAY MEN'S MULTIVITAMIN,Foreign Body,FALSE,TRUE,8,9.52802148612355,4
ONE A DAY MENS 50 PLUS HEATHLY ADVANTAGE,Foreign Body,FALSE,TRUE,8,5.95232766338406,4
ONE A DAY MENS 50 PLUS HEATHLY ADVANTAGE,Foreign Body In Throat,FALSE,TRUE,8,17.6359416445623,4
ONE A DAY WOMENS,Foreign Body,FALSE,TRUE,8,11.2107009321186,4
PLEXUS PROBIO 5,Diarrhoea,FALSE,TRUE,8,3.9012834616795,3
PLEXUS PROBIO5,Abdominal Pain Upper,FALSE,TRUE,8,4.47585176455734,4
PLEXUS PROBIO5,Diarrhoea,FALSE,TRUE,8,2.85341704902198,3
PLEXUS SLIM,Abdominal Pain,FALSE,TRUE,8,4.24567432567433,4
PLEXUS SLIM,Hepatic Enzyme Increased,FALSE,TRUE,8,11.119623233909,4
PRESERVISION AREDS 2,Lacrimation Increased,FALSE,TRUE,8,7.3225097483162,4
PRESERVISION AREDS 2 MULTIVITAMIN,Macular Degeneration,FALSE,TRUE,8,17.4267682976805,4
PREVAGEN EXTRA STRENGTH,Cerebrovascular Accident,FALSE,TRUE,8,10.5640872720044,4
PREVAGEN REGULAR STRENGTH,Convulsion,FALSE,TRUE,8,9.8468952734013,4
SUPER BETA PROSTATE,Pollakiuria,FALSE,TRUE,8,3.4360092544816,3
SUPER BETA VIRILITY BOOST,Chest Pain,FALSE,TRUE,8,2.40547814533438,3
SUPER BETA VIRILITY BOOST,Hypertension,FALSE,TRUE,8,4.88535252196776,4
VITAMIN B6,Arthralgia,FALSE,TRUE,8,29.573533500139,4
VITAMIN B6,Hypervitaminosis,FALSE,TRUE,8,74.9654686398873,4
VITAMIN B6,Muscle Twitching,FALSE,TRUE,8,103.984359726295,4
AG1 WHOLE FOOD DIETARY SUPPLEMENT,Alanine Aminotransferase Increased,FALSE,TRUE,7,28.0432489451477,4
AGELESS MALE TONIGHT,Hypertension,FALSE,TRUE,7,35.4381659056317,4
ALL DAY ENERGY GREENS,Diverticulitis,FALSE,TRUE,7,5.52828554360813,4
ALL DAY ENERGY GREENS FRUITY,Hospitalisation,FALSE,TRUE,7,3.14045922942859,3
"ALL DAY ENERGY GREENS, FRUITY",Diarrhoea,FALSE,TRUE,7,5.38919591447007,4
ARBONNE ESSENTIALS BODY CLEANSE,Dyspnoea,FALSE,TRUE,7,3.81700766739104,3
ARBONNE ESSENTIALS ENERGY FIZZ STICKS - CITRUS,Dyspnoea,FALSE,TRUE,7,4.25791182658008,4
ARBONNE ESSENTIALS PROTEIN SHAKE MIX - CHOCOLATE,Vomiting,FALSE,TRUE,7,2.39091726618705,3
ARBONNE ESSENTIALS PROTEIN SHAKE MIX - VANILLA,Vomiting,FALSE,TRUE,7,2.45231507102011,3
ARTRI KING,Pain,FALSE,TRUE,7,4.20006321112516,3
ARTRI KING,Weight Increased,FALSE,TRUE,7,26.9280648429585,4
BENEFIBER PREBIOTIC FIBER SUPPLEMENT,Foreign Body In Throat,FALSE,TRUE,7,61.6180555555556,4
BURN,Dehydration,FALSE,TRUE,7,15.5495156980628,4
CENTRUM SILVER WOMEN 50 PLUS,Choking,FALSE,TRUE,7,2.88433656556895,3
CENTRUM SILVER WOMEN'S 50 PLUS,Choking,FALSE,TRUE,7,3.94802552091061,3
CENTRUM SILVER WOMEN'S 50+,Macular Degeneration,FALSE,TRUE,7,3.73743434343434,3
CITRACAL MAXIMUM (CHOLECALCIFEROL + CALCIUM CITRATE) FILM-COATED TABLET,Retching,FALSE,TRUE,7,16.3306713470821,4
CITRACAL PETITES,Oropharyngeal Pain,FALSE,TRUE,7,2.947779887359,3
ESTER-C 24 HOUR IMMUNE SUPPORT,Choking,FALSE,TRUE,7,5.77149230149633,4
EXTENZE,Vomiting,FALSE,TRUE,7,5.31754596322942,4
GRIPE WATER,Choking,FALSE,TRUE,7,5.77149230149633,4
GUNDRY MD BIO COMPLETE 3,Diarrhoea,FALSE,TRUE,7,3.41174638079531,3
GUNDRY MD BIO COMPLETE 3,Hospitalisation,FALSE,TRUE,7,11.8660930528999,4
KRATOM,Brain Injury,FALSE,TRUE,7,35.3055769230769,4
KRATOM,Contusion,FALSE,TRUE,7,5.04365384615385,4
KRATOM,Hepatic Steatosis,FALSE,TRUE,7,17.6527884615385,4
KRATOM,Hepatomegaly,FALSE,TRUE,7,28.68578125,4
KRATOM,Paranoia,FALSE,TRUE,7,12.0782236842105,4
MODERE ACTIVATE,Blood Pressure Increased,FALSE,TRUE,7,5.1461425767753,4
MODERE ACTIVATE,Diarrhoea,FALSE,TRUE,7,3.30156590824452,3
MODERE BURN,Constipation,FALSE,TRUE,7,5.46977989642185,4
MODERE TRIM CHOCOLATE,Vomiting,FALSE,TRUE,7,2.45231507102011,3
MOMMY'S BLISS GRIPE WATER ORIGINAL,Choking,FALSE,TRUE,7,9.38043697140556,4
NATURAL ACCELERATOR,Nausea,FALSE,TRUE,7,2.97369471818051,3
NATUREMADE FULL STRENGTH MINI OMEGA 3,Foreign Body,FALSE,TRUE,7,23.8103756708408,4
NATUREMADE VITAMIN C,Choking,FALSE,TRUE,7,4.16751689264778,3
NUTRAFOL WOMEN HAIR GROWTH NUTRACEUTICAL,Hepatic Enzyme Increased,FALSE,TRUE,7,14.3359784283513,4
NUTRAFOL WOMEN HAIR GROWTH NUTRACEUTICAL,Nephrolithiasis,FALSE,TRUE,7,11.9804918877157,4
NUTRAFOL WOMENS BALANCE HAIR GROWTH NUTRACEUTICAL,Abdominal Pain,FALSE,TRUE,7,2.50914667099006,3
NUTRAFOL WOMENS BALANCE HAIR GROWTH NUTRACEUTICAL,Alanine Aminotransferase Increased,FALSE,TRUE,7,12.2440005274262,4
NUTRAFOL WOMENS BALANCE HAIR GROWTH NUTRACEUTICAL,Urticaria,FALSE,TRUE,7,3.03697344322344,3
OAD WOMEN'S 50+ MINIGELS COMPLETE MULTIVITAMIN,Choking,FALSE,TRUE,7,5.00158410524903,4
OAD WOMEN'S MINIGELS COMPLETE MULTIVITAMIN,Choking,FALSE,TRUE,7,4.41283077870697,4
OMEGAPLEX,Diarrhoea,FALSE,TRUE,7,3.79125689735915,3
OMEGAPLEX,Vomiting,FALSE,TRUE,7,3.54383160138556,3
ONE A DAY ESSENTIAL,Choking,FALSE,TRUE,7,4.16751689264778,3
ONE A DAY MEN'S 50+ HEALTHY ADVANTAGE,Foreign Body,FALSE,TRUE,7,8.32956171735241,4
ONE A DAY WOMEN'S,Cough,FALSE,TRUE,7,3.12718469532357,3
ONE A DAY WOMEN'S (MULTIVITAMINS + MINERALS) FILM-COATED TABLET,Dysphagia,FALSE,TRUE,7,9.77882797731569,4
ONE A DAY WOMENS 50 PLUS HEALTHY ADVANTAGE,Foreign Body In Throat,FALSE,TRUE,7,25.9337231968811,4
OSTEO BI-FLEX TRIPLE STRENGTH,Choking,FALSE,TRUE,7,6.82136711456083,4
PATRIOT POWER GREENS,Abdominal Discomfort,FALSE,TRUE,7,4.06242898348047,3
PATRIOT POWER GREENS,Abdominal Pain Upper,FALSE,TRUE,7,2.35690922920892,3
PATRIOT POWER GREENS,Rash,FALSE,TRUE,7,3.93950245804374,3
PLEXUS BIO CLEANSE,Abdominal Pain,FALSE,TRUE,7,5.36313589854446,4
PLEXUS BIO CLEANSE,Dyspnoea,FALSE,TRUE,7,2.45836966574184,3
PRESERVISION AREDS,Blood Pressure Increased,FALSE,TRUE,7,3.06547030518753,3
PRESERVISION AREDS 2,Blood Pressure Systolic Increased,FALSE,TRUE,7,10.6786600496278,4
PRESERVISION AREDS 2,Intraocular Pressure Increased,FALSE,TRUE,7,10.1932664110083,4
PRESERVISION AREDS 2 FORMULA CHEWABLES,Macular Degeneration,FALSE,TRUE,7,14.88312,4
"PRESERVISION AREDS 2 FORMULA SOFT GELS (CAPSULE, SOFT)",Cough,FALSE,TRUE,7,3.46068443051202,3
"PRESERVISION AREDS 2 SOFT GELS (CAPSULE, SOFT)",Macular Degeneration,FALSE,TRUE,7,14.0390943396226,4
"PRESERVISION AREDS 2 SOFT GELS (CAPSULE, SOFT)",Visual Impairment,FALSE,TRUE,7,19.6076736586908,4
PURITAN'S PRIDE TURMERIC CURCUMIN,Dizziness,FALSE,TRUE,7,6.24577464788732,4
RITUAL ESSENTIAL FOR WOMEN MULTIVITAMIN 18 PLUS,Hypersensitivity,FALSE,TRUE,7,9.79183094149188,4
SUPER BETA PROSTATE,Gastrointestinal Haemorrhage,FALSE,TRUE,7,2.70956902629645,3
SUPER BETA PROSTATE,Haemorrhoids,FALSE,TRUE,7,9.97614050590964,4
SUPER BETA PROSTATE,Renal Pain,FALSE,TRUE,7,2.81378321961554,3
SUPER BETA PROSTATE P3 ADVANCED,Renal Disorder,FALSE,TRUE,7,8.57530875661621,4
SUPER BETA VIRILITY BOOST,Haemorrhage,FALSE,TRUE,7,4.03874313605857,3
SUSTAIN,Diarrhoea,FALSE,TRUE,7,6.40039169873557,4
SUSTAIN,Vomiting,FALSE,TRUE,7,5.98268884892086,4
TRIPLE ACTION VIRILITY,Blood Pressure Increased,FALSE,TRUE,7,2.84607969151671,3
TRIPLE ACTION VIRILITY,Cerebrovascular Accident,FALSE,TRUE,7,9.38241525423729,4
TRUVY TRU,Nausea,FALSE,TRUE,7,3.92090193271296,3
VITAMIN B6,Nausea,FALSE,TRUE,7,2.6128538745491,3
AG1 WHOLE FOOD POUCH 360G NON SPECIFIC,Anaphylactic Reaction,FALSE,TRUE,6,6.43541540327471,4
AG1 WHOLE FOOD POUCH 360G NON SPECIFIC,Dehydration,FALSE,TRUE,6,3.2820618556701,3
AGELESS MALE MAX,Myocardial Infarction,FALSE,TRUE,6,5.47640341221794,4
ALL DAY ENERGY GREENS FRUITY,Constipation,FALSE,TRUE,6,2.97636999756778,3
ALL DAY ENERGY GREENS FRUITY,Diverticulitis,FALSE,TRUE,6,7.77802767320198,4
"ALL DAY ENERGY GREENS, FRUITY",Blood Pressure Increased,FALSE,TRUE,6,7.19394376351838,4
ARBONNE ESSENTIALS PROTEIN SHAKE MIX - CHOCOLATE,Rash,FALSE,TRUE,6,5.73820143884892,4
ARBONNE ESSENTIALS PROTEIN SHAKE MIX - VANILLA,Throat Irritation,FALSE,TRUE,6,13.3239789526435,4
ARBONNE ESSENTIALS PROTEIN SHAKE MIX VANILLA,Hypersensitivity,FALSE,TRUE,6,20.3724489795918,4
ARBONNE ESSENTIALS VANILLA PROTEIN SHAKE MIX,Hypersensitivity,FALSE,TRUE,6,11.8816964285714,4
BALANCE OF NATURE WHOLE PRODUCE FRUITS 90 CAPSULES,Hospitalisation,FALSE,TRUE,6,13.2446067042814,4
BALANCE OF NATURE WHOLE PRODUCE VEGGIES 90 CAPSULES,Hospitalisation,FALSE,TRUE,6,11.2807463952502,4
BENEFIBER W/ WHEAT DEXTRIN,Abdominal Pain Upper,FALSE,TRUE,6,7.23731810145519,4
BENEFIBER W/ WHEAT DEXTRIN,Diverticulitis,FALSE,TRUE,6,46.4227973248037,4
BENEFIBER WITH WHEAT DEXTRIN,Haematochezia,FALSE,TRUE,6,12.6453709575143,4
BENEFIBER WITH WHEAT DEXTRIN,Rectal Haemorrhage,FALSE,TRUE,6,29.9875939849624,4
CENTRUM SILVER FOR WOMEN,Choking,FALSE,TRUE,6,8.03713768115942,4
CENTRUM SILVER MEN 50 PLUS,Choking,FALSE,TRUE,6,3.21340579710145,3
CENTRUM SILVER MEN'S 50 PLUS,Choking,FALSE,TRUE,6,9.18564527260179,4
CENTRUM SILVER MEN'S 50+,Foreign Body In Throat,FALSE,TRUE,6,3.20199802614353,3
CENTRUM SILVER MEN'S 50+,Neuropathy Peripheral,FALSE,TRUE,6,6.70473619838893,4
CENTRUM SILVER WOMEN'S 50+,Body Height Decreased,FALSE,TRUE,6,26.6959595959596,4
CENTRUM SILVER WOMEN'S 50+,Oropharyngeal Pain,FALSE,TRUE,6,2.9662177328844,3
CENTRUM SILVER WOMEN'S 50+,Retching,FALSE,TRUE,6,3.01082251082251,3
CENTRUM SILVER WOMEN'S 50+,Throat Irritation,FALSE,TRUE,6,2.60872569341625,3
CITRACAL CALCIUM + D SLOW RELEASE 1200,Foreign Body,FALSE,TRUE,6,6.20212145937755,4
CITRACAL PETITES,Regurgitation,FALSE,TRUE,6,15.8063679009881,4
EMERGEN-C,Feeling Abnormal,FALSE,TRUE,6,4.46681266846361,3
EMERGEN-C,Nephrolithiasis,FALSE,TRUE,6,4.01256053268765,3
FLORASTOR,Clostridium Difficile Infection,FALSE,TRUE,6,144.767695099819,4
FLORASTOR,Fungaemia,FALSE,TRUE,6,144.767695099819,4
HYDROXYCUT HARDCORE RAPID RELEASE CAPSULES,Blood Pressure Increased,FALSE,TRUE,6,11.3934075342466,4
KRATOM,Agitation,FALSE,TRUE,6,5.78536764705882,4
KRATOM,Cardiac Hypertrophy,FALSE,TRUE,6,Inf,4
KRATOM,Delusion,FALSE,TRUE,6,13.5656896551724,4
KRATOM,Excoriation,FALSE,TRUE,6,131.135,4
KRATOM,Scar,FALSE,TRUE,6,28.1003571428571,4
KRATOM,Somnolence,FALSE,TRUE,6,2.71313793103448,3
MELATONIN,Hallucination,FALSE,TRUE,6,14.1949786324786,4
MITRAGYNINE,Death,FALSE,TRUE,6,24.406173594132,4
MODERE BURN,Abdominal Distension,FALSE,TRUE,6,5.47751650165017,4
MODERE BURN,Abdominal Pain,FALSE,TRUE,6,2.86647236614853,3
MODERE TRIM CHOCOLATE,Blood Pressure Increased,FALSE,TRUE,6,3.50210748155954,3
MODERE TRIM CHOCOLATE,Dizziness,FALSE,TRUE,6,2.74159620540318,3
MOMMY'S BLISS GRIPE WATER NIGHTTIME,Choking,FALSE,TRUE,6,10.7169887278583,4
MOMMYS BLISS GRIPE WATER NIGHTTIME,Choking,FALSE,TRUE,6,10.7169887278583,4
MOMMYS BLISS GRIPE WATER ORIGINAL,Choking,FALSE,TRUE,6,10.7169887278583,4
NATURAL ACCELERATOR,Abdominal Pain Upper,FALSE,TRUE,6,4.73990911520984,4
NATUREMADE FISH OIL,Choking,FALSE,TRUE,6,4.5916149068323,4
NATUREMADE SUPER B COMPLEX TABLET,Staphylococcal Infection,FALSE,TRUE,6,206.271317829457,4
NUTRAFOL MEN HAIR GROWTH NUTRACEUTICAL,Hepatic Enzyme Increased,FALSE,TRUE,6,22.46875,4
NUTRAFOL WOMENS BALANCE HAIR GROWTH NUTRACEUTICAL,Nephrolithiasis,FALSE,TRUE,6,4.68414548022599,4
OCUVITE ADULT,Choking,FALSE,TRUE,6,2.79395085066163,3
OCUVITE ADULT,Foreign Body,FALSE,TRUE,6,6.20212145937755,4
OCUVITE ADULT 50+,Death,FALSE,TRUE,6,2.95187819515448,3
OMEGAPLEX,Blood Pressure Increased,FALSE,TRUE,6,5.06088280060883,4
ONE A DAY MEN'S MEN'S HEALTH FORMULA,Choking,FALSE,TRUE,6,3.38265954741927,3
ONE A DAY WOMEN'S,Coeliac Disease,FALSE,TRUE,6,7.0210340256297,4
ONE A DAY WOMEN'S 50 PLUS HEALTHY ADVANTAGE,Cough,FALSE,TRUE,6,6.11862714987715,4
ONE A DAY WOMEN'S 50+ HEALTHY ADVANTAGE (MULTIVITAMINS + MINERALS) FILM-COATED TABLET,Dysphagia,FALSE,TRUE,6,12.8405307599518,4
ONE A DAY WOMEN'S 50+ HEALTHY ADVANTAGE(MULTIVITAMINS + MINERALS) FILM-COATED TABLET,Choking,FALSE,TRUE,6,9.18564527260179,4
ONE A DAY WOMEN'S PETITES,Foreign Body,FALSE,TRUE,6,8.91789544235925,4
ONE A DAY WOMENS,Choking,FALSE,TRUE,6,3.78090366581415,3
ONE A DAY WOMENS 50+ MINIGELS COMPLETE MULTIVITAMIN,Foreign Body,FALSE,TRUE,6,20.390654921486,4
ONNIT ALPHA BRAIN,Nausea,FALSE,TRUE,6,6.72121212121212,4
ONNIT ALPHA BRAIN,Vomiting,FALSE,TRUE,6,7.4565065135173,4
OPMS KRATOM,Dependence,FALSE,TRUE,6,51.1865384615385,4
PLEXUS PROBIO 5,Abdominal Pain,FALSE,TRUE,6,6.89041450777202,4
PLEXUS PROBIO 5,Abdominal Pain Upper,FALSE,TRUE,6,4.5817398794143,3
PLEXUS PROBIO 5,Dyspnoea,FALSE,TRUE,6,3.16066547831254,3
PLEXUS PROBIO5,Abdominal Pain,FALSE,TRUE,6,5.03968153671174,4
POWER V8 MALE ENHANCEMENT,Hypoglycaemia,FALSE,TRUE,6,600.451127819549,4
PRENA1 PEARL,Abortion Spontaneous,FALSE,TRUE,6,108.20325203252,4
PRESERVISION AREDS 2,Blood Zinc Increased,FALSE,TRUE,6,48.0539702233251,4
PRESERVISION AREDS 2,Dry Eye,FALSE,TRUE,6,5.82472366343334,4
PRESERVISION AREDS 2,Memory Impairment,FALSE,TRUE,6,2.70726592807465,3
PRESERVISION AREDS 2,Oesophageal Disorder,FALSE,TRUE,6,21.3573200992556,4
PRESERVISION AREDS 2 FORMULA,Cataract,FALSE,TRUE,6,12.1340961098398,4
PRESERVISION AREDS 2 FORMULA SOFT GELS,Dry Age-Related Macular Degeneration,FALSE,TRUE,6,41.8006379585327,4
PRESERVISION AREDS 2 FORMULA SOFT GELS,Epistaxis,FALSE,TRUE,6,3.16139278677978,3
"PRESERVISION AREDS 2 FORMULA SOFT GELS (CAPSULE, SOFT)",Weight Decreased,FALSE,TRUE,6,3.85999417249417,3
"PRESERVISION AREDS 2 SOFT GELS (CAPSULE, SOFT)",Eye Haemorrhage,FALSE,TRUE,6,49.3176616145995,4
PREVAGEN EXTRA STRENGTH,Convulsion,FALSE,TRUE,6,8.37377875827293,4
PREVAGEN REGULAR STRENGTH,Cerebrovascular Accident,FALSE,TRUE,6,6.90669555796316,4
ROUNDHOUSE PROVISIONS MORNING KICK,Hospitalisation,FALSE,TRUE,6,21.7663576881134,4
SIMILAC PROBIOTIC TRIBLEND,Necrotising Colitis,FALSE,TRUE,6,2047.23076923077,4
SUPER BETA PROSTATE,Urinary Hesitation,FALSE,TRUE,6,62.7071688942892,4
SUPER BETA PROSTATE P3 ADVANCED,Cardiac Disorder,FALSE,TRUE,6,4.19342021614749,3
SUPER BETA PROSTATE P3 ADVANCED,Dysuria,FALSE,TRUE,6,7.26859504132232,4
SUPER BETA PROSTATE P3 ADVANCED,Infection,FALSE,TRUE,6,8.60754675946064,4
SYNC,Nausea,FALSE,TRUE,6,5.68675213675214,4
TRUVY ALTER,Blood Pressure Increased,FALSE,TRUE,6,9.11369863013699,4
TRUVY TRUFIX,Vomiting,FALSE,TRUE,6,6.30887756311485,4
TRUVY VY BOOST,Dizziness,FALSE,TRUE,6,10.7038873994638,4
UMARY,Abdominal Pain Upper,FALSE,TRUE,6,2.86164944013781,3
VITAMIN B6,Anxiety,FALSE,TRUE,6,8.64986176614084,4
VITAMIN B6,Dizziness,FALSE,TRUE,6,3.24079941506215,3
AG1 WHOLE FOOD DIETARY SUPPLEMENT,Abdominal Pain,FALSE,TRUE,5,4.09428325016941,3
AG1 WHOLE FOOD POUCH 360G NON SPECIFIC,Colitis,FALSE,TRUE,5,18.7332297698065,4
AG1 WHOLE FOOD POUCH 360G NON SPECIFIC,Loss Of Consciousness,FALSE,TRUE,5,2.98586413361545,3
AG1 WHOLE FOOD POUCH 360G NON SPECIFIC,Pyrexia,FALSE,TRUE,5,3.73640921638218,3
AG1 WHOLE FOOD POUCH 360G NON SPECIFIC,Syncope,FALSE,TRUE,5,4.8840206185567,3
AGELESS MALE MAX,Blood Urine Present,FALSE,TRUE,5,3.74576510446076,3
AGELESS MALE MAX,Haematochezia,FALSE,TRUE,5,4.33068938503721,3
AGELESS MALE PERFORMANCE,Dyspnoea,FALSE,TRUE,5,4.15801975246906,3
ALL DAY ENERGY GREENS,Gastrooesophageal Reflux Disease,FALSE,TRUE,5,4.83523516933655,3
ALL DAY ENERGY GREENS FRUITY,Back Pain,FALSE,TRUE,5,5.43141592920354,4
ALL DAY ENERGY GREENS FRUITY,Computerised Tomogram Abnormal,FALSE,TRUE,5,17.5102364284771,4
ARBONNE ESSENTIALS CHOCOLATE PROTEIN SHAKE MIX,Dyspnoea,FALSE,TRUE,5,4.15801975246906,3
ARBONNE ESSENTIALS DAILY FIBER BOOST,Rash,FALSE,TRUE,5,4.24361430395913,3
ARBONNE ESSENTIALS DIGESTION PLUS,Rash,FALSE,TRUE,5,3.47074190177639,3
ARBONNE ESSENTIALS DIGESTION PLUS,Urticaria,FALSE,TRUE,5,3.78033859724001,3
ARBONNE ESSENTIALS HERBAL DETOX TEA,Pharyngeal Oedema,FALSE,TRUE,5,13.1262960402883,4
ARBONNE ESSENTIALS HERBAL DETOX TEA,Rash,FALSE,TRUE,5,4.65832632464256,3
ARBONNE ESSENTIALS PROTEIN SHAKE MIX - CHOCOLATE,Swelling,FALSE,TRUE,5,9.74596774193548,4
ARBONNE ESSENTIALS PROTEIN SHAKE MIX - CHOCOLATE,Throat Tightness,FALSE,TRUE,5,14.0226793248945,4
ARBONNE ESSENTIALS PROTEIN SHAKE MIX - CHOCOLATE,Urticaria,FALSE,TRUE,5,5.20089984350548,4
ARBONNE ESSENTIALS PROTEIN SHAKE MIX - VANILLA,Rash,FALSE,TRUE,5,4.89758325965222,3
ARBONNE ESSENTIALS PROTEIN SHAKE MIX CHOCOLATE,Hypersensitivity,FALSE,TRUE,5,16.961896266089,4
ARBONNE ESSENTIALS PROTEIN SHAKE MIX VANILLA,Dyspnoea,FALSE,TRUE,5,11.2911435357991,4
AZO BLADDER CONTROL,Hypertensive Crisis,FALSE,TRUE,5,291.699561403509,4
AZO CRANBERRY,Choking,FALSE,TRUE,5,4.11917659804984,3
BALANCE OF NATURE WHOLE PRODUCE FRUITS,Drug Interaction,FALSE,TRUE,5,35.7352150537634,4
BALANCE OF NATURE WHOLE PRODUCE VEGGIES,Drug Interaction,FALSE,TRUE,5,37.6188455008489,4
CALTRATE 600 + D PLUS MINERAL,Choking,FALSE,TRUE,5,2.81774859684422,3
CENTRUM ADULTS UNDER 50,Choking,FALSE,TRUE,5,4.46260898725688,3
CENTRUM SILVER,Cerebrovascular Accident,FALSE,TRUE,5,3.26643504829489,3
"CENTRUM SILVER (MULTIMINERALS, MULTIVITAMINS) TABLET",Myocardial Infarction,FALSE,TRUE,5,7.62030398623459,4
CENTRUM SILVER ADULTS 50 PLUS,Choking,FALSE,TRUE,5,5.95081600715404,4
CENTRUM SILVER MEN'S 50+,Vitamin B12 Increased,FALSE,TRUE,5,42.1374045801527,4
CENTRUM WOMEN UNDER 50,Choking,FALSE,TRUE,5,3.14948514617115,3
CITRACAL,Retching,FALSE,TRUE,5,9.38944244223023,4
CITRACAL CALCIUM + D SLOW RELEASE,Choking,FALSE,TRUE,5,6.69491951710262,4
CITRACAL CALCIUM CITRATE,Choking,FALSE,TRUE,5,8.92723004694836,4
CITRACAL MAXIMUM (CHOLECALCIFEROL + CALCIUM CITRATE) FILM-COATED TABLET,Pharyngeal Injury,FALSE,TRUE,5,41.7724701445632,4
CITRACAL MAXIMUM BAYER,Foreign Body In Throat,FALSE,TRUE,5,8.32863408521303,4
CITRACAL MAXIMUM CALCIUM CITRATE,Choking,FALSE,TRUE,5,8.92723004694836,4
CITRACAL MAXIMUM PLUS,Foreign Body,FALSE,TRUE,5,2.75996677740864,3
CITRACAL PETITES (CHOLECALCIFEROL + CALCIUM CITRATE) FILM-COATED TABLET,Retching,FALSE,TRUE,5,11.0620058260508,4
CITRACAL PETITES BAYER,Foreign Body,FALSE,TRUE,5,7.42494419642857,4
CITRACAL PETITES(CHOLECALCIFEROL +CALCIUM CITRATE) FILM-COATED TABLET,Dysphagia,FALSE,TRUE,5,20.0444277108434,4
CITRACAL REGULAR,Choking,FALSE,TRUE,5,5.35553319919517,4
DR. SINATRA OMEGA Q PLUS RESVERATROL,Blood Pressure Increased,FALSE,TRUE,5,9.48638437410892,4
EMERGEN-C,Drug Hypersensitivity,FALSE,TRUE,5,34.8148634453782,4
EMERGEN-C,Pneumonia,FALSE,TRUE,5,9.24769810267857,4
ENFAMIL D-VI-SOL,Choking,FALSE,TRUE,5,10.713078470825,4
EU NATURAL CONCEPTION FOR HER,Abortion Spontaneous,FALSE,TRUE,5,115.238095238095,4
EXTENZE,Blood Pressure Increased,FALSE,TRUE,5,6.32283052941736,4
EXTENZE PLUS,Chills,FALSE,TRUE,5,21.734477124183,4
EXTENZE PLUS,Heart Rate Increased,FALSE,TRUE,5,8.22298466864491,4
EXTENZE PLUS,Hyperhidrosis,FALSE,TRUE,5,13.5840482026144,4
FLORASTOR,Pneumonia,FALSE,TRUE,5,27.3324424342105,4
FLORASTOR,Sepsis,FALSE,TRUE,5,45.4357484620642,4
GO RUBY GO,Blood Pressure Increased,FALSE,TRUE,5,4.74105360707157,3
ISAGENIX NATURAL ACCELERATOR,Abdominal Pain,FALSE,TRUE,5,4.77774184274831,3
ISAGENIX NATURAL ACCELERATOR,Diverticulitis,FALSE,TRUE,5,20.2922771672772,4
KRATOM,Arteriosclerosis Coronary Artery,FALSE,TRUE,5,109.279166666667,4
KRATOM,Foaming At Mouth,FALSE,TRUE,5,36.4263888888889,4
KRATOM,Hepatic Congestion,FALSE,TRUE,5,Inf,4
KRATOM,Influenza Like Illness,FALSE,TRUE,5,6.07106481481482,4
KRATOM,Restless Legs Syndrome,FALSE,TRUE,5,14.9017045454545,4
LACTAID,Diarrhoea,FALSE,TRUE,5,9.13612026359143,4
LEPTIBURN,Abdominal Pain Upper,FALSE,TRUE,5,3.46763678088979,3
LIFE EXTENSION VITAMIN B3 NIACIN,Flushing,FALSE,TRUE,5,71.0870726495727,4
LIVING ESSENTIALS 5 HOUR ENERGY,Death,FALSE,TRUE,5,27.0868945868946,4
MAGNESIUM,Diarrhoea,FALSE,TRUE,5,3.17599025857747,3
MELATONIN,Insomnia,FALSE,TRUE,5,5.20182444601049,4
MNS 3,Diarrhoea,FALSE,TRUE,5,3.17599025857747,3
MODERE ACTIVATE,Abdominal Pain Upper,FALSE,TRUE,5,3.69163289101105,3
MODERE BURN,Feeling Jittery,FALSE,TRUE,5,25.973200312989,4
MODERE BURN,Hepatic Enzyme Increased,FALSE,TRUE,5,6.20908155630378,4
MODERE BURN,Palpitations,FALSE,TRUE,5,2.81541560644614,3
MODERE BURN,Pyrexia,FALSE,TRUE,5,5.03851700060717,3
MODERE TRIM,Nausea,FALSE,TRUE,5,10.265694894339,4
MODERE TRIM CHOCOLATE,Abdominal Pain Upper,FALSE,TRUE,5,2.93349221060064,3
MODERE TRIM CHOCOLATE,Constipation,FALSE,TRUE,5,7.19138807746403,4
NATUREMADE CALCIUM,Dyspnoea,FALSE,TRUE,5,15.8087885985748,4
NATUREMADE L-LYSINE,Choking,FALSE,TRUE,5,7.65162402989365,4
NATUREMADE VITAMIN C,Foreign Body,FALSE,TRUE,5,6.59945436507937,4
NATUREMADE VITAMIN C,Foreign Body In Throat,FALSE,TRUE,5,19.4510233918129,4
NOSE SLAP,Dyspnoea,FALSE,TRUE,5,8.78134072314595,4
NUTRAFOL WOMEN HAIR GROWTH NUTRACEUTICAL,Abdominal Pain,FALSE,TRUE,5,3.90788545219334,3
NUTRAFOL WOMEN HAIR GROWTH NUTRACEUTICAL,Hospitalisation,FALSE,TRUE,5,5.7538961038961,4
NUTRAFOL WOMEN'S BALANCE,Abdominal Pain,FALSE,TRUE,5,8.19503480564283,4
NUTRAFOL WOMENS BALANCE HAIR GROWTH NUTRACEUTICAL,Dehydration,FALSE,TRUE,5,2.75812957418496,3
NUTRAFOL WOMENS BALANCE HAIR GROWTH NUTRACEUTICAL,Diverticulitis,FALSE,TRUE,5,7.59243360805861,4
NUTRAFOL WOMENS BALANCE HAIR GROWTH NUTRACEUTICAL,Liver Disorder,FALSE,TRUE,5,25.124053030303,4
OMEGAPLEX,Dehydration,FALSE,TRUE,5,9.83218747689806,4
ONE A DAY ESSENTIAL,Foreign Body,FALSE,TRUE,5,6.59945436507937,4
ONE A DAY WOMEN'S 50 PLUS HEALTHY ADVANTAGE BAYER,Foreign Body,FALSE,TRUE,5,11.8825892857143,4
ONE A DAY WOMEN'S 50+ HEALTHY ADVANTAGE,Foreign Body,FALSE,TRUE,5,8.48628826530612,4
ONE A DAY WOMENS VITACRAVES GUMMIES,Choking,FALSE,TRUE,5,3.82480597872952,3
PINK PUSSYCAT,Headache,FALSE,TRUE,5,7.74879170791359,4
PLEXUS BIOCLEANSE,Abdominal Pain Upper,FALSE,TRUE,5,4.57865748709122,3
PLEXUS BIOCLEANSE,Diarrhoea,FALSE,TRUE,5,2.92169137836354,3
PLEXUS SLIM,Chromaturia,FALSE,TRUE,5,11.6756043956044,4
PLEXUS SLIM,Dehydration,FALSE,TRUE,5,4.07830492860433,3
PLEXUS SLIM,Jaundice,FALSE,TRUE,5,13.4423076923077,4
PLEXUS SLIM,Pruritus,FALSE,TRUE,5,2.96550184213464,3
PLEXUS SLIM HUNGER CONTROL,Vomiting,FALSE,TRUE,5,3.10399943998507,3
PLEXUS SLIM MICROBIOME ACTIVATING,Dyspnoea,FALSE,TRUE,5,4.15801975246906,3
PRESERVISION AREDS 2,Body Height Decreased,FALSE,TRUE,5,5.16709357240055,3
PRESERVISION AREDS 2,Diplopia,FALSE,TRUE,5,6.40719602977668,4
PRESERVISION AREDS 2,Drug Hypersensitivity,FALSE,TRUE,5,4.71117355130638,3
PRESERVISION AREDS 2,Drug Ineffective,FALSE,TRUE,5,4.10717694216454,3
PRESERVISION AREDS 2,Glaucoma,FALSE,TRUE,5,4.85393638619445,3
PRESERVISION AREDS 2,Parkinson's Disease,FALSE,TRUE,5,8.43052109181141,4
PRESERVISION AREDS 2 FORMULA,Cerebrovascular Accident,FALSE,TRUE,5,3.26643504829489,3
PRESERVISION AREDS 2 FORMULA,Condition Aggravated,FALSE,TRUE,5,5.0339864813549,3
PRESERVISION AREDS 2 FORMULA,Macular Degeneration,FALSE,TRUE,5,4.61448760790866,3
PRESERVISION AREDS 2 FORMULA CHEWABLES,Dysphagia,FALSE,TRUE,5,3.20204819277108,3
PRESERVISION AREDS 2 FORMULA SOFT GELS,Drug Ineffective,FALSE,TRUE,5,8.03858422279475,4
PRESERVISION AREDS 2 FORMULA SOFT GELS,Glaucoma,FALSE,TRUE,5,9.50014499057561,4
"PRESERVISION AREDS 2 FORMULA SOFT GELS (CAPSULE, SOFT)",Blindness,FALSE,TRUE,5,8.50507190549564,4
"PRESERVISION AREDS 2 FORMULA SOFT GELS (CAPSULE, SOFT)",Blood Glucose Increased,FALSE,TRUE,5,5.28209728867624,4
"PRESERVISION AREDS 2 FORMULA SOFT GELS (CAPSULE, SOFT)",Eye Haemorrhage,FALSE,TRUE,5,16.1870723362659,4
"PRESERVISION AREDS 2 FORMULA SOFT GELS (CAPSULE, SOFT)",Macular Degeneration,FALSE,TRUE,5,3.98253367003367,3
"PRESERVISION AREDS 2 FORMULA SOFT GELS (CAPSULE, SOFT)",Vision Blurred,FALSE,TRUE,5,3.63622639437857,3
PRESERVISION LUTEIN,Macular Degeneration,FALSE,TRUE,5,37.7168367346939,4
PREVAGEN,Cerebrovascular Accident,FALSE,TRUE,5,8.11584025403029,4
PREVAGEN EXTRA STRENGTH,Loss Of Consciousness,FALSE,TRUE,5,5.088868459358,4
SHAKEOLOGY CHOCOLATE,Vomiting,FALSE,TRUE,5,3.79434747889573,3
SHAKEOLOGY CHOCOLATE BAG 30 SERVING,Dehydration,FALSE,TRUE,5,13.9762580102952,4
SHAKEOLOGY CHOCOLATE BAG 30 SERVING,Diarrhoea,FALSE,TRUE,5,3.84519783808781,3
SUPER BETA PROSTATE,Bladder Disorder,FALSE,TRUE,5,11.1977087311231,4
SUPER BETA PROSTATE,Polyuria,FALSE,TRUE,5,12.0590709412095,4
SUPER BETA PROSTATE,Renal Impairment,FALSE,TRUE,5,2.90310967103191,3
SUPER BETA PROSTATE,Urogenital Haemorrhage,FALSE,TRUE,5,Inf,4
SUPER BETA PROSTATE P3 ADVANCED,Blood Urine,FALSE,TRUE,5,90.8574380165289,4
SUPER BETA PROSTATE P3 ADVANCED,Renal Failure,FALSE,TRUE,5,3.47225877770174,3
SUPER BETA VIRILITY BOOST,Renal Failure,FALSE,TRUE,5,5.65938528619673,4
SYNC,Diarrhoea,FALSE,TRUE,5,5.62117179909602,4
SYNC,Vomiting,FALSE,TRUE,5,5.2546990996683,4
TRIM,Nausea,FALSE,TRUE,5,7.69869273484498,4
TRUFIX,Heart Rate Increased,FALSE,TRUE,5,19.7455489614243,4
TRUVY ALTER,Abdominal Pain Upper,FALSE,TRUE,5,7.63396442914515,4
TRUVY ALTER,Vomiting,FALSE,TRUE,5,4.55373032169747,3
TRUVY TRIM,Palpitations,FALSE,TRUE,5,22.576759966073,4
UMARY,Arthralgia,FALSE,TRUE,5,12.5278092006033,4
UMARY HYALURONIC ACID,Contusion,FALSE,TRUE,5,84.1555977229602,4
VITAMIN B6,Fatigue,FALSE,TRUE,5,4.69079620418386,3
VITAMIN B6,Insomnia,FALSE,TRUE,5,8.51880325453264,4
VITAMIN B6,Tinnitus,FALSE,TRUE,5,47.9689754689755,4
VITAPEARL PRENATAL MULTIVITAMIN WITH DHA,Abortion Spontaneous,FALSE,TRUE,5,89.6228956228956,4
WOMENS BALANCE HAIR GROWTH NUTRACEUTICAL,Diarrhoea,FALSE,TRUE,5,3.65280065897858,3
WOMENS BALANCE HAIR GROWTH NUTRACEUTICAL,Emergency Care,FALSE,TRUE,5,49.2722222222222,4
ADVOCARE MNS 3,Diarrhoea,FALSE,TRUE,4,9.74057811928284,4
ADVOCARE MNS 3,Nausea,FALSE,TRUE,4,8.20875732346593,4
ADVOCARE OMEGAPLEX,Blood Pressure Increased,FALSE,TRUE,4,6.06541310541311,4
AG1 WHOLE FOOD POUCH 360G NON SPECIFIC,Blood Pressure Decreased,FALSE,TRUE,4,6.47349478435918,4
AG1 WHOLE FOOD POUCH 360G NON SPECIFIC,Hypertension,FALSE,TRUE,4,3.70854446968373,3
AG1 WHOLE FOOD POUCH 360G NON SPECIFIC,Seizure,FALSE,TRUE,4,7.29347079037801,4
AG1 WHOLE FOOD POUCH 360G NON SPECIFIC,Swelling,FALSE,TRUE,4,3.19889069753421,3
AGELESS MALE MAX,Respiratory Disorder,FALSE,TRUE,4,57.6847826086957,4
ALL DAY ENERGY GREENS,Gastric Ulcer Haemorrhage,FALSE,TRUE,4,27.0773169482847,4
ALL DAY ENERGY GREENS,Gastrointestinal Haemorrhage,FALSE,TRUE,4,6.76932923707117,4
ALL DAY ENERGY GREENS FRUITY,Eructation,FALSE,TRUE,4,14.0081891427817,4
ALL DAY ENERGY GREENS?,Abdominal Distension,FALSE,TRUE,4,9.70625798212005,4
ALL DAY ENERGY GREENS?,Gastric Disorder,FALSE,TRUE,4,32.8395061728395,4
ALPHA BRAIN,Vomiting,FALSE,TRUE,4,5.46269881990764,3
ARBONNE ESSENTIALS BODY CLEANSE,Pharyngeal Oedema,FALSE,TRUE,4,14.7931034482759,4
ARBONNE ESSENTIALS CHOCOLATE PROTEIN SHAKE MIX,Pharyngeal Oedema,FALSE,TRUE,4,22.5874363327674,4
ARBONNE ESSENTIALS DAILY FIBER BOOST,Abdominal Distension,FALSE,TRUE,4,5.81981390257252,3
ARBONNE ESSENTIALS DAILY FIBER BOOST,Migraine,FALSE,TRUE,4,15.2441577060932,4
ARBONNE ESSENTIALS DAILY FIBER BOOST,Urticaria,FALSE,TRUE,4,3.69194444444444,3
ARBONNE ESSENTIALS DIGESTION PLUS,Migraine,FALSE,TRUE,4,12.4678005865103,4
ARBONNE ESSENTIALS ENERGY FIZZ STICKS,Vomiting,FALSE,TRUE,4,9.10586625619976,4
ARBONNE ESSENTIALS ENERGY FIZZ STICKS - CITRUS,Pharyngeal Oedema,FALSE,TRUE,4,16.5018610421836,4
ARBONNE ESSENTIALS ENERGY FIZZ STICKS - CITRUS,Rash,FALSE,TRUE,4,5.87153735790752,4
ARBONNE ESSENTIALS ENERGY FIZZ STICKS - POMEGRANATE,Erythema,FALSE,TRUE,4,11.1320359907931,4
ARBONNE ESSENTIALS ENERGY FIZZ STICKS - POMEGRANATE,Pharyngeal Oedema,FALSE,TRUE,4,15.8900836320191,4
ARBONNE ESSENTIALS ENERGY FIZZ STICKS CITRUS,Hypersensitivity,FALSE,TRUE,4,18.9818181818182,4
ARBONNE ESSENTIALS ENERGY FIZZ STICKS POMEGRANATE,Hypersensitivity,FALSE,TRUE,4,18.9818181818182,4
ARBONNE ESSENTIALS GREENS BALANCE,Pharyngeal Oedema,FALSE,TRUE,4,21.4572580645161,4
ARBONNE ESSENTIALS GREENS BALANCE,Urticaria,FALSE,TRUE,4,8.3146875,4
ARBONNE ESSENTIALS HERBAL DETOX TEA,Migraine,FALSE,TRUE,4,16.733910306845,4
ARBONNE ESSENTIALS HERBAL DETOX TEA,Swelling,FALSE,TRUE,4,7.58408215661104,4
ARBONNE ESSENTIALS HERBAL DETOX TEA,Throat Irritation,FALSE,TRUE,4,8.39403267819086,4
ARBONNE ESSENTIALS HERBAL TEA,Hypersensitivity,FALSE,TRUE,4,23.7281639928699,4
ARBONNE ESSENTIALS PROTEIN SHAKE MIX,Dyspnoea,FALSE,TRUE,4,9.02755404832556,4
ARBONNE ESSENTIALS PROTEIN SHAKE MIX - CHOCOLATE,Erythema,FALSE,TRUE,4,7.51045197740113,4
ARBONNE ESSENTIALS PROTEIN SHAKE MIX - CHOCOLATE,Pharyngeal Oedema,FALSE,TRUE,4,10.720564516129,4
ARBONNE ESSENTIALS PROTEIN SHAKE MIX - VANILLA,Throat Tightness,FALSE,TRUE,4,11.4578754578755,4
ARBONNE ESSENTIALS PROTEIN SHAKE MIX - VANILLA,Urticaria,FALSE,TRUE,4,4.26089743589744,3
ARBONNE ESSENTIALS PROTEIN SHAKE MIX CHOCOLATE,Dyspnoea,FALSE,TRUE,4,9.02755404832556,4
ARTRI AJO KING,Death,FALSE,TRUE,4,4.05411585365854,3
ARTRI AJO KING,Weight Increased,FALSE,TRUE,4,23.0859375,4
ARTRI KING,Anaemia,FALSE,TRUE,4,24.1070294784581,4
AZO BLADDER CONTROL,Hypersensitivity,FALSE,TRUE,4,3.95172311348782,3
BALANCE OF NATURE WHOLE PRODUCE FRUITS,Blood Glucose Increased,FALSE,TRUE,4,13.9198952879581,4
BALANCE OF NATURE WHOLE PRODUCE VEGGIES,Blood Glucose Increased,FALSE,TRUE,4,14.6536235877652,4
BALANCE OF NATURE WHOLE PRODUCE VEGGIES 90 CAPSULES,Atrial Fibrillation,FALSE,TRUE,4,14.382265477156,4
BELLYTRIM XP,Abdominal Pain,FALSE,TRUE,4,8.5952842377261,4
BELLYTRIM XP,Dyspnoea,FALSE,TRUE,4,3.94821958456973,3
BENEFIBER,Malaise,FALSE,TRUE,4,10.6149551345962,4
BENEFIBER WITH WHEAT DEXTRIN,Gastrointestinal Disorder,FALSE,TRUE,4,10.7647773279352,4
BODYDYNAMIX SLIMVANCE THERMOGENIC,Chest Pain,FALSE,TRUE,4,8.12987012987013,4
BODYDYNAMIX SLIMVANCE THERMOGENIC,Heart Rate Increased,FALSE,TRUE,4,7.16632996632997,4
BURN,Blood Pressure Increased,FALSE,TRUE,4,3.78960113960114,3
BURN,Heart Rate Increased,FALSE,TRUE,4,6.56864197530864,4
CALCIUM CARBONATE (CALCIUM CARBONATE) UNKNOWN,Blood Calcium Increased,FALSE,TRUE,4,277.28125,4
CALTRATE,Choking,FALSE,TRUE,4,3.05861395241926,3
CALTRATE 600 + D PLUS MINERAL,Foreign Body,FALSE,TRUE,4,4.99704211465327,3
"CALTRATE 600 + VITAMIN D (CALCIUM CARBONATE, CHOLECALCIFEROL) TABLET",Choking,FALSE,TRUE,4,3.5686511128989,3
"CALTRATE 600 +VITAMIN D (CALCIUM CARBONATE, CHOLECALCIFEROL) TABLET",Choking,FALSE,TRUE,4,6.11883691529709,4
CELL-U-LOSS,Dyspnoea,FALSE,TRUE,4,5.2650840751731,3
CENTRUM,Neoplasm Malignant,FALSE,TRUE,4,12.2200230149597,4
"CENTRUM (MULTIMINERALS, MULTIVITAMINS) TABLET",Dysphagia,FALSE,TRUE,4,5.82102614593589,3
"CENTRUM (MULTIMINERALS, MULTIVITAMINS) UNKNOWN",Death,FALSE,TRUE,4,8.65430894308943,4
CENTRUM SILVER,Macular Degeneration,FALSE,TRUE,4,3.67699882116358,3
CENTRUM SILVER,Neoplasm Malignant,FALSE,TRUE,4,8.45709728867624,4
CENTRUM SILVER ADULTS 50+,Cataract,FALSE,TRUE,4,10.1941803514837,4
CENTRUM SILVER ADULTS 50+,Visual Impairment,FALSE,TRUE,4,6.55340165452525,4
CENTRUM SILVER MEN'S 50+,Vitamin B6 Increased,FALSE,TRUE,4,10.7871755725191,4
"CENTRUM SILVER MEN'S 50+ (MULTIMINERALS, MULTIVITAMINS) TABLET",Weight Decreased,FALSE,TRUE,4,8.68463171647885,4
CENTRUM SILVER WOMEN'S 50+,Neoplasm Malignant,FALSE,TRUE,4,4.85381083562902,3
CITRACAL CALCIUM + D,Choking,FALSE,TRUE,4,3.89322021502231,3
CITRACAL CALCIUM + D3 GUMMIES,Foreign Body,FALSE,TRUE,4,8.63384964723056,4
"CITRACAL CALCIUM+ D SLOW RELEASE 1200 (CALCIUM CARBONATE, CALCIUM CITRATE, VITAMIN D, MAGNESIUM HYDROXIDE) FILM-COATED TABLET",Choking,FALSE,TRUE,4,10.7091713596138,4
CITRACAL MAXIMUM (CHOLECALCIFEROL +CALCIUM CITRATE) FILM-COATED TABLET,Foreign Body,FALSE,TRUE,4,4.99704211465327,3
CITRACAL PETITES (CHOLECALCIFEROL + CALCIUM CITRATE) FILM-COATED TABLET,Throat Irritation,FALSE,TRUE,4,7.64674577490111,4
CITRACAL PETITES FILM-COATED TABLET,Choking,FALSE,TRUE,4,8.56701528559936,4
CITRACAL PLUS MAGNESIUM,Choking,FALSE,TRUE,4,4.2827031375704,3
CITRACAL PLUS MAGNESIUM,Foreign Body,FALSE,TRUE,4,9.49759143621766,4
"CITRACAL, MAXIMUM, BAYER",Foreign Body In Throat,FALSE,TRUE,4,19.9572553430821,4
"CITRACAL, PETITES, BAYER",Choking,FALSE,TRUE,4,8.56701528559936,4
CITRICAL PETITES,Choking,FALSE,TRUE,4,7.13891123625637,4
DESIGNS FOR HEALTH GI MICROB-X,Hepatic Enzyme Increased,FALSE,TRUE,4,51.0450623202301,4
DS 01 DAILY PROBIOTIC PLUS PREBIOTIC SUPPLEMENT,Hospitalisation,FALSE,TRUE,4,33.7401774397972,4
DS 01 DAILY SYNBIOTIC SUPPLEMENT,Hospitalisation,FALSE,TRUE,4,28.9190657251494,4
EU NATURAL CONCEPTION FOR HER FERTILITY AID AND MULTI,Ectopic Pregnancy,FALSE,TRUE,4,760.2,4
EXTENZE PLUS,Abdominal Pain Upper,FALSE,TRUE,4,3.81241043278876,3
EXTENZE PLUS MALE ENHANCEMENT,Vomiting,FALSE,TRUE,4,10.9274499743458,4
FERROUS SULFATE,Vomiting,FALSE,TRUE,4,4.20160239965268,3
FLINTSTONES COMPLETE CHEWABLE,Illness,FALSE,TRUE,4,67.9386973180077,4
FLINTSTONES COMPLETE GUMMIES,Choking,FALSE,TRUE,4,6.11883691529709,4
FLINTSTONES WITH IRON,Anaphylactic Reaction,FALSE,TRUE,4,29.5864369093941,4
FLORASTOR (SACCHAROMYCES BOULARDII LYOPHILISED),Death,FALSE,TRUE,4,7.21111111111111,4
FLORASTOR DAILY PROBIOTIC SUPPLEMENT,Fungal Infection,FALSE,TRUE,4,286.182795698925,4
FLORASTOR SACCHAROMYCES BOULARDII,Fungaemia,FALSE,TRUE,4,490.691244239631,4
GLUTADOSE,Dyspnoea,FALSE,TRUE,4,12.6395252225519,4
GNC NIACIN,Burning Sensation,FALSE,TRUE,4,60.7785388127854,4
HERBALIFE TOTAL CONTROL,Abdominal Pain,FALSE,TRUE,4,12.5045806906272,4
HERBALIFE TOTAL CONTROL,Vomiting,FALSE,TRUE,4,4.96590326041327,3
ISAFLUSH,Abdominal Pain Upper,FALSE,TRUE,4,7.04120642899663,4
ISAFLUSH,Nausea,FALSE,TRUE,4,3.78766099765175,3
ISAGENIX ISAFLUSH,Diverticulitis,FALSE,TRUE,4,21.5341024084194,4
ISAGENIX NATURAL ACCELERATOR,Pain,FALSE,TRUE,4,3.25750336885949,3
ISAGENIX NATURAL ACCELERATOR,Palpitations,FALSE,TRUE,4,4.50389566395664,3
KRATOM,Atelectasis,FALSE,TRUE,4,87.4233333333333,4
KRATOM,Hepatic Failure,FALSE,TRUE,4,4.03492307692308,3
KRATOM,Lung Disorder,FALSE,TRUE,4,20.1746153846154,4
KRATOM,Mood Swings,FALSE,TRUE,4,5.70152173913044,3
KRATOM,Opiates Positive,FALSE,TRUE,4,Inf,4
KRATOM,Rhinorrhoea,FALSE,TRUE,4,6.0993023255814,3
KRATOM 7OH,Dependence,FALSE,TRUE,4,84.7866242038217,4
LIFE EXTENSION VITAMIN B3 NIACIN,Anaphylactic Reaction,FALSE,TRUE,4,34.5201037613489,4
MAGNESIUM OXIDE,Death,FALSE,TRUE,4,16.2310975609756,4
MELATONIN,Confusional State,FALSE,TRUE,4,9.07083119986346,4
MELATONIN,Depression,FALSE,TRUE,4,9.15521102497847,4
MELATONIN,Mental Status Changes,FALSE,TRUE,4,67.874840357599,4
MITRAGYNA SPECIOSA,Death,FALSE,TRUE,4,25.9726829268293,4
MNS 3,Nephrolithiasis,FALSE,TRUE,4,12.9965803615046,4
MODERE ACTIVATE,Abdominal Pain,FALSE,TRUE,4,4.43377511044428,3
MODERE BURN,Chest Discomfort,FALSE,TRUE,4,5.5253849354973,3
MODERE BURN,Nephrolithiasis,FALSE,TRUE,4,4.14403870162297,3
MODERE MINERAL SUPPLEMENT,Dizziness,FALSE,TRUE,4,11.8790718429273,4
MODERE SUSTAIN,Dehydration,FALSE,TRUE,4,16.3125957707631,4
MODERE SUSTAIN,Vomiting,FALSE,TRUE,4,4.20160239965268,3
MODERE TRIM,Vomiting,FALSE,TRUE,4,9.10586625619976,4
MODERE TRIM CHOCOLATE,Abdominal Pain,FALSE,TRUE,4,3.52322268601338,3
MODERE TRIM CHOCOLATE,Fatigue,FALSE,TRUE,4,3.17090041741205,3
MODERE TRIM CHOCOLATE,Palpitations,FALSE,TRUE,4,4.15697310819262,3
NATURAL ACCELERATOR,Cholelithiasis,FALSE,TRUE,4,61.1448275862069,4
NATURAL ACCELERATOR,Diverticulitis,FALSE,TRUE,4,20.0474844544941,4
NATURE MADE CALCIUM 600 MG WITH VITAMIN D3,Dyspnoea,FALSE,TRUE,4,7.02090339597758,4
NATURE MADE CALCIUM 600 MG WITH VITAMIN D3,Foreign Body,FALSE,TRUE,4,10.5532758449797,4
NATURE MADE CHOLESTOFF PLUS,Choking,FALSE,TRUE,4,3.89322021502231,3
NATURE MADE SUPER B-COMPLEX WITH VITAMIN C & FOLIC ACID TABLET,Abdominal Pain Upper,FALSE,TRUE,4,7.62826024648897,4
NATUREMADE CALCIUM,Foreign Body,FALSE,TRUE,4,18.9987511150758,4
NATUREMADE FISH OIL,Dyspnoea,FALSE,TRUE,4,4.5125900805426,3
NATUREMADE FISH OIL,Foreign Body,FALSE,TRUE,4,6.78297438511533,4
NATUREMADE FULL STRENGTH MINI OMEGA 3,Choking,FALSE,TRUE,4,6.11883691529709,4
NATUREMADE IRON,Nausea,FALSE,TRUE,4,5.47188816939048,3
NATUREMADE L-LYSINE,Dyspnoea,FALSE,TRUE,4,9.02755404832556,4
NATUREMADE MAGNESIUM,Choking,FALSE,TRUE,4,3.29401571879448,3
NATUREMADE MULTI FOR HER 50+,Choking,FALSE,TRUE,4,6.11883691529709,4
NATUREMADE SUPER B COMPLEX TABLET,Blood Pressure Increased,FALSE,TRUE,4,5.05394112060779,3
NATUREMADE SUPER B COMPLEX TABLET,Diarrhoea,FALSE,TRUE,4,3.24539577997317,3
NATUREMADE SUPER B COMPLEX TABLET,Pain,FALSE,TRUE,4,6.51941688104863,4
NATUREMADE SUPER B COMPLEX TABLET,Pyrexia,FALSE,TRUE,4,16.1120193763246,4
NIACIN,Erythema,FALSE,TRUE,4,33.4187068424357,4
NOSE SLAP,Vomiting,FALSE,TRUE,4,6.069893392623,4
NOW ASHWAGANDHA,Diarrhoea,FALSE,TRUE,4,7.30488474204171,4
NUGENIX FREE TESTOSTERONE BOOSTER,Cerebrovascular Accident,FALSE,TRUE,4,14.1955448846205,4
NUGENIX FREE TESTOSTERONE BOOSTER,Dizziness,FALSE,TRUE,4,3.39210811499968,3
NUTRAFOL MEN HAIR GROWTH NUTRACEUTICAL,Hospitalisation,FALSE,TRUE,4,8.42934093789607,4
NUTRAFOL WOMEN HAIR GROWTH NUTRACEUTICAL,Emergency Care,FALSE,TRUE,4,17.769385026738,4
NUTRAFOL WOMEN'S BALANCE,Rash,FALSE,TRUE,4,7.27088884334222,4
NUTRAFOL WOMENS BALANCE HAIR GROWTH NUTRACEUTICAL,Liver Injury,FALSE,TRUE,4,9.06113387978142,4
OCUVITE ADULT 50 PLUS,Foreign Body In Throat,FALSE,TRUE,4,15.519976669583,4
OMEGAPLEX,Palpitations,FALSE,TRUE,4,6.00722673893406,4
ONE A DAY MEN'S 50+ MINIGELS COMPLETE MULTIVITAMIN,Foreign Body,FALSE,TRUE,4,18.9987511150758,4
ONE A DAY MENS 50 PLUS HEATHLY ADVANTAGE,Retching,FALSE,TRUE,4,12.4043843283582,4
ONE A DAY WOMEN'S (MULTIVITAMINS +MINERALS) FILM-COATED TABLET,Choking,FALSE,TRUE,4,10.7091713596138,4
ONE A DAY WOMEN'S 50+ ADVANTAGE,Foreign Body,FALSE,TRUE,4,3.38970307123742,3
ONE A DAY WOMEN'S PRENATAL 1,Abortion Spontaneous,FALSE,TRUE,4,64.1373493975904,4
"ONE A DAY WOMEN'S, 50 PLUS HEALTHY ADVANTAGE, BAYER",Choking,FALSE,TRUE,4,7.13891123625637,4
ONE-A-DAY PROACTIVE 65+ (MULTIVITAMINS + MINERALS) FILM-COATED TABLET,Choking,FALSE,TRUE,4,7.13891123625637,4
OSTEO BI-FLEX TRIPLE STRENGTH,Dyspnoea,FALSE,TRUE,4,5.74394388993796,3
PATRIOT HEALTH ALLIANCE ULTIMATE MALE,Blood Pressure Increased,FALSE,TRUE,4,15.168660968661,4
PATRIOT POWER GREENS,Blood Glucose Increased,FALSE,TRUE,4,8.17955035417308,4
PHILLIPS' COLON HEALTH,Constipation,FALSE,TRUE,4,12.4486549707602,4
PHILLIPS' LAXATIVE DIETARY SUPPLEMENT (MAGNESIUM OXIDE) COATED TABLET,Drug Dependence,FALSE,TRUE,4,128.589371980676,4
PLEXUS ACCELERATOR +,Heart Rate Increased,FALSE,TRUE,4,31.552,4
PLEXUS BIO CLEANSE,Pruritus,FALSE,TRUE,4,3.42441223832528,3
PLEXUS BIO CLEANSE,Urticaria,FALSE,TRUE,4,3.69194444444444,3
PLEXUS BLOCK,Vomiting,FALSE,TRUE,4,4.20160239965268,3
PLEXUS BOOST,Dyspnoea,FALSE,TRUE,4,4.85989500114129,3
PLEXUS PROBIO 5,Abdominal Distension,FALSE,TRUE,4,8.73464696223317,4
PLEXUS PROBIO5,Heart Rate Increased,FALSE,TRUE,4,3.84260162601626,3
PLEXUS SLIM 2.0,Blood Pressure Increased,FALSE,TRUE,4,4.13442113442113,3
PLEXUS SLIM HUNGER CONTROL,Abdominal Pain Upper,FALSE,TRUE,4,4.15930587039787,3
PRESERVISION AREDS,Age-Related Macular Degeneration,FALSE,TRUE,4,20.2399086062452,4
PRESERVISION AREDS,Blindness,FALSE,TRUE,4,17.1784098254687,4
PRESERVISION AREDS,Macular Degeneration,FALSE,TRUE,4,8.07996351474612,4
PRESERVISION AREDS,Visual Impairment,FALSE,TRUE,4,11.2320371935757,4
PRESERVISION AREDS 2,Odynophagia,FALSE,TRUE,4,6.74441687344913,3
PRESERVISION AREDS 2,Oesophageal Stenosis,FALSE,TRUE,4,11.6494473268667,4
PRESERVISION AREDS 2,Visual Acuity Reduced,FALSE,TRUE,4,3.37220843672457,3
PRESERVISION AREDS 2 FORMULA,Age-Related Macular Degeneration,FALSE,TRUE,4,9.21070001737016,4
PRESERVISION AREDS 2 FORMULA SOFT GELS,Blood Pressure Systolic Increased,FALSE,TRUE,4,10.4501594896332,4
PRESERVISION AREDS 2 FORMULA SOFT GELS,Eye Disorder,FALSE,TRUE,4,7.16582365003418,4
PRESERVISION AREDS 2 FORMULA SOFT GELS,Eye Haemorrhage,FALSE,TRUE,4,3.98101313890788,3
PRESERVISION AREDS 2 FORMULA SOFT GELS,Illness,FALSE,TRUE,4,4.64451532872586,3
PRESERVISION AREDS 2 MULTIVITAMIN SOFT GELS,Macular Degeneration,FALSE,TRUE,4,13.564197373454,4
"PRESERVISION AREDS 2 SOFT GELS (CAPSULE, SOFT)",Blindness,FALSE,TRUE,4,16.8536546694149,4
"PRESERVISION AREDS 2 SOFT GELS (CAPSULE, SOFT)",Cataract,FALSE,TRUE,4,17.1417513304306,4
PREVAGEN,Hallucination,FALSE,TRUE,4,11.0066252587992,4
PREVAGEN EXTRA STRENGTH,Tremor,FALSE,TRUE,4,4.34629697787593,3
PREVAGEN REGULAR STRENGTH,Confusional State,FALSE,TRUE,4,7.53264799716413,4
PREVAGEN REGULAR STRENGTH,Loss Of Consciousness,FALSE,TRUE,4,3.56118652589241,3
PREVAGEN REGULAR STRENGTH,Memory Impairment,FALSE,TRUE,4,22.3915700737619,4
PREVAGEN REGULAR STRENGTH,Syncope,FALSE,TRUE,4,5.81702710101287,3
PROTANDIM US,Dyspnoea,FALSE,TRUE,4,6.31857566765579,4
RECONNECT,Dizziness,FALSE,TRUE,4,5.93819723337796,4
RHINO,Dizziness,FALSE,TRUE,4,5.93819723337796,4
RITUAL ESSENTIAL FOR WOMEN MULTIVITAMIN 50 PLUS,Hypersensitivity,FALSE,TRUE,4,18.9818181818182,4
RITUAL HYACERA,Hypersensitivity,FALSE,TRUE,4,18.9818181818182,4
RITUAL STRESS RELIEF,Gastrointestinal Disorder,FALSE,TRUE,4,51.1903846153846,4
SHAKEOLOGY CHOCOLATE,Diarrhoea,FALSE,TRUE,4,3.24539577997317,3
SHAKEOLOGY CHOCOLATE,Urticaria,FALSE,TRUE,4,9.23923611111111,4
SKINNY PILL,Vomiting,FALSE,TRUE,4,6.82888660851719,4
SLIMVANCE THERMOGENIC,Throat Tightness,FALSE,TRUE,4,31.9483793517407,4
SUPER BETA PROSTATE,Urine Output Decreased,FALSE,TRUE,4,7.37731398756343,4
SUPER BETA PROSTATE P3 ADVANCED,Drug Interaction,FALSE,TRUE,4,4.6395287497802,3
SUPER BETA PROSTATE P3 ADVANCED,Gastrointestinal Haemorrhage,FALSE,TRUE,4,5.19185360094451,3
SUPER BETA PROSTATE P3 ADVANCED,Haematuria,FALSE,TRUE,4,11.4767290126142,4
SUPER BETA PROSTATE P3 ADVANCED,Pollakiuria,FALSE,TRUE,4,5.66384029193947,3
SUPER BETA PROSTATE P3 ADVANCED,Respiratory Disorder,FALSE,TRUE,4,21.8057851239669,4
SUPER BETA VIRILITY BOOST,Haematuria,FALSE,TRUE,4,18.7057576827976,4
SUPER BETA VIRILITY BOOST,Rectal Haemorrhage,FALSE,TRUE,4,5.00576614046696,3
SUPER BETA VIRILITY BOOST,Thrombosis,FALSE,TRUE,4,7.25325297904397,4
SUSTAIN,Heart Rate Increased,FALSE,TRUE,4,9.85592592592593,4
SWANSON PREMIUM NIACIN,Flushing,FALSE,TRUE,4,96.8880800727934,4
TRUCONTROL,Heart Rate Increased,FALSE,TRUE,4,14.3385858585859,4
TRUFIX,Vomiting,FALSE,TRUE,4,5.46269881990764,3
TRUVISION HEALTH TRUCONTROL,Adverse Event,FALSE,TRUE,4,125.867612293144,4
TRUVY ALTER,Hyperhidrosis,FALSE,TRUE,4,17.3509372453138,4
TRUVY ALTER,Nausea,FALSE,TRUE,4,3.28239284613013,3
TRUVY TRU,Asthenia,FALSE,TRUE,4,7.96914782087764,4
TRUVY TRU,Blood Pressure Increased,FALSE,TRUE,4,4.13442113442113,3
TRUVY TRU,Headache,FALSE,TRUE,4,3.65905652592491,3
TRUVY TRUFIX,Dizziness,FALSE,TRUE,4,5.48120687879724,3
TRUVY TRUFIX,Nausea,FALSE,TRUE,4,3.78766099765175,3
TRUVY TRUFIX,Palpitations,FALSE,TRUE,4,12.4831144465291,4
TRUVY VY BOOST,Nausea,FALSE,TRUE,4,4.92451433857539,3
TRUVY VY BOOST,Vomiting,FALSE,TRUE,4,5.46269881990764,3
UMARY,Contusion,FALSE,TRUE,4,23.5629432624114,4
UMARY,Haemorrhage,FALSE,TRUE,4,7.12191854233655,4
UMARY HYALURONIC ACID,Diarrhoea,FALSE,TRUE,4,3.43643055465875,3
UMARY HYALURONIC ACID,Hepatic Enzyme Increased,FALSE,TRUE,4,21.010659297276,4
UQORA DEFEND PART 2,Hospitalisation,FALSE,TRUE,4,22.4909167722856,4
WOMENS BALANCE HAIR GROWTH NUTRACEUTICAL,Dehydration,FALSE,TRUE,4,10.6003984063745,4
YOUTHEORY TURMERIC,Jaundice,FALSE,TRUE,4,115.995642701525,4
5-HTP,Confusional State,FALSE,TRUE,3,33.2977481234362,4
5-HTP,Insomnia,FALSE,TRUE,3,15.2819138755981,4
ACCELERATE WITH THERMOLIT,Dehydration,FALSE,TRUE,3,14.431230797036,4
ADVOCARE MNS 3,Dehydration,FALSE,TRUE,3,26.4622266401591,4
ADVOCARE OMEGAPLEX,Abdominal Pain,FALSE,TRUE,3,6.86761290322581,3
AG1 WHOLE FOOD,Pruritus,FALSE,TRUE,3,11.5558610709117,4
AG1 WHOLE FOOD DIETARY SUPPLEMENT,Atrial Fibrillation,FALSE,TRUE,3,6.90519480519481,3
AG1 WHOLE FOOD DIETARY SUPPLEMENT,Feeling Abnormal,FALSE,TRUE,3,5.91566533155318,3
AG1 WHOLE FOOD DIETARY SUPPLEMENT,Hepatic Enzyme Increased,FALSE,TRUE,3,6.35093167701863,3
AG1 WHOLE FOOD DIETARY SUPPLEMENT,Tremor,FALSE,TRUE,3,4.41611295681063,3
AG1 WHOLE FOOD NON SPECIFIC,Vomiting,FALSE,TRUE,3,5.85054945054945,3
AG1 WHOLE FOOD POUCH 360G NON SPECIFIC,Cystitis,FALSE,TRUE,3,17.8372926938593,4
AG1 WHOLE FOOD POUCH 360G NON SPECIFIC,Diverticulitis,FALSE,TRUE,3,4.45932317346481,3
AG1 WHOLE FOOD POUCH 360G NON SPECIFIC,Pancreatitis,FALSE,TRUE,3,7.96616955259734,4
AG1 WHOLE FOOD POUCH 360G NON SPECIFIC,Pharyngeal Swelling,FALSE,TRUE,3,12.2464994614556,4
AGELESS MALE PERFORMANCE,Hypertension,FALSE,TRUE,3,14.1934566145092,4
AGELESS MALE TONIGHT,Palpitations,FALSE,TRUE,3,6.75012683916794,3
AGELOC YOUTH (US),Blood Pressure Increased,FALSE,TRUE,3,4.87001341954374,3
ALIGN,Lactobacillus Infection,FALSE,TRUE,3,3802.85714285714,4
ALL DAY ENERGY GREENS,Blood Potassium Decreased,FALSE,TRUE,3,4.53689087165408,3
ALL DAY ENERGY GREENS,Blood Potassium Increased,FALSE,TRUE,3,8.88474462365591,4
ALL DAY ENERGY GREENS,Colitis,FALSE,TRUE,3,5.68623655913978,3
ALL DAY ENERGY GREENS,Gastritis,FALSE,TRUE,3,4.90192806822395,3
ALL DAY ENERGY GREENS,Influenza,FALSE,TRUE,3,15.2309907834101,4
ALL DAY ENERGY GREENS,Renal Disorder,FALSE,TRUE,3,4.58567464446757,3
ALL DAY ENERGY GREENS FRUITY,Cardiac Disorder,FALSE,TRUE,3,4.42711638003006,3
ALL DAY ENERGY GREENS FRUITY,Diarrhoea Haemorrhagic,FALSE,TRUE,3,20.1117572692794,4
ALL DAY ENERGY GREENS?,Intestinal Obstruction,FALSE,TRUE,3,26.1553588987217,4
ALPHA CRS+,Abdominal Pain,FALSE,TRUE,3,17.1748387096774,4
ARBONNE CLEANTOX HERBAL DETOX TEA,Abdominal Pain Upper,FALSE,TRUE,3,5.71628006872852,3
ARBONNE ENERGYFIZZ GINSENG FIZZ STICKS POMEGRANATE FLAVOR,Headache,FALSE,TRUE,3,7.54506802721089,4
ARBONNE ESSENTIALS BODY CLEANSE,Rash,FALSE,TRUE,3,3.94200177848039,3
ARBONNE ESSENTIALS DAILY FIBER BOOST,Pyrexia,FALSE,TRUE,3,4.81557971014493,3
ARBONNE ESSENTIALS DAILY FIBER BOOST,Throat Irritation,FALSE,TRUE,3,5.71655913978495,3
ARBONNE ESSENTIALS DIGESTION PLUS,Swelling,FALSE,TRUE,3,4.22560296846011,3
ARBONNE ESSENTIALS ENERGY FIZZ STICKS - CITRUS,Swelling,FALSE,TRUE,3,8.94853106077596,4
ARBONNE ESSENTIALS ENERGY FIZZ STICKS - CITRUS,Urticaria,FALSE,TRUE,3,4.78837153486139,3
ARBONNE ESSENTIALS ENERGY FIZZ STICKS - POMEGRANATE,Rash,FALSE,TRUE,3,4.23432028016555,3
ARBONNE ESSENTIALS ENERGY FIZZ STICKS - POMEGRANATE,Swelling,FALSE,TRUE,3,8.61678004535147,4
ARBONNE ESSENTIALS ENERGY FIZZ STICKS - POMEGRANATE,Urticaria,FALSE,TRUE,3,4.61085110071069,3
ARBONNE ESSENTIALS ENERGY FIZZ STICKS CITRUS,Dyspnoea,FALSE,TRUE,3,9.47402135231317,4
ARBONNE ESSENTIALS ENERGY FIZZ STICKS POMEGRANATE,Pharyngeal Oedema,FALSE,TRUE,3,64.1493975903615,4
ARBONNE ESSENTIALS GREENS BALANCE,Pruritus,FALSE,TRUE,3,5.77575976845152,3
ARBONNE ESSENTIALS HERBAL DETOX TEA,Abdominal Distension,FALSE,TRUE,3,4.77964882842932,3
ARBONNE ESSENTIALS HERBAL DETOX TEA,Erythema,FALSE,TRUE,3,5.47976640329784,3
ARBONNE ESSENTIALS HERBAL DETOX TEA,Pyrexia,FALSE,TRUE,3,5.28618769883351,3
ARBONNE ESSENTIALS HERBAL TEA,Dyspnoea,FALSE,TRUE,3,11.8429715302491,4
ARBONNE ESSENTIALS PROTEIN SHAKE MIX - CHOCOLATE,Swelling Face,FALSE,TRUE,3,9.40577830188679,4
ARBONNE ESSENTIALS PROTEIN SHAKE MIX - VANILLA,Erythema,FALSE,TRUE,3,5.76121343445287,3
ARBONNE ESSENTIALS PROTEIN SHAKE MIX - VANILLA,Swelling,FALSE,TRUE,3,5.9627719219556,3
ARBONNE GUTHEALTH DIGESTION & MICROBIOME SUPPORT,Vomiting,FALSE,TRUE,3,5.11903846153846,3
ARGI-VIVE III,Blood Pressure Increased,FALSE,TRUE,3,13.6406490179334,4
ARTRI AJO KING,Abdominal Distension,FALSE,TRUE,3,6.12599815724816,3
ARTRI AJO KING,Adrenal Insufficiency,FALSE,TRUE,3,311.66015625,4
ARTRI AJO KING,Cushing's Syndrome,FALSE,TRUE,3,207.7734375,4
ARTRI AJO KING,Cushingoid,FALSE,TRUE,3,191.790865384615,4
ARTRI AJO KING,Myocardial Infarction,FALSE,TRUE,3,7.81592868338558,4
ARTRI KING,Blood Glucose Increased,FALSE,TRUE,3,8.47512755102041,4
ARTRI KING,Cushing's Syndrome,FALSE,TRUE,3,135.602040816327,4
ARTRI KING,Gait Disturbance,FALSE,TRUE,3,7.78576310907138,4
ARTRI KING,Gastrointestinal Haemorrhage,FALSE,TRUE,3,19.1438175270108,4
ARTRI KING,Oedema,FALSE,TRUE,3,60.2675736961451,4
ARTRI KING,Swelling,FALSE,TRUE,3,4.74409472243708,3
BALANCE OF NATURE WHOLE PRODUCE FRUITS,Myocardial Infarction,FALSE,TRUE,3,6.25086206896552,3
BALANCE OF NATURE WHOLE PRODUCE FRUITS 90 CAPSULES,Abdominal Pain,FALSE,TRUE,3,4.47753155680224,3
BALANCE OF NATURE WHOLE PRODUCE FRUITS 90 CAPSULES,Atrial Fibrillation,FALSE,TRUE,3,12.6184980237154,4
BAUSCH + LOMB PRESERVISION AREDS 2,Dysphagia,FALSE,TRUE,3,7.99729567307692,4
BEACHBODY SHAKEOLOGY CHOCOLATE,Abdominal Pain,FALSE,TRUE,3,10.3033548387097,4
BEACHBODY SHAKEOLOGY CHOCOLATE,Vomiting,FALSE,TRUE,3,4.09492307692308,3
BELLY TRIM XP,Abdominal Pain Upper,FALSE,TRUE,3,5.27636796193497,3
BELLY TRIM XP,Muscle Spasms,FALSE,TRUE,3,17.9581646423752,4
BELLYTRIM XP,Abdominal Pain Upper,FALSE,TRUE,3,4.28656572164948,3
BENEFIBER,Diarrhoea,FALSE,TRUE,3,4.38019747668678,3
BENEFIBER PREBIOTIC FIBER SUPPLEMENT,Oropharyngeal Pain,FALSE,TRUE,3,36.5645604395604,4
BENEFIBER WITH WHEAT DEXTRIN,Decreased Appetite,FALSE,TRUE,3,6.68513241702984,3
BENEFIBER WITH WHEAT DEXTRIN,Diverticulitis,FALSE,TRUE,3,11.408323798627,4
BENEFIBER WITH WHEAT DEXTRIN,Flatulence,FALSE,TRUE,3,8.464240237691,4
BEYOND RAW LIT,Paraesthesia,FALSE,TRUE,3,22.5431959345003,4
BIO CLEANSE,Abdominal Pain Upper,FALSE,TRUE,3,6.86005154639175,3
BLINK NUTRITEARS,Vision Blurred,FALSE,TRUE,3,26.1111837802485,4
BLOOD PRESSURE FACTORS,Blood Pressure Increased,FALSE,TRUE,3,17.0514517506405,4
BODYDYNAMIX SLIMVANCE THERMOGENIC,Feeling Abnormal,FALSE,TRUE,3,11.3020390824129,4
BP COMPLETE 120,Blood Pressure Increased,FALSE,TRUE,3,13.6406490179334,4
BULLETPROOF BRAIN OCTANE OIL,Dizziness,FALSE,TRUE,3,8.90334448160535,4
BURN,Asthenia,FALSE,TRUE,3,5.46936677631579,3
BURN,Colitis,FALSE,TRUE,3,44.3383333333333,4
BURN,Haematemesis,FALSE,TRUE,3,35.376329787234,4
CALCIUM CARBONATE (CALCIUM CARBONATE) UNKNOWN,Blood Creatinine Increased,FALSE,TRUE,3,212.385638297872,4
CALCIUM CARBONATE (CALCIUM CARBONATE) UNKNOWN,Hypercalcaemia,FALSE,TRUE,3,475.339285714286,4
CALCIUM CARBONATE (CALCIUM CARBONATE) UNKNOWN,Milk-Alkali Syndrome,FALSE,TRUE,3,1996.425,4
CALCIUM CARBONATE (CALCIUM CARBONATE) UNKNOWN,Renal Failure Acute,FALSE,TRUE,3,212.385638297872,4
CALTRATE 600 + VITAMIN D,Throat Irritation,FALSE,TRUE,3,5.98289572393098,3
"CALTRATE 600 + VITAMIN D (CALCIUM CARBONATE, CHOLECALCIFEROL) TABLET",Constipation,FALSE,TRUE,3,13.9784663865546,4
CALTRATE 600 PLUS CHEWABLE,Malaise,FALSE,TRUE,3,8.83731739707835,4
CATALYST,Pyrexia,FALSE,TRUE,3,36.1698369565217,4
CATALYST - NONSPECIFIC,Blood Pressure Increased,FALSE,TRUE,3,17.0514517506405,4
CBD,Dyspnoea,FALSE,TRUE,3,6.76664972038638,3
CENTRUM ADULTS,Abdominal Pain Upper,FALSE,TRUE,3,4.89930044182622,3
CENTRUM ADULTS UNDER 50,Death,FALSE,TRUE,3,8.10444579780755,4
CENTRUM MULTIGUMMIES ADULT,Choking,FALSE,TRUE,3,8.02864897466828,4
CENTRUM MULTIGUMMIES ADULTS 50+,Foreign Body,FALSE,TRUE,3,5.93025846702317,3
CENTRUM MULTIGUMMIES ADULTS 50+,Malaise,FALSE,TRUE,3,6.62724103585657,3
CENTRUM SILVER,Blindness,FALSE,TRUE,3,5.81425438596491,3
"CENTRUM SILVER (MULTIMINERALS, MULTIVITAMINS) CHEWABLE TABLET",Dysphagia,FALSE,TRUE,3,7.99729567307692,4
"CENTRUM SILVER ADULTS 50+ (MULTIMINERALS, MULTIVITAMINS) TABLET",Condition Aggravated,FALSE,TRUE,3,15.5706203667577,4
CENTRUM SILVER FOR MEN,Foreign Body,FALSE,TRUE,3,7.90790255496138,4
CENTRUM SILVER MEN'S 50+,Pneumonia,FALSE,TRUE,3,4.66752789195537,3
CENTRUM SILVER MEN'S 50+,Prostate Cancer,FALSE,TRUE,3,11.4486533198905,4
"CENTRUM SILVER MEN'S 50+ (MULTIMINERALS, MULTIVITAMINS) TABLET",Nephrolithiasis,FALSE,TRUE,3,5.72893772893773,3
CENTRUM SILVER WOMEN 50+,Coeliac Disease,FALSE,TRUE,3,6.38070821983656,3
CENTRUM SILVER WOMEN 50+,Discomfort,FALSE,TRUE,3,7.69581602087158,4
CENTRUM SILVER WOMEN'S 50+,Dysphonia,FALSE,TRUE,3,5.13383838383838,3
CENTRUM SILVER WOMEN'S 50+,Glaucoma,FALSE,TRUE,3,11.4411255411255,4
CENTRUM SILVER WOMEN'S 50+,Vitamin D Increased,FALSE,TRUE,3,25.0274621212121,4
CHEAT,Dehydration,FALSE,TRUE,3,14.431230797036,4
CITRACAL,Throat Irritation,FALSE,TRUE,3,4.85222154595253,3
CITRACAL (CHOLECALCIFEROL + CALCIUM CITRATE) COATED TABLET,Dysphagia,FALSE,TRUE,3,9.59747596153846,4
CITRACAL (CHOLECALCIFEROL+ CALCIUM CITRATE) COATED TABLET,Choking,FALSE,TRUE,3,6.4226779252111,3
"CITRACAL CALCIUM + D SLOW RELEASE 1200 (CALCIUM CARBONATE, CALCIUM CITRATE, VITAMIN D, MAGNESIUM HYDROXIDE) FILM-COATED TABLET",Dysphagia,FALSE,TRUE,3,15.9981971153846,4
"CITRACAL CALCIUM + D3 GUMMIES (COLECALCIFEROL, TRICALCIUM PHOSPHATE)",Choking,FALSE,TRUE,3,8.02864897466828,4
CITRACAL GUMMIES,Choking,FALSE,TRUE,3,4.58728244011718,3
CITRACAL MAXIMUM,Odynophagia,FALSE,TRUE,3,9.71185185185185,4
CITRACAL MAXIMUM,Sensation Of Foreign Body,FALSE,TRUE,3,7.47065527065527,3
CITRACAL MAXIMUM ( CHOLECALCIFEROL+ CALCIUM CITRATE) FILM-COATED TABLET,Choking,FALSE,TRUE,3,10.7052673904302,4
CITRACAL MAXIMUM (CHOLECALCIFEROL + CALCIUM CITRATE) FILM-COATED TABLET,Regurgitation,FALSE,TRUE,3,40.319514661274,4
CITRACAL MAXIMUM (CHOLECALCIFEROL +CALCIUM CITRATE) FILM-COATED TABLET,Dysphagia,FALSE,TRUE,3,5.0495951417004,3
CITRACAL MAXIMUM (CHOLECALCIFEROL +CALCIUM CITRATE) FILM-COATED TABLET,Retching,FALSE,TRUE,3,15.6180786538838,4
CITRACAL MAXIMUM BAYER,Pharyngeal Injury,FALSE,TRUE,3,24.9859022556391,4
CITRACAL MAXIMUM PLUS,Retching,FALSE,TRUE,3,6.89478689374946,3
CITRACAL MAXIMUM(CHOLECALCIFEROL +CALCIUM CITRATE) FILM-COATED TABLET,Dysphagia,FALSE,TRUE,3,11.9977463942308,4
CITRACAL PETITES (CHOLECALCIFEROL + CALCIUM CITRATE) FILM-COATED TABLET,Regurgitation,FALSE,TRUE,3,38.5246376811594,4
CITRACAL PETITES (CHOLECALCIFEROL +CALCIUM CITRATE) FILM-COATED TABLET,Regurgitation,FALSE,TRUE,3,102.084398976982,4
CITRACAL PETITES(CHOLECALCIFEROL +CALCIUM CITRATE) FILM-COATED TABLET,Foreign Body,FALSE,TRUE,3,8.89672459893048,4
"CITRACAL PLUS BONE DENSITY BUILDER (CALCIUM CARBONATE, CALCIUM CITRATE, MINERALS, GENESTEIN) FILM-COATED TABLET",Drug Dependence,FALSE,TRUE,3,286.279569892473,4
"CITRACAL PLUS MAGNESIUM (CALCIUM CITRATE, VITAMIN D, MINERALS) FILM-COATED TABLET",Dysphagia,FALSE,TRUE,3,32,4
CITRACAL SLOW RELEASE,Foreign Body,FALSE,TRUE,3,8.89672459893048,4
CITRACAL SLOW RELEASE 1200,Retching,FALSE,TRUE,3,4.77845065355558,3
CITRACAL SLOW RELEASE 1200 BAYER,Choking,FALSE,TRUE,3,5.35203055890631,3
"CITRACAL, MAXIMUM, BAYER",Foreign Body,FALSE,TRUE,3,5.08269671504966,3
CITRICAL MAXIMUM,Foreign Body,FALSE,TRUE,3,5.93025846702317,3
CLARITY,Hospitalisation,FALSE,TRUE,3,50.5199240986717,4
CONCEPTION FOR HER FERTILITY AID AND MULTI,Abortion Spontaneous,FALSE,TRUE,3,119.564371257485,4
COSEVA ADVANCED TRS,Weight Increased,FALSE,TRUE,3,91.7965517241379,4
CREATINE,Chromaturia,FALSE,TRUE,3,75.2005649717514,4
CREATINE,Fatigue,FALSE,TRUE,3,15.4593495934959,4
DELTA 8,Anxiety,FALSE,TRUE,3,9.47046263345196,4
DELTA 8,Loss Of Consciousness,FALSE,TRUE,3,11.5704347826087,4
DESIGNS FOR HEALTH GI MICROB-X,Jaundice,FALSE,TRUE,3,74.0816326530612,4
DIGESTIVE ADVANTAGE PROBIOTIC GUMMIES,Abdominal Distension,FALSE,TRUE,3,49.0595823095823,4
EMERGEN-C,Anaphylactic Shock,FALSE,TRUE,3,8.76818783068783,4
EMERGEN-C,Neoplasm Malignant,FALSE,TRUE,3,6.39840733590734,3
EMERGEN-C CRYSTALS-STRAWBERRY BURST,Drug Dependence,FALSE,TRUE,3,214.701612903226,4
EMERGEN-C IMMUNE PLUS,Coronavirus Test Positive,FALSE,TRUE,3,Inf,4
EMERGEN-C IMMUNE PLUS,Neoplasm Malignant,FALSE,TRUE,3,44.9510135135135,4
ENFAMIL D-VI-SOL,Respiratory Arrest,FALSE,TRUE,3,319.464,4
ENFAMIL D-VI-SOL LIQUID VITAMIN D SUPPLEMENT,Choking,FALSE,TRUE,3,5.35203055890631,3
EQUELLE,Hypersensitivity,FALSE,TRUE,3,5.92497773820125,3
EQUELLE MENOPAUSE SYMPTOM RELIEF,Postmenopausal Haemorrhage,FALSE,TRUE,3,725.918181818182,4
ESSENTIAL FOR WOMEN PRENATAL MULTIVITAMIN,Gastrointestinal Disorder,FALSE,TRUE,3,38.2456896551724,4
ESTER C 24 HOUR IMMUNE SUPPORT,Choking,FALSE,TRUE,3,10.7052673904302,4
ESTER-C 24 HOUR IMMUNE SUPPORT,Foreign Body,FALSE,TRUE,3,5.47387906211436,3
ESTER-C 24 HOUR IMMUNE SUPPORT,Oropharyngeal Pain,FALSE,TRUE,3,22.4970414201183,4
ESTER-C 24 HOUR IMMUNE SUPPORT 1000MG COATED TABLETS,Dyspnoea,FALSE,TRUE,3,15.791221826809,4
EVINATURE CURQD-2,Abdominal Pain,FALSE,TRUE,3,34.3535483870968,4
EVINATURE CURQD-2,Intestinal Obstruction,FALSE,TRUE,3,235.610619469027,4
EVINATURE CURQD-4,Abdominal Pain,FALSE,TRUE,3,34.3535483870968,4
EVINATURE CURQD-4,Intestinal Obstruction,FALSE,TRUE,3,235.610619469027,4
EXTENZE,Chills,FALSE,TRUE,3,17.2561608300908,4
EXTENZE,Heart Rate Increased,FALSE,TRUE,3,6.56040433925049,3
EXTENZE,Tremor,FALSE,TRUE,3,10.3135658914729,4
EXTENZE PLUS,Chest Pain,FALSE,TRUE,3,5.57948825503356,3
EXTENZE PLUS,Dyspepsia,FALSE,TRUE,3,9.92649253731343,4
EXTENZE PLUS,Hot Flush,FALSE,TRUE,3,40.5533536585366,4
EXTENZE PLUS,Pyrexia,FALSE,TRUE,3,9.03634510869565,4
EXTENZE PLUS MALE ENHANCEMENT,Dizziness,FALSE,TRUE,3,10.6844147157191,4
FEEL FREE KRATOM,Dependence,FALSE,TRUE,3,63.3880952380952,4
FERROUS SULFATE,Constipation,FALSE,TRUE,3,12.9027149321267,4
FINEST NUTRITION FREE & PURE B-COMPLEX WITH VITAMIN C,Erythema,FALSE,TRUE,3,56.2457746478873,4
FLINSTONES COMPLETE CHILDREN'S MULTIVITAMIN SUPPLEMENT CHEWABLE,Aphthous Stomatitis,FALSE,TRUE,3,4437.33333333333,4
FLINSTONES COMPLETE CHILDREN'S MULTIVITAMIN SUPPLEMENT CHEWABLE,Decreased Appetite,FALSE,TRUE,3,84.7898089171975,4
FLINSTONES COMPLETE CHILDRENS MULTIVITAMIN,Aphthous Stomatitis,FALSE,TRUE,3,4437.33333333333,4
FLINSTONES COMPLETE CHILDRENS MULTIVITAMIN,Decreased Appetite,FALSE,TRUE,3,84.7898089171975,4
FLINSTONES GUMMIES,Overdose,FALSE,TRUE,3,218.229508196721,4
FLINTSTONES COMPLETE CHEWABLE,Coeliac Disease,FALSE,TRUE,3,17.4146660846792,4
FLINTSTONES COMPLETE CHEWABLE,Overdose,FALSE,TRUE,3,22.5534200113058,4
FLINTSTONES WITH IRON,Malaise,FALSE,TRUE,3,5.68006545247581,3
FLORASTOR,Fungal Infection,FALSE,TRUE,3,65.5978618421053,4
FLUSH,Dehydration,FALSE,TRUE,3,13.2281312127237,4
FORMULA 2 MULTIVITAMIN COMPLEX,Vomiting,FALSE,TRUE,3,4.55008547008547,3
GARCINIA CAMBOGIA,Pancreatitis,FALSE,TRUE,3,96.9138349514563,4
GNC AMP WHEYBOLIC,Nausea,FALSE,TRUE,3,5.27442044779077,3
GNC NIACIN,Erythema,FALSE,TRUE,3,37.4943661971831,4
GO RUBY GO,Blood Glucose Increased,FALSE,TRUE,3,17.3196614583333,4
GO RUBY GO,Cerebrovascular Accident,FALSE,TRUE,3,9.28875698324022,4
GOVVI WOW,Chest Pain,FALSE,TRUE,3,26.8006711409396,4
GUNDRY MD ACTIVE ADVANTAGE,Hospitalisation,FALSE,TRUE,3,50.5199240986717,4
GUNDRY MD MCT WELLNESS BLUEBERRY LEMONADE,Hospitalisation,FALSE,TRUE,3,50.5199240986717,4
"HERBAL CLEANSE PACK (RESTORE, HERBAL CLEANSE)",Nausea,FALSE,TRUE,3,12.3088303282478,4
HERBALIFE AMINOGEN,Abdominal Pain,FALSE,TRUE,3,20.6105806451613,4
HERBALIFE CELL-U-LOSS,Dyspnoea,FALSE,TRUE,3,5.26255436931594,3
HERBALIFE PROLESSA DUO,Hepatic Enzyme Increased,FALSE,TRUE,3,20.5407769488037,4
HERBALIFE SKIN COLLAGEN BEAUTY BOOSTER,Abdominal Pain Upper,FALSE,TRUE,3,8.5757087628866,4
HERBALIFE TOTAL CONTROL,Constipation,FALSE,TRUE,3,15.2498090145149,4
HYDROXYCUT HARDCORE RAPID RELEASE CAPSULES,Heart Rate Increased,FALSE,TRUE,3,9.84282544378698,4
HYDROXYCUT PRO CLINICAL CAPLETS,Nausea,FALSE,TRUE,3,6.1537216828479,3
ISAFLUSH,Diverticulitis,FALSE,TRUE,3,33.378762541806,4
ISAGENIX IONIX SUPREME-LIQUID,Headache,FALSE,TRUE,3,8.62325882734046,4
ISAGENIX ISAFLUSH,Hypertension,FALSE,TRUE,3,9.98498498498498,4
ISAGENIX NATURAL ACCELERATOR,Hypertension,FALSE,TRUE,3,7.48620495495496,4
IT WORKS! SLIMMING GUMMIES,Anaphylactic Reaction,FALSE,TRUE,3,77.3924418604651,4
KRATOM,Arteriosclerosis,FALSE,TRUE,3,17.8820454545455,4
KRATOM,Completed Suicide,FALSE,TRUE,3,9.835125,4
KRATOM,Crying,FALSE,TRUE,3,7.56548076923077,3
KRATOM,Hypoxic-Ischaemic Encephalopathy,FALSE,TRUE,3,196.7025,4
KRATOM,Left Ventricular Hypertrophy,FALSE,TRUE,3,196.7025,4
KRATOM,Pulse Absent,FALSE,TRUE,3,39.3405,4
KRATOM,Restlessness,FALSE,TRUE,3,5.78536764705882,3
L-LYSINE,Choking,FALSE,TRUE,3,8.02864897466828,4
LACTAID,Vomiting,FALSE,TRUE,3,5.11903846153846,3
LACTAID FAST ACT,Malaise,FALSE,TRUE,3,5.68006545247581,3
LACTAID FAST ACT LACTASE ENZYME SUPPLEMENT,Diarrhoea,FALSE,TRUE,3,10.9529621503017,4
LEAN VANILLA,Dehydration,FALSE,TRUE,3,15.8749502982107,4
LEE SWANSON SIGNATURE LINE HEALTHY BLOOD PRESSURE SUPPORT FORMULA,Gastrooesophageal Reflux Disease,FALSE,TRUE,3,134.008389261745,4
LEPTIBURN,Dehydration,FALSE,TRUE,3,4.8064341225375,3
LIBIDO MAX,Blood Pressure Increased,FALSE,TRUE,3,13.6406490179334,4
LIFE EXTENSION VITAMIN B3 NIACIN,Dizziness,FALSE,TRUE,3,4.45066889632107,3
LIFE EXTENSION VITAMIN B3 NIACIN,Hospitalisation,FALSE,TRUE,3,12.6257115749526,4
LIFE EXTENSION VITAMIN B3 NIACIN,Pruritus,FALSE,TRUE,3,9.62916063675832,4
LIFEVANTAGE PROTANDIM NRF2 SYNERGIZER,Diarrhoea,FALSE,TRUE,3,4.38019747668678,3
LIMBEX,Headache,FALSE,TRUE,3,12.0734693877551,4
LIVE IT UP SUPER GREENS,Diarrhoea,FALSE,TRUE,3,14.6044980800878,4
LIVE IT UP SUPER GREENS,Vomiting,FALSE,TRUE,3,13.6533333333333,4
MAGNESIUM,Anxiety,FALSE,TRUE,3,6.1745319511063,3
MAGNESIUM,Syncope,FALSE,TRUE,3,12.3052728954672,4
MAGNESIUM OXIDE,Toxicity To Various Agents,FALSE,TRUE,3,53.6673387096774,4
MEDIX SELECT ACTALIN,Heart Rate Increased,FALSE,TRUE,3,7.87337278106509,4
MELATONIN,Overdose,FALSE,TRUE,3,12.1006375227687,4
MELATONIN,Paraesthesia,FALSE,TRUE,3,4.58471359558316,3
MELATONIN,Suicidal Ideation,FALSE,TRUE,3,11.8102222222222,4
METAMUCIL,Intestinal Obstruction,FALSE,TRUE,3,88.337389380531,4
MINOXIDIL,Diarrhoea,FALSE,TRUE,3,14.6044980800878,4
MINOXIDIL,Nausea,FALSE,TRUE,3,12.3088303282478,4
MITRAGYNINE,Toxicity To Various Agents,FALSE,TRUE,3,53.6673387096774,4
MITRAGYNINE,Unresponsive To Stimuli,FALSE,TRUE,3,146.795955882353,4
MNS 3,Abdominal Pain,FALSE,TRUE,3,4.47753155680224,3
MNS 3,Rectal Haemorrhage,FALSE,TRUE,3,24.2663423532989,4
MODERE ACTIVATE,Constipation,FALSE,TRUE,3,5.40715641095148,3
MODERE ACTIVATE,Dehydration,FALSE,TRUE,3,5.1169114346181,3
MODERE ACTIVATE,Hyperhidrosis,FALSE,TRUE,3,6.27757671125098,3
MODERE ACTIVATE 3CT,Abdominal Distension,FALSE,TRUE,3,39.2461916461916,4
MODERE ACTIVATE 3CT,Nausea,FALSE,TRUE,3,7.38474341192788,4
MODERE ALOE VERA,Dizziness,FALSE,TRUE,3,8.90334448160535,4
MODERE CARB BLOCKER,Blood Pressure Increased,FALSE,TRUE,3,6.81904355251921,3
MODERE CARB BLOCKER,Constipation,FALSE,TRUE,3,16.7754201680672,4
MODERE CARB BLOCKER,Dehydration,FALSE,TRUE,3,15.8749502982107,4
MODERE CARB BLOCKER,Vomiting,FALSE,TRUE,3,4.09492307692308,3
MODERE LIQUID BIOCELL LIFE,Constipation,FALSE,TRUE,3,15.2498090145149,4
MODERE LIQUID BIOCELL SKIN,Diarrhoea,FALSE,TRUE,3,10.9529621503017,4
MODERE SUSTAIN,Abdominal Pain,FALSE,TRUE,3,7.92476426799007,4
MODERE TRIM,Diarrhoea,FALSE,TRUE,3,7.30142622051563,4
MODERE TRIM CHOCOLATE,Abdominal Distension,FALSE,TRUE,3,5.02513702513703,3
MODERE TRIM CHOCOLATE,Chest Discomfort,FALSE,TRUE,3,7.63145809414466,4
MODERE TRIM VANILLA,Abdominal Discomfort,FALSE,TRUE,3,11.7948301329394,4
MOMMYS BLISS GRIPE WATER,Choking,FALSE,TRUE,3,10.7052673904302,4
MULTIVITAMIN,Pyrexia,FALSE,TRUE,3,24.1105072463768,4
NATROL MELATONIN,Dyspnoea,FALSE,TRUE,3,6.76664972038638,3
NATROL SLEEP MELATONIN 5MG FAST DISSOLVE,Dizziness,FALSE,TRUE,3,17.8086956521739,4
NATURAL ACCELERATOR,Abdominal Distension,FALSE,TRUE,3,6.76048462255359,3
NATURAL ACCELERATOR,Dehydration,FALSE,TRUE,3,5.4702132035374,3
NATURAL ACCELERATOR,Flatulence,FALSE,TRUE,3,11.0948275862069,4
NATURAL ACCELERATOR,Nephrolithiasis,FALSE,TRUE,3,7.70733120834541,4
NATURAL ACCELERATOR,Sepsis,FALSE,TRUE,3,34.8293321693584,4
NATURE MADE CALCIUM 600 MG WITH VITAMIN D3,Cough,FALSE,TRUE,3,21.6406504065041,4
NATURE MADE SUPER B-COMPLEX WITH VITAMIN C & FOLIC ACID TABLET,Asthenia,FALSE,TRUE,3,10.9436677631579,4
NATURE MADE SUPER B-COMPLEX WITH VITAMIN C & FOLIC ACID TABLET,Blood Pressure Increased,FALSE,TRUE,3,5.68210930828352,3
NATURE MADE SUPER B-COMPLEX WITH VITAMIN C & FOLIC ACID TABLET,Constipation,FALSE,TRUE,3,13.9784663865546,4
NATURE MADE SUPER B-COMPLEX WITH VITAMIN C & FOLIC ACID TABLET,Muscle Spasms,FALSE,TRUE,3,19.4554093567251,4
NATURE MADE SUPER B-COMPLEX WITH VITAMIN C & FOLIC ACID TABLET,Staphylococcal Infection,FALSE,TRUE,3,144.646739130435,4
"NATURE'S BOUNTY EXTRA STRENGTH HAIR, SKIN & NAILS",Swollen Tongue,FALSE,TRUE,3,130.509803921569,4
NATURE'S BOUNTY ZINC,Choking,FALSE,TRUE,3,4.01372135102533,3
NATURE'S BOUNTY ZINC,Foreign Body,FALSE,TRUE,3,8.89672459893048,4
NATUREMADE BURP-LESS FISH OIL,Dyspnoea,FALSE,TRUE,3,9.47402135231317,4
NATUREMADE FISH OIL,Cough,FALSE,TRUE,3,13.9092334494774,4
NATUREMADE IRON,Adverse Event,FALSE,TRUE,3,62.4835680751174,4
NATUREMADE L-LYSINE 1000 MG TABLET,Dyspnoea,FALSE,TRUE,3,15.791221826809,4
NATUREMADE SUPER B COMPLEX TABLET,Computerised Tomogram Abnormal,FALSE,TRUE,3,64.2729468599034,4
NATUREMADE VITAMIN B6,Adverse Event,FALSE,TRUE,3,56.2330985915493,4
NATUREMADE VITAMIN C,Adverse Event,FALSE,TRUE,3,31.231220657277,4
NATUREMADE VITAMIN C 1000 MG TABLET,Foreign Body,FALSE,TRUE,3,14.2363636363636,4
NATUREMADE VITAMIN C 500 MG WITH ROSE HIPS TABLET,Choking,FALSE,TRUE,3,10.7052673904302,4
NATUREMADE VITAMIN C 500 MG WITH ROSE HIPS TABLET,Cough,FALSE,TRUE,3,64.9365853658537,4
NEURITERX,Burning Sensation,FALSE,TRUE,3,90.8668941979522,4
NEURIVA BRAIN PERFORMANCE ORIGINAL,Hallucination,FALSE,TRUE,3,27.0274204468517,4
NIACIN,Burning Sensation,FALSE,TRUE,3,30.2821387940842,4
NOSE SLAP,Seizure,FALSE,TRUE,3,58.7593818984547,4
NOSE SLAP,Syncope,FALSE,TRUE,3,31.4633569739953,4
NOW ASHWAGANDHA,Blood Bilirubin Increased,FALSE,TRUE,3,109.693681318681,4
NOW ASHWAGANDHA,Pruritus,FALSE,TRUE,3,14.4459117221418,4
NOW NIACIN,Bronchospasm,FALSE,TRUE,3,1815.20454545455,4
NOW NIACIN,Food Allergy,FALSE,TRUE,3,293.636029411765,4
NOW NIACIN,Rash,FALSE,TRUE,3,28.6063753581662,4
NUGENIX FREE TESTOSTERONE BOOSTER,Heart Rate Increased,FALSE,TRUE,3,5.62256973795435,3
NUGENIX TOTAL-T,Heart Rate Increased,FALSE,TRUE,3,10.7380311995697,4
NURISH BY NATUREMADE MAGNESIUM OXIDE,Nausea,FALSE,TRUE,3,12.3088303282478,4
NURISH BY NATUREMADE VITAMIN D3,Nausea,FALSE,TRUE,3,9.23127600554785,4
NUTRAFOL HAIRBIOTIC,Rash,FALSE,TRUE,3,22.8842406876791,4
NUTRAFOL MEN HAIR GROWTH NUTRACEUTICAL,Renal Failure,FALSE,TRUE,3,20.9143081761006,4
NUTRAFOL POSTPARTUM HAIR GROWTH NUTRACEUTICAL,Hepatic Enzyme Increased,FALSE,TRUE,3,33.3850334448161,4
NUTRAFOL STRESS ADAPTOGEN,Diarrhoea,FALSE,TRUE,3,5.4756582556226,3
NUTRAFOL STRESS ADAPTOGEN HAIR WELLNESS BOOSTER,Hepatic Enzyme Increased,FALSE,TRUE,3,22.2533444816054,4
NUTRAFOL WOMEN'S BALANCE,Abdominal Discomfort,FALSE,TRUE,3,5.61426461278751,3
NUTRAFOL WOMENS BALANCE HAIR GROWTH NUTRACEUTICAL,Blood Alkaline Phosphatase Increased,FALSE,TRUE,3,18.4243055555556,4
NUTRAFOL WOMENS BALANCE HAIR GROWTH NUTRACEUTICAL,Blood Pressure Decreased,FALSE,TRUE,3,4.87702205882353,3
NUTRAFOL WOMENS BALANCE HAIR GROWTH NUTRACEUTICAL,Cholelithiasis,FALSE,TRUE,3,13.5917008196721,4
NUTRAFOL WOMENS BALANCE HAIR GROWTH NUTRACEUTICAL,Jaundice,FALSE,TRUE,3,5.38372564935065,3
NUTRAFOL WOMENS BALANCE HAIR GROWTH NUTRACEUTICAL,Lip Swelling,FALSE,TRUE,3,4.63180865921788,3
NUTRAFOL WOMENS BALANCE HAIR GROWTH NUTRACEUTICAL,Pharyngeal Swelling,FALSE,TRUE,3,12.3745335820896,4
NUTRILITE CHEWABLE VITAMIN E,Dizziness,FALSE,TRUE,3,10.6844147157191,4
NUTRILITE CHEWABLE VITAMIN E,Nausea,FALSE,TRUE,3,7.38474341192788,4
NUTRILITE CHEWABLE VITAMIN E,Vomiting,FALSE,TRUE,3,8.19138461538462,4
NUTRILITE DOUBLE X MULTIVITAMIN 31 DAY REFILL,Macular Degeneration,FALSE,TRUE,3,104.818897637795,4
OCUVITE ADULT,Dysphagia,FALSE,TRUE,3,4.17077759197325,3
OCUVITE ADULT,Macular Degeneration,FALSE,TRUE,3,13.6617596713454,4
OCUVITE ADULT 50+,Oropharyngeal Pain,FALSE,TRUE,3,4.42241092241092,3
OCUVITE ADULT 50+,Visual Impairment,FALSE,TRUE,3,6.59736711376056,3
"OCUVITE ADULT 50+ (CAPSULE, SOFT)",Foreign Body,FALSE,TRUE,3,7.90790255496138,4
OMEGA Q PLUS RESVERATROL,Atrial Fibrillation,FALSE,TRUE,3,22.3334265734266,4
OMEGAPLEX,Asthenia,FALSE,TRUE,3,4.86111111111111,3
OMEGAPLEX,Urticaria,FALSE,TRUE,3,4.61085110071069,3
OMNI DROP PROGRAM,Malaise,FALSE,TRUE,3,13.2574701195219,4
ONE A DAY MEN'S HEALTH (MULTIVITAMINS) TABLET,Choking,FALSE,TRUE,3,8.02864897466828,4
ONE A DAY MEN'S MULTIVITAMIN,Foreign Body In Throat,FALSE,TRUE,3,10.4477748691099,4
ONE A DAY MENS 50 PLUS HEALTHY ADVANTAGE,Foreign Body In Throat,FALSE,TRUE,3,52.2702879581152,4
ONE A DAY MENS 50 PLUS HEATHLY ADVANTAGE BAYER,Foreign Body,FALSE,TRUE,3,4.74367201426025,3
ONE A DAY MENS 50 PLUS HEATHLY ADVANTAGE BAYER,Foreign Body In Throat,FALSE,TRUE,3,13.9329842931937,4
ONE A DAY PROACTIVE 65+,Choking,FALSE,TRUE,3,5.35203055890631,3
ONE A DAY WOMEN'S,Pharyngeal Injury,FALSE,TRUE,3,7.15960706560923,3
ONE A DAY WOMEN'S 50 PLUS HEALTHY ADVANTAGE,Oropharyngeal Pain,FALSE,TRUE,3,4.56095467032967,3
"ONE A DAY WOMEN'S 50 PLUS HEALTHY ADVANTAGE, BAYER",Choking,FALSE,TRUE,3,8.02864897466828,4
ONE A DAY WOMEN'S 50+ ADVANTAGE,Oropharyngeal Pain,FALSE,TRUE,3,10.4391679748823,4
ONE A DAY WOMEN'S 50+ HEALTHY ADVANTAGE(MULTIVITAMINS + MINERALS) FILM-COATED TABLET,Dysphagia,FALSE,TRUE,3,13.7122252747253,4
ONE A DAY WOMEN'S ACTIVE METABOLISM,Choking,FALSE,TRUE,3,4.01372135102533,3
ONE A DAY WOMEN'S FORMULA,Choking,FALSE,TRUE,3,8.02864897466828,4
ONE A DAY WOMEN'S MINIGELS COMPLETE MULTIVITAMIN,Cough,FALSE,TRUE,3,8.11067073170732,4
ONE A DAY WOMEN'S MINIGELS COMPLETE MULTIVITAMIN,Oropharyngeal Pain,FALSE,TRUE,3,12.1808608058608,4
ONE A DAY WOMEN'S PETITES COMPLETE MULTIVITAMIN,Choking,FALSE,TRUE,3,4.58728244011718,3
ONE A DAY WOMENS,Oropharyngeal Pain,FALSE,TRUE,3,17.2010342598578,4
ONE A DAY WOMENS MINIGELS COMPLETE MULTIVITAMIN,Choking,FALSE,TRUE,3,8.02864897466828,4
ONE-A-DAY PROACTIVE 65+ (MULTIVITAMINS + MINERALS) FILM-COATED TABLET,Dysphagia,FALSE,TRUE,3,15.9981971153846,4
ONE-A-DAY WOMEN'S PRENATAL SINGLE,Abortion Spontaneous,FALSE,TRUE,3,53.1297405189621,4
ONNIT ALPHA BRAIN,Dizziness,FALSE,TRUE,3,4.85545758589237,3
OSTEO BI-FLEX,Dysphagia,FALSE,TRUE,3,13.7122252747253,4
OSTEO BI-FLEX TRIPLE STRENGTH,Cough,FALSE,TRUE,3,17.7046563192905,4
OSTEO BI-FLEX TRIPLE STRENGTH,Foreign Body,FALSE,TRUE,3,6.46961594555177,3
PATRIOT POWER GREENS,Flatulence,FALSE,TRUE,3,4.72467979127135,3
PATRIOT POWER GREENS,Muscular Weakness,FALSE,TRUE,3,11.0539678135405,4
PHILLIPS' LAXATIVE DIETARY SUPPLEMENT (MAGNESIUM OXIDE) COATED TABLET,Nausea,FALSE,TRUE,3,4.10201880104793,3
PLEXUS ACCELERATOR+,Chest Discomfort,FALSE,TRUE,3,29.7951492537313,4
PLEXUS ACCELERATOR+,Heart Rate Increased,FALSE,TRUE,3,11.8122781065089,4
PLEXUS BIO CLEANSE,Abdominal Distension,FALSE,TRUE,3,4.35413595413595,3
PLEXUS BIO CLEANSE,Throat Tightness,FALSE,TRUE,3,7.41478382147838,4
PLEXUS BIOCLEANSE,Pyrexia,FALSE,TRUE,3,8.6745652173913,4
PLEXUS BLOCK,Abdominal Pain,FALSE,TRUE,3,7.92476426799007,4
PLEXUS EASE,Abdominal Pain,FALSE,TRUE,3,11.4486021505376,4
PLEXUS EASE,Diarrhoea,FALSE,TRUE,3,4.86706893399159,3
PLEXUS EDGE,Heart Rate Increased,FALSE,TRUE,3,23.6289940828402,4
PLEXUS PROBIO 5,Chest Pain,FALSE,TRUE,3,4.46258389261745,3
PLEXUS PROBIO 5,Pyrexia,FALSE,TRUE,3,7.22744565217391,3
PLEXUS PROBIO 5,Urticaria,FALSE,TRUE,3,4.14929797191888,3
PLEXUS PROBIO5,Hepatic Enzyme Increased,FALSE,TRUE,3,6.50607716779509,3
PLEXUS RESTORE,Vomiting,FALSE,TRUE,3,6.82589743589744,3
PLEXUS SLIM,Vertigo,FALSE,TRUE,3,10.7538461538462,4
PLEXUS SLIM 2.0,Heart Rate Increased,FALSE,TRUE,3,5.36679666487359,3
PLEXUS SLIM HUNGER CONTROL,Abdominal Pain,FALSE,TRUE,3,4.68123167155425,3
PLEXUS SLIM MICROBIOME ACTIVATING,Chest Pain,FALSE,TRUE,3,7.04909925821265,3
PLEXUS SLIM MICROBIOME ACTIVATING,Pruritus,FALSE,TRUE,3,6.07997562647574,3
PRESERVISION AREDS,Cataract,FALSE,TRUE,3,12.9929921773142,4
PRESERVISION AREDS 2,Blood Copper Decreased,FALSE,TRUE,3,32.0359801488834,4
PRESERVISION AREDS 2,Dementia,FALSE,TRUE,3,5.3393300248139,3
PRESERVISION AREDS 2,Exposure Via Skin Contact,FALSE,TRUE,3,19.22158808933,4
PRESERVISION AREDS 2,Hiatus Hernia,FALSE,TRUE,3,7.39291849589616,3
PRESERVISION AREDS 2,Ill-Defined Disorder,FALSE,TRUE,3,6.00674627791563,3
PRESERVISION AREDS 2,Impaired Driving Ability,FALSE,TRUE,3,16.0179900744417,4
PRESERVISION AREDS 2,Medication Residue Present,FALSE,TRUE,3,10.6786600496278,4
PRESERVISION AREDS 2,Ocular Discomfort,FALSE,TRUE,3,24.0269851116625,4
PRESERVISION AREDS 2,Retinal Haemorrhage,FALSE,TRUE,3,10.6786600496278,4
PRESERVISION AREDS 2,Skin Cancer,FALSE,TRUE,3,9.61079404466501,4
PRESERVISION AREDS 2,Throat Cancer,FALSE,TRUE,3,8.00899503722084,3
PRESERVISION AREDS 2 CHEWABLES,Cataract,FALSE,TRUE,3,67.6703389830508,4
PRESERVISION AREDS 2 FORMULA,Blindness Unilateral,FALSE,TRUE,3,17.4427631578947,4
PRESERVISION AREDS 2 FORMULA,Feeling Hot,FALSE,TRUE,3,4.33360575351422,3
PRESERVISION AREDS 2 FORMULA,Pneumonia,FALSE,TRUE,3,5.367004048583,3
PRESERVISION AREDS 2 FORMULA CHEWABLE,Blood Pressure Increased,FALSE,TRUE,3,6.81904355251921,3
PRESERVISION AREDS 2 FORMULA CHEWABLES,Blindness,FALSE,TRUE,3,13.2885,4
PRESERVISION AREDS 2 FORMULA CHEWABLES,Cataract,FALSE,TRUE,3,13.5137288135593,4
PRESERVISION AREDS 2 FORMULA CHEWABLES,Condition Aggravated,FALSE,TRUE,3,6.84386266094421,3
PRESERVISION AREDS 2 FORMULA CHEWABLES,Neovascular Age-Related Macular Degeneration,FALSE,TRUE,3,37.0841860465116,4
PRESERVISION AREDS 2 FORMULA CHEWABLES,Weight Decreased,FALSE,TRUE,3,5.06228571428571,3
PRESERVISION AREDS 2 FORMULA SOFT GELS,Accidental Exposure To Product,FALSE,TRUE,3,18.8102870813397,4
PRESERVISION AREDS 2 FORMULA SOFT GELS,Ill-Defined Disorder,FALSE,TRUE,3,11.7564294258373,4
PRESERVISION AREDS 2 FORMULA SOFT GELS,Lower Limb Fracture,FALSE,TRUE,3,47.0257177033493,4
PRESERVISION AREDS 2 FORMULA SOFT GELS,Vitreous Floaters,FALSE,TRUE,3,9.90015109544195,4
"PRESERVISION AREDS 2 FORMULA SOFT GELS (CAPSULE, SOFT)",Age-Related Macular Degeneration,FALSE,TRUE,3,5.90352049910874,3
"PRESERVISION AREDS 2 FORMULA SOFT GELS (CAPSULE, SOFT)",Lacrimation Increased,FALSE,TRUE,3,15.0539772727273,4
"PRESERVISION AREDS 2 FORMULA SOFT GELS (CAPSULE, SOFT)",Vertigo,FALSE,TRUE,3,5.28209728867624,3
"PRESERVISION AREDS 2 FORMULA SOFT GELS (CAPSULE, SOFT)",Visual Acuity Reduced,FALSE,TRUE,3,15.4399766899767,4
PRESERVISION AREDS 2 MULTIVITAMIN,Cataract,FALSE,TRUE,3,13.790038049118,4
PRESERVISION AREDS 2 MULTIVITAMIN,Condition Aggravated,FALSE,TRUE,3,6.98379609354471,3
PRESERVISION AREDS 2 MULTIVITAMIN,Eye Haemorrhage,FALSE,TRUE,3,25.4253826530612,4
PRESERVISION AREDS 2 MULTIVITAMIN,Feeling Abnormal,FALSE,TRUE,3,5.0692351707038,3
PRESERVISION AREDS 2 MULTIVITAMIN,Hypertension,FALSE,TRUE,3,5.49738003309432,3
PRESERVISION AREDS 2 MULTIVITAMIN SOFT GELS,Visual Impairment,FALSE,TRUE,3,14.0645161290323,4
PRESERVISION AREDS 2 SOFT GELS,Haemorrhage,FALSE,TRUE,3,11.1220735785953,4
"PRESERVISION AREDS 2 SOFT GELS (CAPSULE, SOFT)",Disease Progression,FALSE,TRUE,3,115.706821480406,4
"PRESERVISION AREDS 2 SOFT GELS (CAPSULE, SOFT)",Visual Field Defect,FALSE,TRUE,3,125.349056603774,4
PRESERVISION AREDS SOFT GELS,Dysphagia,FALSE,TRUE,3,4.17077759197325,3
PRESERVISION AREDS SOFT GELS,Macular Degeneration,FALSE,TRUE,3,13.6617596713454,4
PRESERVISION AREDS SOFT GELS,Neuropathy Peripheral,FALSE,TRUE,3,18.859168241966,4
"PRESERVISION AREDS SOFT GELS (CAPSULE, SOFT)",Dysphagia,FALSE,TRUE,3,6.39711538461539,3
PRESERVISION LUTEIN,Blood Pressure Increased,FALSE,TRUE,3,4.87001341954374,3
PREVAGEN EXTRA STRENGTH,Confusional State,FALSE,TRUE,3,6.41477547078706,3
PREVAGEN REGULAR STRENGTH,Atrial Fibrillation,FALSE,TRUE,3,4.45795804195804,3
PREVAGEN REGULAR STRENGTH,Gait Disturbance,FALSE,TRUE,3,5.86573426573427,3
PREVAGEN REGULAR STRENGTH,Vertigo,FALSE,TRUE,3,10.7538461538462,4
"PREVAGEN, 10 MG, QUINCY BIOSCIENCE",Transient Ischaemic Attack,FALSE,TRUE,3,281.228873239437,4
PROSVENT ULTRA BLEND,Urinary Tract Infection,FALSE,TRUE,3,23.340350877193,4
PROTANDIM US,Fatigue,FALSE,TRUE,3,9.27421602787456,4
PROTANDIM US,Local Swelling,FALSE,TRUE,3,71.2955357142857,4
PURITAN'S PRIDE GINKGO BILOBA,Atrial Fibrillation,FALSE,TRUE,3,26.3960330578512,4
PURITAN'S PRIDE GREEN TEA EXTRACT,Atrial Fibrillation,FALSE,TRUE,3,58.0843636363636,4
PURITAN'S PRIDE KLAMATH LAKE BLUE GREEN ALGAE,Asthenia,FALSE,TRUE,3,32.8408717105263,4
PURITAN'S PRIDE RED YEAST RICE,Atrial Fibrillation,FALSE,TRUE,3,36.2986363636364,4
PURITAN'S PRIDE TURMERIC CURCUMIN,Asthenia,FALSE,TRUE,3,6.56422697368421,3
PURITAN'S PRIDE TURMERIC CURCUMIN,Atrial Fibrillation,FALSE,TRUE,3,14.5129090909091,4
RHEUMACARE,Blood Lead Increased,FALSE,TRUE,3,1210.18181818182,4
RITUAL ESSENTIAL FOR WOMEN POSTNATAL MULTIVITAMIN,Hypersensitivity,FALSE,TRUE,3,14.2236865538736,4
RITUAL ESSENTIAL PRENATAL MULTIVITAMIN,Chest Pain,FALSE,TRUE,3,33.5020973154363,4
ROUNDHOUSE PROVISIONS MORNING KICK STRAWBERRY LEMONADE,Hospitalisation,FALSE,TRUE,3,25.2571157495256,4
ROYAL HONEY,Headache,FALSE,TRUE,3,6.70647518266566,3
ROYAL HONEY VIP,Death,FALSE,TRUE,3,5.11725110584012,3
RSP AMINO LEAN,Nausea,FALSE,TRUE,3,6.1537216828479,3
SAMBUCOL BLACK ELDERBERRY,Dizziness,FALSE,TRUE,3,13.3560200668896,4
SAMBUCOL BLACK ELDERBERRY,Malaise,FALSE,TRUE,3,19.8876992031873,4
SHAKEOLOGY CHOCOLATE,Abdominal Pain,FALSE,TRUE,3,5.72236559139785,3
SHAKEOLOGY CHOCOLATE BAG 30 SERVING,Pain,FALSE,TRUE,3,4.62694180384883,3
SHAKEOLOGY GREENBERRY,Dehydration,FALSE,TRUE,3,52.9304174950298,4
SHAKEOLOGY GREENBERRY,Nausea,FALSE,TRUE,3,12.3088303282478,4
SHAKEOLOGY GREENBERRY,Vomiting,FALSE,TRUE,3,13.6533333333333,4
SHAKEOLOGY VANILLA,Dyspnoea,FALSE,TRUE,3,6.76664972038638,3
SHAKEOLOGY VANILLA,Throat Tightness,FALSE,TRUE,3,47.7346084877466,4
SKINNY PILL,Cardiac Disorder,FALSE,TRUE,3,62.7806603773585,4
SKINNY PILL,Headache,FALSE,TRUE,3,7.54506802721089,4
SKINNY PILL,Hyperhidrosis,FALSE,TRUE,3,24.3466463414634,4
SUPER BETA PROSTATE,Anal Haemorrhage,FALSE,TRUE,3,11.7575941676792,4
SUPER BETA PROSTATE,Blood Urine,FALSE,TRUE,3,11.7575941676792,4
SUPER BETA PROSTATE,Genital Haemorrhage,FALSE,TRUE,3,47.0303766707169,4
SUPER BETA PROSTATE,Groin Pain,FALSE,TRUE,3,13.4372504773477,4
SUPER BETA PROSTATE,Haemoptysis,FALSE,TRUE,3,4.70303766707169,3
SUPER BETA PROSTATE P3 ADVANCED,Adverse Reaction,FALSE,TRUE,3,4.2478802189546,3
SUPER BETA PROSTATE P3 ADVANCED,Haematospermia,FALSE,TRUE,3,21.8057851239669,4
SUPER BETA PROSTATE P3 ADVANCED,Prostatic Disorder,FALSE,TRUE,3,15.5755608028335,4
SUPER BETA PROSTATE P3 ADVANCED,Prostatomegaly,FALSE,TRUE,3,9.08574380165289,4
SUPER BETA PROSTATE P3 ADVANCED,Urine Output Decreased,FALSE,TRUE,3,18.1714876033058,4
SUPER BETA VIRILITY BOOST,Dysuria,FALSE,TRUE,3,5.73240961247023,3
SUPER BETA VIRILITY BOOST,Haematemesis,FALSE,TRUE,3,5.67142653148651,3
SUPER BETA VIRILITY BOOST,Haematospermia,FALSE,TRUE,3,35.5409395973154,4
SUPER BETA VIRILITY BOOST,Prostatic Disorder,FALSE,TRUE,3,25.3863854266539,4
SUSTAIN,Blood Pressure Increased,FALSE,TRUE,3,4.2609415029889,3
SUSTAIN,Chest Pain,FALSE,TRUE,3,8.37174916107383,4
SUSTAIN,Dehydration,FALSE,TRUE,3,9.91960735586481,4
SUSTAIN,Haematemesis,FALSE,TRUE,3,53.0804521276596,4
SYNC,Heart Rate Increased,FALSE,TRUE,3,9.08534365043241,4
THE BODY SHOT BAR STEP 2,Dizziness,FALSE,TRUE,3,17.8086956521739,4
THE BODY SHOT BAR STEP 2,Heart Rate Increased,FALSE,TRUE,3,39.3846153846154,4
TIANEPTINE,Dependence,FALSE,TRUE,3,28.1671957671958,4
TOTAL CONTROL,Vomiting,FALSE,TRUE,3,5.11903846153846,3
TRIM,Vomiting,FALSE,TRUE,3,5.11903846153846,3
TRIPLE ACTION VIRILITY,Cardiac Disorder,FALSE,TRUE,3,8.95249326145552,4
TRIPLE ACTION VIRILITY,Myocardial Infarction,FALSE,TRUE,3,4.4622145096283,3
TRIPLE ACTION VIRILITY,Rectal Haemorrhage,FALSE,TRUE,3,9.95417082917083,4
TRUBIOTICS (BIFIDOBACTERIUM + LACTOBACILLUS) CAPSULE,Haemorrhage,FALSE,TRUE,3,36.5659340659341,4
TRUVISION HEALTH TRUFIX,Adverse Event,FALSE,TRUE,3,93.7359154929577,4
TRUVISION TRUCONTROL,Nausea,FALSE,TRUE,3,7.38474341192788,4
TRUVY ALTER,Headache,FALSE,TRUE,3,4.02297808012094,3
TRUVY ALTER,Heart Rate Increased,FALSE,TRUE,3,7.87337278106509,4
TRUVY TRIM,Insomnia,FALSE,TRUE,3,18.679298245614,4
TRUVY TRIM,Vomiting,FALSE,TRUE,3,4.55008547008547,3
TRUVY TRU,Migraine,FALSE,TRUE,3,23.2561188811189,4
TRUVY TRU,Syncope,FALSE,TRUE,3,12.865087040619,4
TRUVY TRU+,Heart Rate Increased,FALSE,TRUE,3,23.6289940828402,4
TRUVY TRUFIX,Headache,FALSE,TRUE,3,4.64224664224664,3
TRUVY TRUFIX,Hyperhidrosis,FALSE,TRUE,3,14.9797373358349,4
TRUVY VY BOOST,Syncope,FALSE,TRUE,3,28.3159574468085,4
ULTIMATE MALE,Blood Pressure Increased,FALSE,TRUE,3,8.52444491887276,4
UMARY HYALURONIC ACID,Weight Increased,FALSE,TRUE,3,32.3853955375254,4
UMARY USA HYALURONIC ACID,Dizziness,FALSE,TRUE,3,6.67700668896321,3
UQORA DEFEND,Nephrolithiasis,FALSE,TRUE,3,13.9763655462185,4
UQORA DEFEND PART 2,Urinary Tract Infection,FALSE,TRUE,3,49.2925925925926,4
UQORA FLUSH,Loss Of Consciousness,FALSE,TRUE,3,10.846875,4
UQORA PROMOTE PART 3,Hospitalisation,FALSE,TRUE,3,18.9414136622391,4
UQORA PROMOTE PART 3,Urinary Tract Infection,FALSE,TRUE,3,55.45625,4
VITAL PROTEINS COLLAGEN PEPTIDES,Headache,FALSE,TRUE,3,15.0924036281179,4
VITAMIN B6,Asthenia,FALSE,TRUE,3,3.97637559808612,3
VITAMIN B6,Burning Sensation,FALSE,TRUE,3,8.25131864722308,4
VITAMIN B6,Temperature Intolerance,FALSE,TRUE,3,345.376623376623,4
VITAMIN B6,Tremor,FALSE,TRUE,3,5.62241014799154,3
VITAMIN B6,Visual Impairment,FALSE,TRUE,3,13.2111276701441,4
VITAMIN B6,Vitamin B6 Increased,FALSE,TRUE,3,31.811004784689,4
VITAMIN C,Chills,FALSE,TRUE,3,22.1898276820456,4
VITAMIN D,Hospitalisation,FALSE,TRUE,3,3.98317187656047,3
VITAMIN D3,Gait Disturbance,FALSE,TRUE,3,11.2269912749789,4
VITAMIN D3,Loss Of Consciousness,FALSE,TRUE,3,5.10095907928389,3
YOUTHEORY TURMERIC,Chromaturia,FALSE,TRUE,3,75.2005649717514,4
YOUTHEORY TURMERIC,Fatigue,FALSE,TRUE,3,15.4593495934959,4
YOUTHEORY TURMERIC,Nausea,FALSE,TRUE,3,6.1537216828479,3
ZENWISE HEALTH CALMING SLEEP SUPPORT WITH MELATONIN,Insomnia,FALSE,TRUE,3,42.0363157894737,4
ZENWISE HEALTH CALMING SLEEP SUPPORT WITH MELATONIN,Nausea,FALSE,TRUE,3,9.23127600554785,4
