product_clean,n_signals,mean_risk_score,max_risk_score,mean_pct_serious,total_cases
GUNDRY MD TOTAL RESTORE,1,0.633,0.633,100,9
FLORASTOR (SACCHAROMYCES BOULARDII LYOPHILISED),2,0.543,0.628,96.7,19
OXYELITE PRO (REVISED FORMULA),2,0.535,0.621,100,9
GUNDRY MD MCT WELLNESS WATERMELON LEMONADE,1,0.479,0.479,100,8
POWER V8 MALE ENHANCEMENT,1,0.471,0.471,100,6
ROUNDHOUSE PROVISIONS MORNING KICK,1,0.471,0.471,100,6
"ALL DAY ENERGY GREENS, FRUITY",2,0.466,0.521,47.6,13
BENEFIBER UNKNOWN (NCH),1,0.465,0.465,100,5
CORTISLIM,1,0.465,0.465,100,5
LIVING ESSENTIALS 5 HOUR ENERGY,1,0.465,0.465,100,5
BALANCE OF NATURE WHOLE PRODUCE FRUITS 90 CAPSULES,2,0.46,0.471,100,9
DS 01 DAILY PROBIOTIC PLUS PREBIOTIC SUPPLEMENT,1,0.459,0.459,100,4
DS 01 DAILY SYNBIOTIC SUPPLEMENT,1,0.459,0.459,100,4
IC-5,1,0.459,0.459,100,4
ISAGENIX CLEANSE FOR LIFE,1,0.459,0.459,100,4
MITRAGYNA SPECIOSA,1,0.459,0.459,100,4
PLEXUS ACCELERATOR +,1,0.459,0.459,100,4
TRUCONTROL,1,0.459,0.459,100,4
TRUVISION HEALTH TRUCONTROL,1,0.459,0.459,100,4
CELLUCOR SUPER HD,2,0.458,0.465,100,8
ENFAMIL D-VI-SOL,2,0.458,0.465,100,8
ESTER-C 24 HOUR IMMUNE SUPPORT,3,0.458,0.475,100,13
MITRAGYNINE,3,0.457,0.471,100,12
DESIGNS FOR HEALTH GI MICROB-X,2,0.454,0.459,100,7
MAGNESIUM OXIDE,2,0.454,0.459,100,7
UQORA DEFEND PART 2,2,0.454,0.459,100,7
BIOGUARD DAILY IMMUNE SUPPORT,5,0.452,0.459,100,16
ALIVE LIQUID VITAMIN,1,0.45,0.45,100,3
ALPHA CRS+,1,0.45,0.45,100,3
BELLY TRIM XP,1,0.45,0.45,100,3
CERTIFIED ORGANIC JUICE CLEANSE GREENS POWDER,1,0.45,0.45,100,3
CLARITY,1,0.45,0.45,100,3
DOCTOR'S BEST RED YEAST RICE,1,0.45,0.45,100,3
ESTER C 24 HOUR IMMUNE SUPPORT,1,0.45,0.45,100,3
ESTER-C 1000MG COATED TABLETS,1,0.45,0.45,100,3
EVINATURE CURQD-2,2,0.45,0.45,100,6
EVINATURE CURQD-4,2,0.45,0.45,100,6
FERROUS SULFATE (NCH) (FERROUS SULFATE) UNKNOWN,1,0.45,0.45,100,3
FLINSTONES GUMMIES,1,0.45,0.45,100,3
GUNDRY MD ACTIVE ADVANTAGE,1,0.45,0.45,100,3
GUNDRY MD MCT WELLNESS BLUEBERRY LEMONADE,1,0.45,0.45,100,3
HERBALIFE JOINT SUPPORT,1,0.45,0.45,100,3
HERBALIFE SKIN COLLAGEN BEAUTY BOOSTER,1,0.45,0.45,100,3
HERBALIFE XTRA-CAL,2,0.45,0.45,100,6
HYDROXYCUT HARDCORE LIQUID CAPSULES,1,0.45,0.45,100,3
IONIX SUPREME ALIX TECHNOLOGIES,1,0.45,0.45,100,3
IONIX SUPREME POWDER,1,0.45,0.45,100,3
ISAGENIX CLEANSE FOR LIFE POWDER,1,0.45,0.45,100,3
ISAGENIX IONIX SUPREME-LIQUID,1,0.45,0.45,100,3
ISAGENIX NATURAL ACCELERATOR ARIZONA NUTRITIONAL SUPPLEMENTS,1,0.45,0.45,100,3
METABOLIFE,1,0.45,0.45,100,3
MIRACLE MINERAL SOLUTION,2,0.45,0.45,100,6
MOVE FREE,2,0.45,0.45,100,6
N.O.-XPLODE,1,0.45,0.45,100,3
NAC MARKETING AGELESS MALE PERFORMANCE,1,0.45,0.45,100,3
OXY ELITE PRO,1,0.45,0.45,100,3
OXYELITE PRO ENERGY SUPPLEMENT,1,0.45,0.45,100,3
PLEXUS ACCELERATOR+,2,0.45,0.45,100,6
PLEXUS EDGE,1,0.45,0.45,100,3
PLEXUS WORLDWIDE INC. PLEXUS BOOST,1,0.45,0.45,100,3
PROSVENT ULTRA BLEND,1,0.45,0.45,100,3
PURE GARCINIA CAMBOGIA EXTRACT,1,0.45,0.45,100,3
REMIFEMIN TABLET (CIMICIFUGA),1,0.45,0.45,100,3
REPLENEX EXTRA STRENGTH,1,0.45,0.45,100,3
RITUAL ESSENTIAL PRENATAL MULTIVITAMIN,1,0.45,0.45,100,3
ROUNDHOUSE PROVISIONS MORNING KICK STRAWBERRY LEMONADE,1,0.45,0.45,100,3
SLIMQUICK,1,0.45,0.45,100,3
TRIBULUS TERRESTRIS,1,0.45,0.45,100,3
TRIVEREX MALE ENHANCEMENT SUPPLEMENT,1,0.45,0.45,100,3
TRUVISION HEALTH TRUFIX,1,0.45,0.45,100,3
UQORA FLUSH,1,0.45,0.45,100,3
UQORA PROMOTE PART 3,2,0.45,0.45,100,6
VITAMIN B6,17,0.449,0.639,87,117
NOW ASHWAGANDHA,3,0.428,0.45,91.7,10
BALANCE OF NATURE WHOLE PRODUCE VEGGIES 90 CAPSULES,2,0.427,0.471,87.5,10
NEW VITALITY SUPER BETA PROSTATE,3,0.426,0.629,88.9,14
NAC MARKETING AGELESS MALE TABLET,2,0.424,0.539,60.7,11
CALCIUM CARBONATE,5,0.412,0.459,86.7,16
BALANCE OF NATURE WHOLE PRODUCE VEGGIES,3,0.406,0.638,61.7,20
CHOLECALCIFEROL,1,0.405,0.405,80,5
ALL DAY ENERGY GREENS,15,0.401,0.553,64.3,167
ALL DAY ENERGY GREENS?,4,0.396,0.459,65.6,19
FIBERZON,5,0.396,0.405,78,23
HYDROXYCUT REGULAR RAPID RELEASE CAPLETS,54,0.394,0.574,51.1,1060
OXYELITE PRO,28,0.391,0.628,69.6,216
HYDROXYCUT,40,0.389,0.597,71.1,360
JACK3D,10,0.385,0.45,85.2,42
GNC PRO PERFORMANCE AMP AMPLIFIED WHEYBOLIC EXTREME 60,1,0.384,0.384,75,4
NAC MARKETING AGELESS MALE SOFTGEL,2,0.384,0.459,100,8
TRUVY VY BOOST,4,0.384,0.471,100,17
ULTIMATE POWER MEAL,3,0.384,0.384,75,12
CREATINE,3,0.383,0.45,77.8,9
HERBALIFE FLORAFIBER,8,0.383,0.459,93.8,33
LIFE EXTENSION VITAMIN B3 NIACIN,5,0.381,0.459,85.3,18
MODERE TRIM,3,0.38,0.405,73.9,12
GUNDRY MD BIO COMPLETE 3,2,0.379,0.475,92.9,14
PHENIBUT,2,0.379,0.45,75,7
HYDROXYCUT HARDCORE CAPSULES,42,0.378,0.58,61.8,463
OSTEO BI-FLEX TRIPLE STRENGTH,4,0.377,0.475,85.4,17
CLEANSE FOR LIFE LIQUID,2,0.375,0.45,100,6
HERBALIFE HERBAL ALOE CONCENTRATE MANGO,2,0.375,0.45,100,6
HERBALIFE HERBAL TEA CONCENTRATE RASPBERRY,2,0.375,0.45,100,6
BENEFIBER WITH WHEAT DEXTRIN (NCH) WHEAT DEXTRIN POWDER,3,0.374,0.471,88.9,12
ESTER-C 24 HOUR IMMUNE SUPPORT 1000MG COATED TABLETS,4,0.374,0.459,71.2,17
ALL DAY ENERGY GREENS FRUITY,15,0.372,0.566,58.5,127
ONE A DAY WOMEN'S 50+ MINIGELS COMPLETE MULTIVITAMIN,2,0.371,0.374,5.7,38
ISAGENIX ISAFLUSH,5,0.37,0.475,100,22
VITAPEARL,1,0.37,0.37,5.3,19
HYDROXYCUT CAPSULES,11,0.369,0.465,70.6,44
AZO BLADDER CONTROL,2,0.368,0.465,91.7,11
NO XPLODE,11,0.367,0.465,79.5,40
CENTRUM SILVER ULTRA WOMEN'S TABLET,1,0.366,0.366,11.1,9
GRIPE WATER ORIGINAL,1,0.366,0.366,8.3,12
CENTRUM SILVER WOMENS 50+ MULTIMINERALS MULTIVITAMIN,6,0.364,0.433,14.7,147
PLEXUS BOOST,6,0.363,0.483,91.7,30
CENTRUM,2,0.362,0.491,62.5,16
PLEXUS PROBIO5,4,0.362,0.592,76,26
TOTAL BODY FORMULA TROPICAL ORANGE,6,0.362,0.454,48.6,32
ISAGENIX NATURAL ACCELERATOR,7,0.361,0.475,85.8,40
TRUVY TRU,7,0.357,0.45,86.5,34
NATURAL ACCELERATOR ARIZONA NUTRITIONAL SUPPLEMENTS,6,0.356,0.442,81.5,28
UNSPECIFIED HYDROXYCUT,5,0.352,0.459,66.7,16
CENTRUM SILVER WOMEN 50 PLUS,1,0.351,0.351,0,17
ACCELERATE WITH THERMOLIT,1,0.35,0.35,66.7,3
ADVOCARE CATALYST,1,0.35,0.35,66.7,3
ALIGN,1,0.35,0.35,66.7,3
ARBONNE ENERGYFIZZ GINSENG FIZZ STICKS POMEGRANATE FLAVOR,1,0.35,0.35,66.7,3
ARGI-VIVE III,1,0.35,0.35,66.7,3
BEYOND RAW LIT,1,0.35,0.35,66.7,3
BIOTRUST LEPTIBURN,1,0.35,0.35,66.7,3
BP COMPLETE 120,1,0.35,0.35,66.7,3
"CENTRUM SILVER WOMEN'S 50+ (MUL TIMINERALS, MULTIVITAMINS) TABLET",1,0.35,0.35,66.7,3
CHEAT,1,0.35,0.35,66.7,3
DELTA 8,2,0.35,0.35,66.7,6
DHEA,1,0.35,0.35,66.7,3
ESTROVEN,1,0.35,0.35,66.7,3
FEEL FREE KRATOM,1,0.35,0.35,66.7,3
FLUSH,1,0.35,0.35,66.7,3
HERBALIFE AMINOGEN,3,0.35,0.471,94.4,16
HERBALIFE HERBALIFELINE,1,0.35,0.35,66.7,3
LEAN VANILLA,1,0.35,0.35,66.7,3
MINOXIDIL,2,0.35,0.35,66.7,6
MODERE ALOE VERA,1,0.35,0.35,66.7,3
MODERE LIQUID BIOCELL SKIN,1,0.35,0.35,66.7,3
MOVE FREE ADVANCED TRIPLE STRENGTH,1,0.35,0.35,66.7,3
MULTIVITAMIN,1,0.35,0.35,66.7,3
NUTRIBIOTIC CALCIUM ASCORBATE CRYSTALLINE POWDER,1,0.35,0.35,66.7,3
NUTRILITE GARLIC HEART CARE FORMULA,1,0.35,0.35,66.7,3
NUTRILITE MILK THISTLE & DANDELION,1,0.35,0.35,66.7,3
NUTRILITE VITAMIN C PLUS,1,0.35,0.35,66.7,3
OMEGA Q PLUS RESVERATROL,1,0.35,0.35,66.7,3
OSTEO BI-FLEX,1,0.35,0.35,66.7,3
PLEXUS SLIM ACCELERATOR,1,0.35,0.35,66.7,3
"PREVAGEN, 10 MG, QUINCY BIOSCIENCE",1,0.35,0.35,66.7,3
PURITAN'S PRIDE RED YEAST RICE,1,0.35,0.35,66.7,3
PURITANS PRIDE NEURO-PS 100MG RAPID RELEASE SOFTGELS,1,0.35,0.35,66.7,3
RITUAL SYNBIOTIC PLUS PREBIOTIC PROBIOTIC POSTBIOTIC,1,0.35,0.35,0,16
SLIM QUICK,1,0.35,0.35,66.7,3
TOTAL BODY FORMULA PEACH NECTAR,2,0.35,0.35,66.7,6
TRUVY TRU+,1,0.35,0.35,66.7,3
TURMERIC,1,0.35,0.35,66.7,3
ULTIMATE MALE,1,0.35,0.35,66.7,3
UQORA DEFEND,1,0.35,0.35,66.7,3
USP LABS OXYELITE PRO,1,0.35,0.35,66.7,3
PURITY FIRST B50,7,0.348,0.348,0,105
HERBALIFE CELL-U-LOSS,23,0.347,0.486,89.1,129
DR. SINATRA OMEGA Q PLUS RESVERATROL,1,0.345,0.345,60,5
HYDROXYCUT MAX LIQUID CAPS,14,0.345,0.45,63.2,85
NATURAL ACCELERATOR,17,0.345,0.459,93.8,82
PLEXUS SLIM,16,0.345,0.611,78.5,138
FLORASTOR,5,0.344,0.45,50,25
ONE A DAY ESSENTIAL (MULTIVITAMINS) TABLET,2,0.344,0.356,0,29
GRIPE WATER NIGHTTIME,1,0.343,0.343,0,13
TRIVEREX,8,0.343,0.592,73.1,40
TRUFIX,3,0.343,0.421,94.4,13
CALCIUM CARBONATE (CALCIUM CARBONATE) UNKNOWN,5,0.342,0.35,63.3,16
HERBALIFE MULTIVITAMIN,2,0.342,0.45,62.5,7
NUGENIX FREE TESTOSTERONE BOOSTER,2,0.342,0.384,87.5,7
PLEXUS BIOCLEANSE,3,0.34,0.45,93.3,13
FLINTSTONES GUMMIES (MULTIVITAMINS),2,0.337,0.341,0,21
ISAGENIX IONIX SUPREME LIQUID,4,0.337,0.45,100,12
"CENTRUM SILVER WOMEN'S 50+ MULTIMINERALS, MULTIVITAMINS TABLET",4,0.335,0.407,5.8,105
NATURE MADE SUPER B-COMPLEX WITH VITAMIN C & FOLIC ACID TABLET,6,0.335,0.45,69.4,19
TRIPLE ACTION VIRILITY,7,0.335,0.433,38.1,64
HERBALIFE MULTIVITAMIN COMPLEX FORMULA 2,11,0.334,0.45,98.5,52
FLOYD NUTRITION SLIM TRIM U,3,0.333,0.35,77.8,9
PLEXUS PROBIO 5,8,0.333,0.45,80.6,44
TRIVEREX MALE ENHANCEMENT,3,0.333,0.465,91.7,12
HERBALIFE ACTIVE FIBER COMPLEX,3,0.331,0.384,91.7,11
HERBALIFE 21-DAY HERBAL CLEANSING PROGRAM AM TABLETS,3,0.33,0.405,73.9,12
HYDROXYCUT CAFFEINE FREE CAPLETS,11,0.33,0.45,58,42
BENEFIBER UNKNOWN (NCH) (UNKNOWN) POWDER,2,0.329,0.35,58.3,7
HERBALIFE SNACK DEFENSE,6,0.329,0.404,88.9,29
ONE A DAY WOMEN'S 50+ HEALTHY ADVANTAGE MULTIVITAMINS + MINERALS FILM-COATED TABLET,1,0.329,0.329,0,8
HERBALIFE CELL ACTIVATOR,27,0.328,0.459,76.5,164
CLEANSE FOR LIFE,2,0.327,0.421,79.2,10
IONIX SUPREME,3,0.327,0.465,86.9,16
NUTRAFOL MEN HAIR GROWTH NUTRACEUTICAL,3,0.326,0.459,55.6,13
REUMOFAN PLUS,23,0.326,0.466,42.9,165
HERBALIFE 21-DAY HERBAL CLEANSING PROGRAM PM TABLETS,4,0.322,0.405,80.4,15
HERBALIFE PROLESSA DUO,3,0.322,0.35,88.9,11
"BEROCCA (CAFFEINE, MINERALS, ASCORBIC ACID, VITAMIN B) EFFERVESCENT TABLET",1,0.321,0.321,0,6
"EMERGEN-C (ASCORBIC ACID, B-COMPLEX, ELECTROLYTE, MULTIMINERALS, MULTIVIT, ZINC) POWDER FOR ORAL SOLUTION",2,0.321,0.321,0,12
OPMS KRATOM,1,0.321,0.321,50,6
ARTRI KING,8,0.319,0.45,66.4,33
CENTRUM SILVER WOMEN'S 50+ (MULTIMINERALS MULTIVITAMINS) TABLET,3,0.319,0.37,10.1,37
GARCINIA CAMBOGIA,18,0.318,0.566,55.4,80
HYDROXYCUT REGULAR RAPID RELEASE,6,0.318,0.45,63.9,19
BIOTRUST IC-5,3,0.317,0.35,55.6,9
RED BULL ENERGY DRINK,3,0.317,0.45,55.6,9
HYDROXYCUT 24,3,0.315,0.35,53.3,11
HERBALIFE FORMULA 2 MULTIVITAMIN COMPLEX,6,0.314,0.45,69.4,22
NUTRAFOL WOMENS BALANCE HAIR GROWTH NUTRACEUTICAL,20,0.313,0.629,46.4,163
"CENTRUM SILVER (MULTIMINERALS, MULTIVITAMINS) TABLET",9,0.311,0.439,18.6,207
HYDROXYCUT HARDCORE ELITE CAPSULES,3,0.311,0.35,52.8,10
5-HOUR ENERGY,5,0.31,0.496,46.3,36
ARTRI AJO KING,7,0.31,0.45,73.8,23
HERBALIFE TOTAL CONTROL,24,0.31,0.459,82.1,131
ALPHA BRAIN,1,0.309,0.309,100,4
AMP ENERGY DRINK,1,0.309,0.309,50,4
"CENTRUM SILVER ADULTS 50+(MULTIMINERALS, MULTIVITAMINS) TABLET",3,0.309,0.343,11.1,25
FLORASTOR SACCHAROMYCES BOULARDII,1,0.309,0.309,50,4
GERITOL LIQUID,1,0.309,0.309,50,4
HERBAL EQUILIBRIUM,1,0.309,0.309,100,4
HYDROXYCUT PRO CLINICAL CAPLETS CAPLET,1,0.309,0.309,50,4
MODERE MINERAL SUPPLEMENT,1,0.309,0.309,50,4
NAC MARKETING AGELESS MALE,1,0.309,0.309,50,4
PATRIOT HEALTH ALLIANCE ULTIMATE MALE,1,0.309,0.309,50,4
PREVAGEN 10 MG,1,0.309,0.309,50,4
BURN,9,0.307,0.528,46.3,58
BALANCE OF NATURE WHOLE PRODUCE FRUITS,4,0.304,0.638,46.2,23
HYDROXYCUT NATURAL CAPLETS,15,0.304,0.45,54.4,68
HYDROXYCUT RAPID RELEASE CAPLETS,7,0.304,0.405,63.8,26
PLEXUS SLIM 2.0,2,0.304,0.309,100,7
5 HOUR ENERGY,7,0.301,0.496,70.3,57
ADVOCARE HERBAL CLEANSE,1,0.3,0.3,100,3
ADVOCARE MNS MAX 3,1,0.3,0.3,100,3
BENEFIBER UNKNOWN (NCH) (UNKNOWN) UNKNOWN,1,0.3,0.3,100,3
ENFAMIL D-VI-SOL LIQUID VITAMIN D SUPPLEMENT,1,0.3,0.3,100,3
HERBALIFE CORE COMPLEX,1,0.3,0.3,100,3
HERBALIFE SLEEP NOW,1,0.3,0.3,100,3
HERBALIFE THERMO-BOND,4,0.3,0.45,82.9,20
HERBALIFETOTAL CONTROL,1,0.3,0.3,100,3
ISAFLUSH ARIZONA NUTRITIONAL SUPPLEMENTS,6,0.3,0.45,83.3,18
MODERE ACTIVATE 3CT,2,0.3,0.35,50,6
MONSTER ENERGY DRINK,1,0.3,0.3,100,3
NUTRILITE DOUBLE X,1,0.3,0.3,100,3
PURITAN'S PRIDE GLUCOSAMINE CHONDROITIN MSM WITH MOBILI-FLEX COATED CAPLETS,1,0.3,0.3,100,3
ROYAL HONEY VIP,1,0.3,0.3,100,3
SYNC,4,0.3,0.345,45.8,19
HERBALIFE HERBAL ALOE CONCENTRATE,6,0.299,0.45,80.6,24
PURITAN'S PRIDE TURMERIC CURCUMIN,3,0.299,0.35,63.5,13
CENTRUM SILVER ULTRA WOMENS MULTIMINERAL MULTIVITAMINS TABLET,4,0.298,0.374,1,44
FLINSTONES COMPLETE MULTIVITAMINS CHEWABLE TABLET,2,0.298,0.345,46.7,8
NAC MARKETING SUPER BETA PROSTATE,2,0.297,0.309,45,9
NUTRIDIET,3,0.297,0.384,63.9,11
CENTRUM SILVER ULTRA WOMENS MULTIMINERALS MULTIVITAMINS,2,0.296,0.366,14.2,17
SUSTAIN,8,0.296,0.499,51.1,39
CITRACAL MAXIMUM FILM-COATED TABLET,2,0.295,0.366,15.6,14
CENTRUM SILVER ULTRA WOMENS MULTIMINERALS MULTIVITAMINS TABLET,9,0.294,0.407,1.2,215
5-HTP,2,0.292,0.35,45.8,7
ISAFLUSH,2,0.292,0.35,70.8,7
HYDROXYCUT WITH EPHEDRA,16,0.291,0.384,45.4,86
NUTRAFOL WOMEN HAIR GROWTH NUTRACEUTICAL,5,0.29,0.465,50.6,28
AG1 WHOLE FOOD POUCH 360G NON SPECIFIC,17,0.288,0.611,42.5,114
PLEXUS SLIM HUNGER CONTROL,3,0.288,0.309,93.3,12
RITUAL ESSENTIAL FOR WOMEN PRENATAL MULTIVITAMIN,2,0.288,0.393,9.1,20
SUPER BETA PROSTATE,44,0.288,0.542,31.3,966
PREVAGEN,4,0.287,0.475,40.3,23
FORMULA 2 MULTIVITAMIN COMPLEX,2,0.283,0.315,66.7,8
CITRACAL MAXIMUM,9,0.282,0.449,2.2,506
CITRACAL PETITES (CHOLECALCIFEROL +CALCIUM CITRATE) FILM-COATED TABLET,3,0.282,0.359,0,35
"CENTRUM SILVER ULTRA WOMEN'S (MULTIMINERALS, MULTIVITAMINS) TABLET",7,0.279,0.41,2.8,250
"PRESERVISION AREDS 2 SOFT GELS (CAPSULE, SOFT)",9,0.278,0.387,13.6,70
CITRACAL SLOW RELEASE 1200,4,0.277,0.399,3.9,65
THINOGENICS,2,0.277,0.321,12.5,10
TRIM,2,0.273,0.345,63.3,8
GREEN TEA FAT BURNER,7,0.272,0.45,46.2,25
5-HOUR ENERGY BERRY,3,0.271,0.345,53.3,13
BELLYTRIM XP,2,0.271,0.309,87.5,8
BENEFIBER W/ WHEAT DEXTRIN,2,0.271,0.271,33.3,12
CENTRUM SILVER MEN'S 50 PLUS,1,0.271,0.271,33.3,6
HYDROXYCUT CAFFEINE-FREE CAPLETS,24,0.271,0.441,39.9,127
SKINNY PILL,4,0.271,0.35,39.6,13
CITRACAL PETITES,8,0.27,0.426,2,307
HYDROXYCUT REGULAR RELEASE CAPLETS,3,0.27,0.309,38.9,10
SLOW FE BROWN (NCH) (FERROUS SULFATE) TABLET,5,0.27,0.368,26.9,22
PLEXUS BIO CLEANSE,6,0.269,0.461,75.1,39
BIO CLEANSE,2,0.267,0.3,87.5,7
"CENTRUM SILVER WOMEN'S 50+ (MULTIMINERALS, MULTIVITAMINS) TABLET",16,0.267,0.459,6.6,1079
KRILL OMEGA-3 SUPER FORMULA,3,0.267,0.3,88.9,9
PLEXUS BLOCK,2,0.267,0.3,87.5,7
CENTRUM SILVER ULTRA WOMEN'S,4,0.266,0.376,0,68
FERROUS SULFATE,3,0.264,0.459,52.8,11
PRESERVISION AREDS 2 FORMULA SOFT GELS,22,0.263,0.684,11.4,285
TOTAL BODY FORMULA,11,0.263,0.433,13,82
BENEFIBER SUGAR FREE (NCH) (WHEAT DEXTRIN) CHEWABLE TABLET,4,0.262,0.35,50,12
HYDROXYCUT REGULAR DRINK MIX SACHETS,16,0.262,0.456,31.2,75
CENTRUM SILVER WOMEN'S 50+ MULTIMINERALS MULTIVITAMINS TABLET,9,0.261,0.413,1.2,228
HYDROXYCUT REGULAR RAPID RELEASE CAPLETS (NO PREF. NAME),6,0.261,0.35,36.1,20
HYDROXYCUT HARDCORE,20,0.26,0.384,44.9,100
ONE A DAY WOMEN'S 50 PLUS HEALTHY ADVANTAGE,5,0.259,0.374,4.2,67
ONE A DAY WOMENS 50 PLUS HEALTHY ADVANTAGE,2,0.257,0.338,0,18
AZO CRANBERRY,1,0.255,0.255,80,5
CELL-U-LOSS,1,0.255,0.255,80,5
CITRACAL MAXIMUM BAYER,4,0.255,0.363,0,46
CITRACAL MAXIMUM CHOLECALCIFEROL CALCIUM CITRATE FILM COATED TABLET,2,0.255,0.351,0,21
NOSE SLAP,4,0.255,0.285,32.9,15
PROBIO 5,1,0.255,0.255,80,5
"CENTRUM SILVER MEN'S 50+ (MULTIMINERALS, MULTIVITAMINS) TABLET",7,0.254,0.424,23.4,98
"CENTRUM SILVER ULTRA WOMEN'S (MULTIMINERAL, MULTIVITAMINS) TABLET",2,0.254,0.343,0,18
EU NATURAL CONCEPTION FOR HER FERTILITY AID AND MULTI,2,0.254,0.35,0,20
METABO379,2,0.254,0.309,58.3,7
NUTRILITE INTESTIFLORA 7,2,0.254,0.309,58.3,7
CENTRUM ULTRA WOMENS MULTIMINERALS MULTIVITAMINS TABLET,4,0.253,0.359,0,41
CITRACAL CALCIUM + D SLOW RELEASE 1200,2,0.253,0.271,21.7,26
CITRACAL MAXIMUM (CHOLECALCIFEROL + CALCIUM CITRATE) FILM-COATED TABLET,11,0.253,0.416,5.2,155
MELATONIN,8,0.252,0.45,37.5,33
CITRACAL MAXIMUM CHOLECALCIFEROL + CALCIUM CITRATE FILM-COATED TABLET,2,0.251,0.343,0,17
ONE A DAY WOMEN'S MULTIVITAMINS + MINERALS FILM-COATED TABLET,2,0.251,0.343,0,17
5-HOUR ENERGY POMEGRANATE,1,0.25,0.25,33.3,3
AG1 WHOLE FOOD,1,0.25,0.25,33.3,3
AGELOC TR90 FIT (US),1,0.25,0.25,33.3,3
AZO CRANBERRY TABLETS,1,0.25,0.25,33.3,3
BENEFIBER (NCH),1,0.25,0.25,33.3,3
BIOTIN,1,0.25,0.25,33.3,3
BULLETPROOF BRAIN OCTANE OIL,1,0.25,0.25,33.3,3
CATALYST - NONSPECIFIC,1,0.25,0.25,33.3,3
CENTRUM SILVER ULTRA WOMENS,2,0.25,0.341,0,16
CITRACAL PETITES CHOLECALCIFEROL PLUS CALCIUM CITRATE FILM COATED TABLET,2,0.25,0.329,0,14
COSEVA ADVANCED TRS,1,0.25,0.25,33.3,3
DIGESTIVE ADVANTAGE PROBIOTIC GUMMIES,1,0.25,0.25,33.3,3
DUAL ACTION CLEANSE TOTAL BODY PURIFIER,1,0.25,0.25,33.3,3
ENDLESS YOUTH DIETARY SUPPLEMENT 30 DAY KIT,1,0.25,0.25,33.3,3
FIBER DRINK,1,0.25,0.25,33.3,3
FINEST NUTRITION FREE & PURE B-COMPLEX WITH VITAMIN C,1,0.25,0.25,33.3,3
GNC TRIPLE STRENGTH FISH OIL,1,0.25,0.25,33.3,3
"HERBAL CLEANSE PACK (RESTORE, HERBAL CLEANSE)",1,0.25,0.25,33.3,3
HERBALIFE RELAX NOW,2,0.25,0.3,83.3,6
LIBIDO MAX,1,0.25,0.25,33.3,3
MNS MAX C MAXIMUM APPETITE CONTROL,1,0.25,0.25,33.3,3
MODERE TRIM VANILLA,1,0.25,0.25,33.3,3
"NATURE'S BOUNTY EXTRA STRENGTH HAIR, SKIN & NAILS",1,0.25,0.25,33.3,3
NATURE'S BOUNTY ZINC,1,0.25,0.25,33.3,3
NATUREMADE IRON 65 MG,5,0.25,0.25,33.3,15
NUGENIX TOTAL-T,1,0.25,0.25,33.3,3
NUTRILITE CHEWABLE VITAMIN E,3,0.25,0.25,33.3,9
NUTRILITE LIVER SUPPORT TABLET,1,0.25,0.25,33.3,3
NUTRILITE NATURAL B COMPLEX TABLET,1,0.25,0.25,33.3,3
ONE A DAY WOMEN'S MINIGELS COMPLETE MULTIVITAMIN,4,0.25,0.367,1.9,28
ONE A DAY WOMENS MULTIVITAMINS COATED TABLET,2,0.25,0.336,0,15
ONE-A-DAY WOMEN'S ACTIVE MIND AND BODY,1,0.25,0.25,33.3,3
OXYELITE,1,0.25,0.25,33.3,3
PRESERVISION AREDS 2 SOFT GELS,1,0.25,0.25,33.3,3
PURITAN'S PRIDE GINKGO BILOBA,1,0.25,0.25,33.3,3
PURITAN'S PRIDE GREEN TEA EXTRACT,1,0.25,0.25,33.3,3
PURITAN'S PRIDE KLAMATH LAKE BLUE GREEN ALGAE,1,0.25,0.25,33.3,3
RHEUMACARE,1,0.25,0.25,33.3,3
SIMILAC PRENATAL(SIMILAC PRENATAL VITAMIN),1,0.25,0.25,33.3,3
SPARK ENERGY DRINK MANGO-STRAWBERRY 14 CT,1,0.25,0.25,33.3,3
STACKER 2 EPHEDRA FREE,1,0.25,0.25,33.3,3
SUPER DETOX,1,0.25,0.25,33.3,3
THE BODY SHOT BAR STEP 2,2,0.25,0.25,33.3,6
TIANEPTINE,1,0.25,0.25,33.3,3
TOTAL LEAN CLA,1,0.25,0.25,33.3,3
VANILLA PROTEIN TIN,2,0.25,0.25,33.3,6
XENADRINE,2,0.25,0.3,83.3,6
CENTRUM SILVER WOMENS 50+ MULTIMINERALS MULTIVITAMIN TABLET,2,0.249,0.333,0,14
EXTENZE PLUS,13,0.249,0.456,35.1,78
"CENTRUM SILVER WOMEN'S 50+(MULTIMINERALS, MULTIVITAMINS) TABLET",3,0.248,0.376,3.3,46
UMARY,4,0.248,0.405,40.8,19
BEROCCA CAFFEINE MINERALS ASCORBIC ACID VITAMIN B EFFERVESCENT TABLET,2,0.247,0.336,0,14
"CENTRUM (MULTIMINERALS, MULTIVITAMINS) UNKNOWN",2,0.247,0.459,50,14
CENTRUM ULTRA WOMEN'S MULTIMINERALS MULTIVITAMINS TABLET,2,0.247,0.336,0,14
"CENTRUM SILVER WOMEN'S 50+(MUL TIMINERALS, MULTIVITAMINS) TABLET",2,0.246,0.271,25,12
CITRACAL PETITES (CHOLECALCIFEROL + CALCIUM CITRATE) FILM-COATED TABLET,7,0.246,0.412,3.4,161
"PRESERVISION AREDS 2 FORMULA SOFT GELS (CAPSULE, SOFT)",19,0.246,0.502,27.5,148
CENTRUM SILVER ULTRA WOMEN'S (MULTIMINERALS MULTIVITAMINS) TABLET,2,0.244,0.329,0,12
"CENTRUM SILVER WOMEN'S 50 PLUS (MULTIMINERALS, MULTIVITAMINS) TABLET",4,0.243,0.346,0,27
LEPTIBURN,5,0.243,0.384,68.3,20
NATUREMADE VITAMIN B6,2,0.243,0.336,0,13
WOMENS BALANCE HAIR GROWTH NUTRACEUTICAL,3,0.243,0.309,43.3,14
NATUREMADE FISH OIL 1200 MG,2,0.242,0.25,29.2,7
TOTAL CONTROL,2,0.242,0.25,54.2,7
CITRICAL MAXIMUM,2,0.241,0.333,0,12
PROTANDIM US,12,0.24,0.45,49.1,78
ADVOCARE MNS 3,3,0.239,0.25,27.8,11
BODYDYNAMIX SLIMVANCE THERMOGENIC,3,0.239,0.309,27.8,11
"CALTRATE 600 + VITAMIN D (CALCIUM CARBONATE, CHOLECALCIFEROL) TABLET",9,0.238,0.44,21.8,80
5-HOUR ENERGY EXTRA STRENGTH BERRY,1,0.234,0.234,25,4
BLACK STALLION TABS,1,0.234,0.234,25,4
FLINTSTONES COMPLETE CHEWABLE,4,0.234,0.45,37.5,18
GLUTADOSE,1,0.234,0.234,25,4
ONE A DAY MEN'S HEALTH FORMULA,1,0.234,0.234,25,4
ONE A DAY WOMEN'S PRENATAL (MULTIVITAMINS + MINERALS) FILM-COATED TABLET,1,0.234,0.234,25,4
SWANSON PREMIUM NIACIN,1,0.234,0.234,25,4
BENEFIBER,2,0.233,0.3,50,8
CITRACAL PETITES CHOLECALCIFEROL + CALCIUM CITRATE FILM-COATED TABLET,2,0.233,0.367,20.5,16
CENTRUM SILVER ULTRA WOMEN'S MULTIMINERALS MULTIVITAMINS TABLET,6,0.231,0.377,0,77
MODERE SUSTAIN,3,0.231,0.3,58.3,11
14-DAY ACAI BERRY CLEANSE,4,0.23,0.285,23.3,17
CENTRUM SILVER WOMEN 50+,5,0.23,0.412,16.1,65
STACKER 2,5,0.23,0.45,46.7,15
CENTRUM SILVER MULTIMINERALS MULTIVITAMINS TABLET,4,0.229,0.374,0,67
FLINTSTONES COMPLETE (MULTIVITAMINS) CHEWABLE TABLET,3,0.228,0.343,0,25
GO RUBY GO,3,0.228,0.285,24.4,11
"CENTRUM SILVER WOMENS 50+ (MULTIMINERALS, MULTIVITAMINS) TABLET",7,0.227,0.386,7.6,119
"CENTRUM ULTRA WOMEN'S (MULTIMINERALS, MULTIVITAMINS) TABLET",4,0.227,0.367,0,58
ARBONNE ESSENTIALS BODY CLEANSE,3,0.226,0.343,0,24
PRESERVISION AREDS 2,42,0.226,0.532,17.7,609
CENTRUM MULTIGUMMIES ADULTS 50+,2,0.225,0.25,50,6
CITRACAL MAXIMUM CALCIUM CITRATE,1,0.225,0.225,20,5
EU NATURAL CONCEPTION FOR HER,1,0.225,0.225,20,5
HYDROXYCUT CAFFEINE FREE,2,0.225,0.35,50,6
METAMUCIL,1,0.225,0.225,20,5
MODERE BURN,14,0.225,0.465,37.4,124
QUINCY BIOSCIENCE PREVAGEN 10MG,2,0.225,0.3,50,6
SHAKEOLOGY VANILLA,2,0.225,0.35,50,6
SUPER BETA PROSTATE P3 ADVANCED,23,0.225,0.491,24.4,206
"CENTRUM SILVER WOMEN'S 50 + (MULTIMINERALS, MULTIVITAMINS) TABLET",6,0.223,0.358,0,53
ENDLESS YOUTH VITAMIN SUPPLEMENT,4,0.223,0.25,47.9,14
BENEFIBER WITH WHEAT DEXTRIN (NCH) (WHEAT DEXTRIN) POWDER,18,0.222,0.638,30.3,97
HYDROXYCUT MAX,3,0.222,0.309,38.9,11
PREVAGEN REGULAR STRENGTH,11,0.222,0.321,35.9,73
CENTRUM SILVER FOR WOMEN,1,0.221,0.221,16.7,6
LACTAID FAST ACT CAPLETS,5,0.221,0.384,39,26
LACTAID FAST ACT CHEWABLES,1,0.221,0.221,16.7,6
MOMMYS BLISS GRIPE WATER ORIGINAL,1,0.221,0.221,16.7,6
ONE A DAY WOMENS 50+ MINIGELS COMPLETE MULTIVITAMIN,1,0.221,0.221,16.7,6
SIMILAC PROBIOTIC TRIBLEND,1,0.221,0.221,16.7,6
VITAMIN D,4,0.221,0.3,47.9,13
CENTRUM SILVER WOMEN'S 50+ TABLET,2,0.22,0.261,14.3,15
CITRACAL,5,0.22,0.369,2,64
FLINTSTONES COMPLETE MULTIVITAMINS CHEWABLE TABLET,6,0.22,0.348,9.7,40
GRIPE WATER,1,0.218,0.218,14.3,7
NUTRILITE CAL MAG D,2,0.217,0.234,70.8,7
CENTRUM SILVER MEN'S 50+,9,0.216,0.429,12.7,102
CENTRUM SILVER WOMENS 50 PLUS MULTIMINERALS MULTIVITAMINS TABLET,3,0.216,0.333,0,17
CITRACAL MAXIMUM CHOLECALCIFEROL PLUS CALCIUM CITRATE FILM COATED TABLET,3,0.213,0.329,0,15
TRUVY ALTER,7,0.213,0.321,46.4,30
BENEFIBER WITH WHEAT DEXTRIN,8,0.21,0.309,29.2,36
FRUTA PLANTA,5,0.21,0.309,28.3,18
"CITRACAL, MAXIMUM, BAYER",3,0.208,0.25,15.3,15
PHILLIPS' COLON HEALTH,6,0.208,0.25,25.6,23
TRUVY TRUFIX,6,0.208,0.321,41.7,24
YOUTHEORY TURMERIC,4,0.208,0.25,31.2,13
"CENTRUM WOMEN UNDER 50 (MULTIMINERALS, MULTIVITAMINS) TABLET",5,0.207,0.36,0,49
ONE A DAY WEIGHT SMART ADVANCED,3,0.207,0.321,50,12
BENEFIBER W WHEAT DEXTRIN (NCH) (WHEAT DEXTRIN) POWDER,20,0.206,0.486,24.7,99
CENTRUM SILVER WOMEN'S 50+,11,0.206,0.425,7.5,219
CITRACAL MAXIMUM (CHOLECALCIFEROL +CALCIUM CITRATE) FILM-COATED TABLET,4,0.206,0.353,0,30
NIACIN,11,0.206,0.35,34.5,43
FLINTSTONES WITH IRON,2,0.204,0.309,41.7,7
ADVOCARE CATALYST BOTTLE,1,0.2,0.2,66.7,3
CALTRATE 600 PLUS CHEWABLE,1,0.2,0.2,66.7,3
"CENTRUM SILVER (MULTIMINERALS, MULTIVITAMINS)",4,0.2,0.315,25,19
FLINTSTONES PLUS IRON,1,0.2,0.2,66.7,3
GNC AMP WHEYBOLIC,1,0.2,0.2,66.7,3
KOWA NUTRIDIET,3,0.2,0.2,66.7,9
LACTAID FAST ACT ULTRA,2,0.2,0.25,16.7,6
LIFEPAK NANO (US),1,0.2,0.2,66.7,3
LIFEVANTAGE PROTANDIM NRF2 SYNERGIZER,1,0.2,0.2,66.7,3
NATROL MELATONIN,1,0.2,0.2,66.7,3
NATURE'S BOUNTY FISH OIL,1,0.2,0.2,66.7,3
NIACIN 500,1,0.2,0.2,66.7,3
OSTEO BI-FLEX ONE PER DAY COATED TABLETS,1,0.2,0.2,66.7,3
PLEXUS RESTORE,1,0.2,0.2,66.7,3
PLEXUS WORLDWIDE INC. PLEXUS SLIM,1,0.2,0.2,66.7,3
SCHIFF MOVE FREE ADVANCED,2,0.2,0.25,16.7,6
HYDROXYCUT CARB CONTROL CAPSULES,9,0.199,0.304,14,36
NUTRAFOL WOMEN'S BALANCE,3,0.198,0.285,13.3,12
PURITAN'S PRIDE NIACIN 500MG COATED CAPLETS,10,0.198,0.309,23.7,39
ARBONNE ESSENTIALS GREENS BALANCE,5,0.196,0.333,0,28
VITAMIN E,2,0.196,0.234,62.5,8
"CENTRUM SILVER ADULTS 50+ (MULTIMINERALS, MULTIVITAMINS) TABLET",7,0.195,0.434,10.9,134
CITRACAL REGULAR,1,0.195,0.195,60,5
ARBONNE ESSENTIALS DIGESTION PLUS,8,0.194,0.368,12,75
LACTAID,2,0.193,0.285,36.7,8
FLINTSTONES COMPLETE MULTIVITAMINS + MINERALS CHEWABLE TABLET,2,0.192,0.234,12.5,7
NATUREMADE L-LYSINE 1000 MG TABLET,2,0.192,0.234,12.5,7
LACTAID FAST ACT,8,0.191,0.248,8.8,91
ONE A DAY WOMEN'S 50+ HEALTHY ADVANTAGE,2,0.191,0.217,3.8,18
ONE A DAY WOMENS (MULTIVITAMINS + MINERALS) FILM-COATED TABLET,4,0.191,0.367,6,30
NUTRILITE SLIMMETRY,6,0.19,0.3,45.8,20
ARBONNE ESSENTIALS CHOCOLATE PROTEIN SHAKE MIX,3,0.189,0.338,5.6,21
PLEXUS SLIM MICROBIOME ACTIVATING,4,0.189,0.255,61.7,14
GNC NIACIN,4,0.186,0.234,22.9,14
ONE A DAY WOMEN'S MULTIVITAMINS + MINERALS FILM COATED TABLET,1,0.186,0.186,0,10
ARBONNE ESSENTIALS VANILLA PROTEIN SHAKE MIX,2,0.185,0.2,33.3,9
CENTRUM ADULTS UNDER 50,2,0.185,0.3,58.3,9
OCUVITE ADULT,2,0.185,0.221,8.3,9
ONE A DAY WOMEN'S 50+ HEALTHY ADVANTAGE(MULTIVITAMINS + MINERALS) FILM-COATED TABLET,2,0.185,0.221,8.3,9
ARBONNE ESSENTIALS PROTEIN SHAKE MIX - CHOCOLATE,10,0.184,0.355,4.3,72
CALTRATE 600 + VITAMIN D,4,0.184,0.363,0,48
CENTRUM SILVER MEN 50 PLUS,2,0.184,0.348,0,21
HYDROXYCUT WEIGHT LOSS SHOT,8,0.183,0.25,10.4,26
OAD WOMEN'S MINIGELS COMPLETE MULTIVITAMIN,2,0.183,0.341,0,19
"ONE A DAY MEN'S HEALTH FORMULA (MULTIVITAMINS, MINERALS, LYCOPENE) FILM-COATED TABLET",8,0.183,0.395,0.2,128
TRUBIOTICS (BIFIDOBACTERIUM + LACTOBACILLUS) CAPSULE,4,0.182,0.25,20.8,16
MNS 3,6,0.181,0.35,23.5,27
ARBONNE ESSENTIALS HERBAL DETOX TEA,10,0.18,0.368,20.1,59
CENTRUM SILVER WOMENS 50 MULTIMINERALS MULTIVITAMINS TABLET,3,0.18,0.186,0,25
ONNIT ALPHA BRAIN,3,0.18,0.321,22.2,15
PRESERVISION AREDS 2 FORMULA,9,0.18,0.408,15,58
OAD WOMEN'S 50+ MINIGELS COMPLETE MULTIVITAMIN,2,0.179,0.333,0,16
CENTRUM SILVER MULTIMINERALS MULTIVITAMINS,3,0.178,0.351,0,28
AGELESS MALE,4,0.177,0.234,32.1,15
ONE A DAY WOMEN'S PETITES,2,0.177,0.183,0,15
CENTRUM SILVER ADULTS 50+ MULTIMINERALS MULTIVITAMIN,4,0.175,0.359,0,38
"CENTRUM SILVER ULTRA WOMEN'S MULTIMINERALS, MULTIVITAMINS TABLET",2,0.175,0.186,0,15
CITRACAL PETITES BAYER,2,0.175,0.186,0,15
MOMMY'S BLISS GRIPE WATER ORIGINAL,1,0.175,0.175,0,7
PERFORMIX SST,2,0.175,0.25,33.3,6
PLEXUS EASE,2,0.175,0.25,33.3,6
RITUAL ESSENTIAL FOR WOMEN MULTIVITAMIN 18 PLUS,1,0.175,0.175,0,7
PRESERVISION AREDS SOFT GELS,3,0.174,0.221,5.6,12
SHAKEOLOGY CHOCOLATE BAG 30 SERVING,3,0.173,0.225,37.8,13
SUPER BETA VIRILITY BOOST,15,0.173,0.383,17.3,117
CATALYST,3,0.172,0.35,38.9,11
CENTRUM SILVER ADULTS 50+ MULTIMINERALS MULTIVITAMINS TABLET,2,0.172,0.179,0,13
LIPODRENE,3,0.172,0.25,22.2,11
"CENTRUM SILVER ULTRA WOMEN'S (MULTIMINERALS, MULTIVITAMINS)",1,0.171,0.171,0,6
CITRACAL CALCIUM CITRATE,1,0.171,0.171,0,6
CITRACAL CHOLECALCIFEROL CALCIUM CITRATE COATED TABLET,1,0.171,0.171,0,6
CITRACAL PETITES CHOLECALCIFEROL + CALCIUM CITRATE FILM COATED TABLET,1,0.171,0.171,0,6
MOMMY'S BLISS GRIPE WATER NIGHTTIME,1,0.171,0.171,0,6
MOMMYS BLISS GRIPE WATER NIGHTTIME,1,0.171,0.171,0,6
"ONE A DAY MENS HEALTH FORMULA MULTIVITAMINS, MINERALS, LYCOPENE",1,0.171,0.171,0,6
"ONE A DAY WOMEN'S 50+ ADVANTAGE (MULTIVITAMINS, MINERALS, GINKGO BILOBA) FILM-COATED TABLET",1,0.171,0.171,0,6
ONE A DAY WOMEN'S 50+ HEALTHY ADVANTAGE FILM-COATED TABLET,1,0.171,0.171,0,6
PRENA1 PEARL,1,0.171,0.171,0,6
PREVAGEN EXTRA STRENGTH,7,0.171,0.329,28.7,45
CELL ACTIVATOR,3,0.17,0.25,38.9,10
"CENTRUM SILVER ULTRA MEN'S (MULTIMINERALS, MULTIVITAMINS) TABLET",2,0.17,0.175,0,12
CITRACAL CALCIUM + D3 GUMMIES,2,0.169,0.179,0,12
CITRACAL PETITES CHOLECALCIFEROL CALCIUM CITRATE FILM COATED TABLET,2,0.169,0.188,0,14
ONE A DAY WOMENS,3,0.169,0.329,0,19
ARBONNE ESSENTIALS DAILY FIBER BOOST,9,0.168,0.35,11.1,60
ARBONNE ESSENTIALS PROTEIN SHAKE MIX VANILLA,2,0.168,0.171,0,11
CITRACAL PETITES(CHOLECALCIFEROL +CALCIUM CITRATE) FILM-COATED TABLET,3,0.168,0.188,0,19
FLINSTONES COMPLETE (MULTIVITAMINS) CHEWABLE TABLET,2,0.168,0.171,0,11
ADVOCARE THERMOPLUS,2,0.167,0.234,29.2,7
BENEFIBER STICK PACKS (WHEAT DEXTRIN) POWDER,4,0.167,0.35,41.2,15
HERBAL CLEANSE WITH CITRUS FIBER DRINK,6,0.167,0.309,37.5,21
NATUREMADE IRON,2,0.167,0.25,29.2,7
TOTAL BODY ESSENTIAL TOTAL BODY FORMULA,7,0.167,0.336,0,41
CENTRUM SILVER ADULTS 50+,5,0.166,0.281,7.7,37
ONE A DAY WOMEN'S FILM-COATED TABLET,2,0.166,0.183,0,12
BEAUTY SLIM (PRETTY SLIM),4,0.165,0.165,0,20
CALCIUM SUPPLEMENT,1,0.165,0.165,0,5
CENTRUM SILVER ULTRA WOMENS MULTIMINERAL MULTIVITAMINS,1,0.165,0.165,0,5
"CENTRUM SILVER WOMEN'S 50 (MULTIMINERALS, MULTIVITAMINS) TABLET",2,0.165,0.171,0,10
"CENTRUM SILVER WOMEN'S 50 PLUS (MUL TIMINERALS, MULTIVITAMINS) TABLET",1,0.165,0.165,0,5
CENTRUM SILVER WOMEN'S 50+ MULTIMINERALS MULTIVITAMIN,1,0.165,0.165,0,5
CITRACAL MAXIMUM CHOLECALCIFEROL + CALCIUM CITRATE FILM COATED TABLET,2,0.165,0.179,0,11
FLINTSTONES GUMMIES MULTIVITAMINS,3,0.165,0.175,0,16
FLINTSTONES WITH IRON (MULTIVITAMINS + IRON) CHEWABLE TABLET,1,0.165,0.165,0,5
NATUREMADE BURP-LESS FISH OIL,1,0.165,0.165,0,5
"ONE A DAY MEN'S HEALTH FORMULA (MULTIVITAMINS, MULTIMINERALS, LYCOPENE) FILM-COATED TABLET",1,0.165,0.165,0,5
ONE A DAY MEN'S MULTIVITAMIN,2,0.165,0.179,0,11
ONE A DAY WOMEN'S 50 PLUS HEALTHY ADVANTAGE BAYER,1,0.165,0.165,0,5
ONE A DAY WOMENS MULTIVITAMIN COATED TABLET,1,0.165,0.165,0,5
ONE-A-DAY WOMEN'S (MULTIVITAMINS) COATED TABLET,2,0.165,0.179,0,11
PINK PUSSYCAT,1,0.165,0.165,0,5
VITAPEARL PRENATAL MULTIVITAMIN WITH DHA,1,0.165,0.165,0,5
BENEFIBER PREBIOTIC FIBER SUPPLEMENT,2,0.163,0.175,0,10
LIBIDO MAX FOR MEN,3,0.163,0.165,0,14
"ONE A DAY MEN'S 50+ HEALTHY ADVANTAGE (MULTIVITAMINS, MINERALS, LYCOPENE) FILM-COATED TABLET",2,0.163,0.175,0,10
ONE A DAY MEN'S HEALTH FORMULA MULTIVITAMINS MINERALS LYCOPENE FILM COATED TABLET,2,0.163,0.175,0,10
AGELESS MALE MAX,6,0.162,0.336,5.2,39
ARBONNE ESSENTIALS PROTEIN SHAKE MIX CHOCOLATE,2,0.162,0.165,0,9
CITRACAL PETITES FILM-COATED TABLET,4,0.162,0.175,0,19
NATUREMADE CALCIUM,2,0.162,0.165,0,9
NATUREMADE L-LYSINE,2,0.162,0.165,0,9
FLINTSTONES COMPLETE,4,0.161,0.234,14.6,14
ONE A DAY WOMEN'S,9,0.161,0.413,9.8,155
UMARY HYALURONIC ACID,4,0.161,0.25,13.3,16
"CITRACAL PLUS MAGNESIUM (CALCIUM CITRATE, VITAMIN D, MINERALS) FILM-COATED TABLET",2,0.16,0.171,0,9
ONE A DAY WOMEN'S 50+ HEALTHY ADVANTAGE (MULTIVITAMINS + MINERALS) FILM-COATED TABLET,4,0.16,0.394,4.2,65
ARBONNE ESSENTIALS ENERGY FIZZ STICKS,1,0.159,0.159,0,4
ARBONNE ESSENTIALS PROTEIN SHAKE MIX,1,0.159,0.159,0,4
"BAYER PRO ULTRA OMEGA-3 (OMEGA-3 FATTY ACIDS, VITAMIN D3)",1,0.159,0.159,0,4
"BEROCCA (CAFFEINE, MINERALS, ASCORBIC ACID, VITAMIN B)",1,0.159,0.159,0,4
CALCIUM,1,0.159,0.159,50,4
CALTRATE 600 + D CALCIUM CARBONATE CHOLECALCIFEROL TABLET,2,0.159,0.159,0,8
"CENTRUM SILVER ULTRA WOMEN'S (MULTIMINERAL, MULTIVITAMIN) TABLET",1,0.159,0.159,0,4
"CENTRUM SILVER WOMEN'S (MULTIMINERALS, MULTIVITAMINS) TABLET",1,0.159,0.159,0,4
CENTRUM SILVER WOMEN'S 50+ (MULTIMINERALS + MULTIVITAMINS) TABLET,1,0.159,0.159,0,4
CITRACAL MAXIMUM CHOLECALCIFEROL CALCIUM CITRATE,1,0.159,0.159,0,4
CITRACAL PETITES(CHOLECALCIFEROL + CALCIUM CITRATE) FILM-COATED TABLET,1,0.159,0.159,0,4
"CITRACAL, PETITES, BAYER",1,0.159,0.159,0,4
FLORASTOR DAILY PROBIOTIC SUPPLEMENT,1,0.159,0.159,0,4
KRATOM 7OH,1,0.159,0.159,0,4
LE-VEL THRIVE,2,0.159,0.159,0,8
NATUREMADE VITAMIN C 1000 MG TABLET,1,0.159,0.159,0,4
OCUVITE ADULT 50 PLUS,1,0.159,0.159,0,4
OMEGAPLEX,18,0.159,0.405,29.6,118
ONE A DAY MEN'S 50+ MINIGELS COMPLETE MULTIVITAMIN,1,0.159,0.159,0,4
ONE A DAY WOMEN'S 50 PLUS ADVANTAGE,1,0.159,0.159,0,4
ONE A DAY WOMEN'S 50+ HEALTHY ADVANTAGE (MULTIVITAMINS +MINERALS) FILM-COATED TABLET,1,0.159,0.159,0,4
ONE A DAY WOMEN'S PRENATAL 1,1,0.159,0.159,0,4
ONE A DAY WOMENS MULTIVITAMINS + MINERALS,1,0.159,0.159,0,4
PHILLIPS COLON HEALTH,1,0.159,0.159,0,4
QUINCY BIOSCIENCE PREVAGEN,1,0.159,0.159,0,4
RECONNECT,1,0.159,0.159,50,4
RITUAL ESSENTIAL FOR WOMEN MULTIVITAMIN 50 PLUS,1,0.159,0.159,0,4
RITUAL HYACERA,1,0.159,0.159,0,4
RITUAL STRESS RELIEF,1,0.159,0.159,0,4
SLIMVANCE THERMOGENIC,1,0.159,0.159,0,4
SNI PRO WHEY,1,0.159,0.159,0,4
SUNDOWN NATURALS NIACIN 500 MG TIME RELEASE CAPLETS,1,0.159,0.159,0,4
VANILLA PROTEIN,1,0.159,0.159,0,4
BEROCCA MULTIVITAMINS CAFFEINE EFFERVESCENT TABLET,2,0.158,0.165,0,8
CENTRUM SILVER WOMEN'S 50+ MULTIMINERALS MULTIVITAMINSTABLET,2,0.158,0.165,0,8
CENTRUM SILVER WOMENS 50+ (MULTIMINERALS MULTIVITAMIN) TABLET,2,0.158,0.165,0,8
PHILLIPS' LAXATIVE DIETARY SUPPLEMENT (MAGNESIUM OXIDE) COATED TABLET,2,0.158,0.165,0,8
VIVAZEN,9,0.158,0.159,0,35
ADVOCARE OMEGAPLEX,5,0.157,0.25,40.3,19
ONE A DAY WOMEN'S (MULTIVITAMINS +MINERALS) FILM-COATED TABLET,3,0.157,0.171,0,12
RELACORE,4,0.157,0.25,11.9,17
NATURE MADE CALCIUM 600 MG WITH VITAMIN D3,3,0.156,0.159,0,11
CENTRUM SILVER,6,0.155,0.35,12.1,55
ONE A DAY MENS 50 PLUS HEATHLY ADVANTAGE,4,0.155,0.217,5.9,29
PRESERVISION AREDS,6,0.155,0.234,6.5,26
ARBONNE ESSENTIALS ENERGY FIZZ STICKS CITRUS,2,0.154,0.159,0,7
ARBONNE ESSENTIALS ENERGY FIZZ STICKS POMEGRANATE,2,0.154,0.159,0,7
ARBONNE ESSENTIALS HERBAL TEA,2,0.154,0.159,0,7
CALTRATE 600 PLUS CHEWABLE CALCIUM CARBONATE VITAMIN D ZINC CHEWABLE TABLET,2,0.154,0.159,0,7
CENTRUM SILVER WOMEN'S 50+ MULTIMINERALS MULTIVITAMIN TABLET,2,0.154,0.159,0,7
EXTENZE PLUS MALE ENHANCEMENT,2,0.154,0.159,0,7
FLINTSTONES COMPLETE (MULTIVITAMINS + MINERALS) CHEWABLE TABLET,2,0.154,0.159,0,7
NATUREMADE FULL STRENGTH MINI OMEGA 3 SOFTGEL,2,0.154,0.159,0,7
PRESERVISION AREDS 2 MULTIVITAMIN SOFT GELS,2,0.154,0.159,0,7
MODERE ACTIVATE,10,0.153,0.336,31.2,55
OXYLIFE PHENOCANE,3,0.153,0.159,0,10
PHILLIPS' COLON HEALTH BIFIDOBACTERIUM + LACTOBACILLUS CAPSULE,3,0.153,0.159,0,10
EXTENZE,8,0.152,0.347,29,35
5 HOUR ENERGY BERRY,1,0.15,0.15,0,3
ADVOCARE DIETARY SUPPLEMENTS,5,0.15,0.15,0,15
BAYER ONE A DAY WEIGHT SMART,1,0.15,0.15,0,3
BEROCCA CAFFEINE MINERALS ASCORBIC ACID VITAMIN B,1,0.15,0.15,0,3
BLINK NUTRITEARS,1,0.15,0.15,0,3
BLOOD PRESSURE FACTORS,1,0.15,0.15,0,3
"CALTRATE 600 + VITAMIN D (CALCIUM CARBONATE, CHOLECALCIFEROL)",1,0.15,0.15,0,3
"CALTRATE PLUS (CALCIUM CARBONATE, VITAMIN D, ZINC) TABLET",1,0.15,0.15,0,3
"CENTRUM FLAVOR BURST (MULTIMINERALS, MULTIVITAMINS) CHEWABLE TABLET",1,0.15,0.15,0,3
"CENTRUM SILVER ADULTS 50+ MULTIMINERALS, MULTIVITAMINS TABLET",2,0.15,0.225,20,10
CENTRUM SILVER FOR MEN,1,0.15,0.15,0,3
CENTRUM SILVER MULTIVITAMIN MULTIMINERAL SUPPLEMENT,1,0.15,0.15,0,3
"CENTRUM SILVER ULTRA WOMEN'S (MULTIMINERALS, MULTIVITAMINS)TABLET",1,0.15,0.15,0,3
"CENTRUM SILVER ULTRA WOMEN'S (MULTIVITAMINS, MULTIMINERALS) TABLET",1,0.15,0.15,0,3
CENTRUM SILVER ULTRA WOMENS MULTIMINERALS MULTIVITAMIN TABLET,1,0.15,0.15,0,3
CENTRUM SILVER ULTRA WOMENS MULTIMINERALS MULTIVITAMINS TABLETS,1,0.15,0.15,0,3
CENTRUM SILVER ULTRA WOMENS TABLET,1,0.15,0.15,0,3
"CENTRUM SILVER ULTRA WOMENS (MULTIMINERALS, MULTIVITAMINS) TABLET",1,0.15,0.15,0,3
"CENTRUM SILVER WOMEN'S 50+ (MULTIMINERAL, MULTIVITAMINS) TABLET",1,0.15,0.15,0,3
CENTRUM SILVER WOMEN'S 50+ MULTIMINERALS MULTIVITAMINS TABLETS,1,0.15,0.15,0,3
CENTRUM SILVER WOMEN'S MULTIMINERALS MULTIVITAMINS TABLET,1,0.15,0.15,0,3
CENTRUM ULTRA WOMENS,1,0.15,0.15,0,3
CENTRUM ULTRA WOMENS MULTIVITAMINS MULTIMINERALS TABLET,1,0.15,0.15,0,3
CENTRUM WOMEN UNDER 50 MULTIMINERALS MULTIVITAMIN,1,0.15,0.15,0,3
CITRACAL CHOLECALCIFEROL PLUS CALCIUM CITRATE COATED TABLET,1,0.15,0.15,0,3
CITRACAL MAXIMUM ( CHOLECALCIFEROL+ CALCIUM CITRATE) FILM-COATED TABLET,1,0.15,0.15,0,3
CITRACAL MAXIMUM CAPLETS + D,1,0.15,0.15,0,3
CITRACAL PETITES (CALCIUM CITRATE),1,0.15,0.15,0,3
CITRACAL PLUS (CALCIUM CARBONATE + VITAMIN D),1,0.15,0.15,0,3
"CITRACAL PLUS BONE DENSITY BUILDER (CALCIUM CARBONATE, CALCIUM CITRATE, MINERALS, GENESTEIN) FILM-COATED TABLET",1,0.15,0.15,0,3
CITRACAL SLOW RELEASE,1,0.15,0.15,0,3
CONCEPTION FOR HER FERTILITY AID AND MULTI,1,0.15,0.15,0,3
EMERGEN-C ASCORBIC ACID B-COMPLEX ELECTROLYTE MULTIMINERAL MULTIVITAMIN ZINC POWDER FOR ORAL SOLUTION,2,0.15,0.15,0,6
EMERGEN-C CRYSTALS-STRAWBERRY BURST,1,0.15,0.15,0,3
EQUELLE MENOPAUSE SYMPTOM RELIEF,1,0.15,0.15,0,3
ESSENTIAL FOR WOMEN PRENATAL MULTIVITAMIN,1,0.15,0.15,0,3
ESTROVEN NIGHTTIME + MELATONIN CAPLETS,1,0.15,0.15,0,3
ESTROVEN WEIGHT MANAGEMENT,1,0.15,0.15,0,3
FLINSTONES COMPLETE CHILDREN'S MULTIVITAMIN SUPPLEMENT CHEWABLE,2,0.15,0.15,0,6
FLINSTONES COMPLETE CHILDRENS MULTIVITAMIN,2,0.15,0.15,0,6
FLINSTONES GUMMIES (MULTIVITAMINS),1,0.15,0.15,0,3
FLINSTONES GUMMIES MULTIVITAMINS,1,0.15,0.15,0,3
FLINTSTONES GUMMIES,1,0.15,0.15,0,3
FLINTSTONES GUMMIES MULTIVITAMINS ORAL DROPS,2,0.15,0.15,0,6
FLINTSTONES MULTIVITAMINS,1,0.15,0.15,0,3
FLINTSTONES UNKNOWN MULTIVITAMINS,1,0.15,0.15,0,3
FLINTSTONES WITH IRON MULTIVITAMINS + IRON CHEWABLE TABLET,1,0.15,0.15,0,3
GCB TRIM COFFEE BEAN EXTRACT,1,0.15,0.15,0,3
GNC HERBAL PLUS WHOLE HERB FENUGREEK SUPPLEMENT 100 CAPSULES,2,0.15,0.15,0,6
GNC MENS STAMINOL RAPID SURGE,2,0.15,0.15,0,6
GOVVI WOW,1,0.15,0.15,0,3
HEALTHY LIFE CHEMISTRY MULTIMINERALS,1,0.15,0.15,0,3
HERBAL CLEANSE - PEACHES & CREAM FIBER DRINK,1,0.15,0.15,0,3
HERBAL CLEANSE DIETARY SUPPLEMENT,1,0.15,0.15,0,3
HYDROXYCUT 24 AM,6,0.15,0.15,0,18
HYDROXYCUT 24 PM,6,0.15,0.15,0,18
HYDROXYCUT MAX POWDER PACKETS,2,0.15,0.15,0,6
HYDROXYCUT PRO CLINICAL CAPLETS,1,0.15,0.15,0,3
HYDROXYCUT WITH EPHEDRA (NO PREF. NAME),1,0.15,0.15,0,3
IT WORKS! SLIMMING GUMMIES,1,0.15,0.15,0,3
KIRKLAND GENERIC MULTIVITAMIN WITH HERBS,2,0.15,0.15,0,6
LACTAID FAST ACTING,2,0.15,0.15,0,6
LEE SWANSON SIGNATURE LINE HEALTHY BLOOD PRESSURE SUPPORT FORMULA,1,0.15,0.15,0,3
LIMBEX,1,0.15,0.15,0,3
LIVE IT UP SUPER GREENS,2,0.15,0.15,0,6
MASS COMPLEX,3,0.15,0.15,0,9
MODERE LIQUID BIOCELL LIFE,1,0.15,0.15,0,3
MOMMYS BLISS GRIPE WATER,1,0.15,0.15,0,3
NATROL SLEEP MELATONIN 5MG FAST DISSOLVE,1,0.15,0.15,0,3
NATURE MADE MULTI COMPLETE VITAMIN,2,0.15,0.15,0,6
NATURE'S SUNSHINE SUPER OMEGA 3 EPA DIETARY SUPPLEMENT,1,0.15,0.15,0,3
NATUREMADE FULL STRENGTH MINIS SUPER OMEGA 3 SOFTGEL,1,0.15,0.15,0,3
NATUREMADE MAGNESIUM CITRATE SOFTGEL,1,0.15,0.15,0,3
NATUREMADE TRIPLE OMEGA SOFTGEL,1,0.15,0.15,0,3
NATUREMADE VITAMIN C 500 MG WITH ROSE HIPS TABLET,2,0.15,0.15,0,6
NEURITERX,1,0.15,0.15,0,3
NEURIVA BRAIN PERFORMANCE ORIGINAL,1,0.15,0.15,0,3
NIACIN 250 DIETARY SUPPLEMENT TABLET,2,0.15,0.15,0,6
NOW NIACIN,3,0.15,0.15,0,9
NURISH BY NATUREMADE MAGNESIUM OXIDE,1,0.15,0.15,0,3
NURISH BY NATUREMADE VITAMIN D3,1,0.15,0.15,0,3
NUTRAFOL HAIRBIOTIC,1,0.15,0.15,0,3
NUTRAFOL POSTPARTUM HAIR GROWTH NUTRACEUTICAL,1,0.15,0.15,0,3
NUTRAFOL STRESS ADAPTOGEN HAIR WELLNESS BOOSTER,1,0.15,0.15,0,3
NUTRIGOLD GARCINIA CAMBOGIA GOLD,1,0.15,0.15,0,3
NUTRILITE DOUBLE X MULTIVITAMIN 31 DAY REFILL,1,0.15,0.15,0,3
"OCUVITE ADULT 50+ (CAPSULE, SOFT)",1,0.15,0.15,0,3
ONE A DAY MENS 50 PLUS HEALTHY ADVANTAGE,1,0.15,0.15,0,3
ONE A DAY MENS HEALTH FORMULA MULTIVITAMINS MINERALS LYCOPENE FILM COATED TABLET,1,0.15,0.15,0,3
ONE A DAY WEIGHTSMART ADVANCED,3,0.15,0.25,33.3,9
"ONE A DAY WOMEN'S (MULTIVITAMINS, MULTIMINERALS) FILM-COATED TABLET",1,0.15,0.15,0,3
ONE A DAY WOMEN'S PETITES FILM-COATED TABLET,1,0.15,0.15,0,3
ONE A DAY WOMEN'S PRENATAL,1,0.15,0.15,0,3
ONE A DAY WOMENS 50 PLUS ADVANTAGE,1,0.15,0.15,0,3
ONE A DAY WOMENS MULTIVITAMINS MINERALS FILM COATED TABLET,1,0.15,0.15,0,3
ONE-A-DAY WOMEN'S PRENATAL SINGLE,1,0.15,0.15,0,3
PRESERVISION AREDS 2 CHEWABLES,1,0.15,0.15,0,3
PRESERVISION AREDS 2 FORMULA CHEWABLE,1,0.15,0.15,0,3
PROTEIN FREE TRIAL,1,0.15,0.15,0,3
PROTEIN TIN CHOCOLATE,1,0.15,0.15,0,3
PURITAN'S PRIDE SUPER CHELATED MULTI-MINERAL COATED CAPLETS,2,0.15,0.15,0,6
RITUAL ESSENTIAL FOR WOMEN POSTNATAL MULTIVITAMIN,1,0.15,0.15,0,3
SAMBUCOL BLACK ELDERBERRY,2,0.15,0.15,0,6
SENSA,1,0.15,0.15,0,3
SHAKEOLOGY GREENBERRY,3,0.15,0.15,0,9
SPARK ENERGY DRINK 14 CT - MANDARIN ORANGE,1,0.15,0.15,0,3
THE MASTER'S MIRACLE FORTIFIED MINERAL NEUTRALIZER DIETARY SUPPLEMENT,1,0.15,0.15,0,3
"TOTAL BODY ESSENTIAL NUTRITION TOTAL BODY FORMULA, TROPICAL ORANGE FLAVOR",2,0.15,0.15,0,6
TRUBIOTICS BIFIDOBACTERIUM + LACTOBACILLUS CAPSULE,1,0.15,0.15,0,3
TRUVISION TRUCONTROL,1,0.15,0.15,0,3
VITACLEAR,1,0.15,0.15,0,3
VITAL PROTEINS COLLAGEN PEPTIDES,1,0.15,0.15,0,3
VITAMIN C,1,0.15,0.15,0,3
WOMENS ULTRA MEGA ENERGY AND METABOLISM VITAPAK PACKET,1,0.15,0.15,0,3
YOHIMBE 451,1,0.15,0.15,0,3
ZENWISE HEALTH CALMING SLEEP SUPPORT WITH MELATONIN,2,0.15,0.15,0,6
NATUREMADE VITAMIN C,5,0.149,0.225,4,28
PHILLIPS' COLON HEALTH (BIFIDOBACTERIUM + LACTOBACILLUS) CAPSULE,10,0.149,0.309,6.7,43
"CENTRUM (MULTIMINERALS, MULTIVITAMINS)",2,0.147,0.159,20,9
"CENTRUM SILVER (MULTIMINERALS, MULTIVITAMINS) CHEWABLE TABLET",5,0.147,0.367,22.5,32
PRESERVISION AREDS 2 FORMULA CHEWABLES,6,0.146,0.175,5.6,22
CITRACAL MAXIMUM PLUS,4,0.145,0.387,1.9,43
OCUVITE ADULT 50+,5,0.145,0.321,22.2,32
HYDROXYCUT HARDCORE RAPID RELEASE CAPSULES,7,0.143,0.234,3.6,25
CATALYST BOTTLE,5,0.142,0.25,15.7,18
ONE A DAY MEN'S 50+ HEALTHY ADVANTAGE,2,0.142,0.218,12.1,17
ARBONNE ESSENTIALS ENERGY FIZZ STICKS - POMEGRANATE,7,0.14,0.336,0,35
PHILLIP'S COLON HEALTH,3,0.139,0.25,11.1,11
ARBONNE ESSENTIALS PROTEIN SHAKE MIX - VANILLA,10,0.138,0.348,4.3,68
TRUVY TRIM,3,0.138,0.165,11.1,11
MODERE CARB BLOCKER,4,0.137,0.15,8.3,12
NATUREMADE SUPER B COMPLEX TABLET,7,0.136,0.371,14.3,28
CITRACAL (CHOLECALCIFEROL+ CALCIUM CITRATE) COATED TABLET,1,0.135,0.135,40,5
PATRIOT POWER GREENS,6,0.135,0.309,15.5,31
AG1 WHOLE FOOD DIETARY SUPPLEMENT,7,0.134,0.25,20,32
CENTRUM SILVER WOMEN'S 50 PLUS MULTIMINERALS MULTIVITAMINS TABLET,4,0.133,0.36,0,35
PRESERVISION LUTEIN,2,0.133,0.165,16.7,8
ONE A DAY WOMEN'S 50+ ADVANTAGE,3,0.132,0.236,3.3,27
NATUREMADE L-LYSINE 1000 MG,3,0.131,0.159,6.7,13
OKINAWA LIFE,3,0.128,0.2,41.7,10
CALTRATE 600 + D PLUS MINERAL,2,0.127,0.234,12.5,10
BEACHBODY SHAKEOLOGY CHOCOLATE,2,0.125,0.15,16.7,6
CULTURELLE DIGESTIVE HEALTH CAPSULES,2,0.125,0.25,16.7,6
EMERGEN-C,12,0.125,0.329,11,69
MNS MAX 3,2,0.125,0.15,16.7,6
NUTRILITE GLUCOSE HEALTH,2,0.125,0.15,16.7,6
"CENTRUM SILVER MULTIMINERALS, MULTIVITAMINS TABLET",4,0.124,0.165,0,19
CENTRUM MULTIMINERALS MULTIVITAMINS TABLET,3,0.122,0.171,0,19
PRESERVISION AREDS 2 MULTIVITAMIN,6,0.122,0.179,5.6,23
CENTRUM SILVER ADULTS 50+ TABLET,2,0.121,0.234,12.5,8
"CENTRUM (MULTIMINERALS, MULTIVITAMINS) TABLET",5,0.119,0.212,0,50
"CITRACAL CALCIUM + D SLOW RELEASE 1200 (CALCIUM CARBONATE, CALCIUM CITRATE, VITAMIN D, MAGNESIUM HYDROXIDE) FILM-COATED TABLET",3,0.119,0.191,0,20
LACTAID FAST ACT LACTASE ENZYME SUPPLEMENT,4,0.119,0.159,0,15
ONE A DAY WOMEN'S (MULTIVITAMINS + MINERALS) FILM-COATED TABLET,7,0.119,0.391,1.9,91
CITRACAL MAXIMUM(CHOLECALCIFEROL +CALCIUM CITRATE) FILM-COATED TABLET,3,0.118,0.188,0,19
ZANTREX 3,6,0.117,0.159,11.7,23
ARBONNE ESSENTIALS ENERGY FIZZ STICKS - CITRUS,6,0.113,0.338,0,32
ONE A DAY WOMEN'S 50+ HEALTHY ADVANTAGE MULTIVITAMINS + MINERALS FILM COATED TABLET,2,0.113,0.15,10,8
CENTRUM SILVER MEN'S 50+ MULTIMINERALS MULTIVITAMINS TABLET,3,0.11,0.165,0,13
SHAKEOLOGY CHOCOLATE,4,0.104,0.234,19.6,16
ONE A DAY MEN'S MEN'S HEALTH FORMULA,2,0.102,0.183,0,15
AGELOC TR90 CONTROL (US),1,0.1,0.1,33.3,3
AGELOC YOUTH (US),1,0.1,0.1,33.3,3
ARBONNE GUTHEALTH DIGESTION & MICROBIOME SUPPORT,1,0.1,0.1,33.3,3
BAUSCH + LOMB PRESERVISION AREDS 2,1,0.1,0.1,33.3,3
BENEFIBER WITH WHEAT DEXTRIN POWDER,1,0.1,0.1,33.3,3
CBD,1,0.1,0.1,33.3,3
CENTRUM ADULTS,1,0.1,0.1,33.3,3
CENTRUM SILVER MULTIMINERAL MULTIVITAMINS TABLET,1,0.1,0.1,33.3,3
COLONIX ADVANCED INTERNAL CLEANSING PROGRAM PARANIL,2,0.1,0.1,33.3,6
GAS-X PREVENTION (NCH) (ALPHA-GALACTOSIDASE) CAPSULE,1,0.1,0.1,33.3,3
GNC MEGA MEN SPORT MULTIVITAMIN,1,0.1,0.1,33.3,3
I-COOL TABLETS,1,0.1,0.1,33.3,3
MEDIX SELECT ACTALIN,1,0.1,0.1,33.3,3
NUTRAFOL STRESS ADAPTOGEN,1,0.1,0.1,33.3,3
NUTRILITE SLIMMETRY TABLET,1,0.1,0.1,33.3,3
PRESERVISION LUTEIN SOFT GELS,1,0.1,0.1,33.3,3
PURITAN'S PRIDE OMEGA 3 FISH OIL,1,0.1,0.1,33.3,3
PURITAN'S PRIDE PROBIOTIC ACIDOPHILUS,1,0.1,0.1,33.3,3
RSP AMINO LEAN,1,0.1,0.1,33.3,3
CITRACAL (CHOLECALCIFEROL + CALCIUM CITRATE) COATED TABLET,3,0.095,0.25,11.1,16
ONE A DAY ESSENTIAL,2,0.095,0.165,0,12
NATUREMADE FULL STRENGTH MINI OMEGA 3,2,0.092,0.175,0,11
CENTRUM WOMEN UNDER 50 MULTIMINERALS MULTIVITAMINS TABLET,2,0.091,0.183,0,12
AGELESS MALE TONIGHT,2,0.088,0.175,0,10
"CENTRUM SILVER MEN'S 50+ MULTIMINERALS, MULTIVITAMINS TABLET",3,0.088,0.15,11.1,11
"CENTRUM ULTRA WOMEN'S (MULTIMINERAL, MULTIVITAMIN) TABLET",2,0.088,0.175,0,10
CITRACAL PLUS MAGNESIUM,2,0.087,0.159,0,9
MODERE TRIM CHOCOLATE,8,0.087,0.165,18.5,39
"CENTRUM WOMEN UNDER 50 MULTIMINERALS, MULTIVITAMINS TABLET",2,0.084,0.159,0,8
NATUREMADE FISH OIL,4,0.084,0.159,0,17
ONE A DAY WOMEN'S ACTIVE METABOLISM,1,0.084,0.084,25,4
THERMOPLUS,1,0.084,0.084,25,4
AGELESS MALE PERFORMANCE,2,0.083,0.15,0,8
CENTRUM SILVER WOMEN'S 50 PLUS,2,0.083,0.1,22.9,11
VITAMIN D3,4,0.083,0.15,14.6,13
MNS MAX C (MAXIMUM APPETITE CONTROL),5,0.082,0.25,6.7,16
MAGNESIUM,4,0.081,0.15,13.3,14
CALTRATE PLUS CALCIUM CARBONATE VITAMIN D ZINC TABLET,2,0.079,0.15,0,7
"CENTRUM SILVER WOMENS 50+ (MULTIMINERALS, MULTIVITAMINS) TABLET",2,0.079,0.159,0,7
ONE-A-DAY PROACTIVE 65+ (MULTIVITAMINS + MINERALS) FILM-COATED TABLET,2,0.079,0.15,0,7
CENTRUM SILVER ADULTS 50 PLUS,1,0.075,0.075,20,5
"CENTRUM SILVER MENS 50 + (MULTIMINERALS, MULTIVITAMINS) TABLET",2,0.075,0.15,0,6
EMERGEN-C ASCORBIC ACID B-COMPLEX ELECTROL YTE MUL TIMINERAL MUL TIVIT ZINC POWDER FOR,2,0.075,0.15,0,6
ONE A DAY MENS 50 PLUS HEATHLY ADVANTAGE BAYER,2,0.075,0.15,0,6
ONE A DAY WOMENS VITACRAVES GUMMIES,1,0.075,0.075,20,5
"PRESERVISION AREDS SOFT GELS (CAPSULE, SOFT)",2,0.075,0.15,0,6
"EMERGEN-C (ASCORBIC ACID, B-COMPLEX, ELECTROLYTE, MULTIMINERAL, MULTIVIT, ZINC) POWDER FOR ORAL SOLUTION",5,0.07,0.175,0,22
"CALTRATE 600 PLUS CHEWABLE (CALCIUM CARBONATE, VITAMIN D, ZINC) CHEWABLE TABLET",2,0.063,0.1,16.7,10
CALTRATE 600 + VITAMIN D CALCIUM CARBONATE CHOLECALCIFEROL TABLET,3,0.058,0.1,17.8,11
CENTRUM SILVER MULTIMINERALS MULTIVITAMINS CHEWABLE TABLET,3,0.055,0.15,0,11
NATUREMADE VITAMIN C 1000 MG,2,0.042,0.084,12.5,7
"CALTRATE 600 + D PLUS MINERAL (CALCIUM CARBONATE, MULTIMINERAL, VITAMIN D) TABLET",3,0.036,0.084,8.3,14
CENTRUM WOMEN UNDER 50,1,0.021,0.021,0,6
"CENTRUM CARDIO (MULTIVITAMIN, MULTIMINERAL, PHYTOSTEROLS) TABLET",1,0.015,0.015,0,5
CITRACAL CALCIUM + D SLOW RELEASE,1,0.015,0.015,0,5
"CITRACAL CALCIUM+ D SLOW RELEASE 1200 (CALCIUM CARBONATE, CALCIUM CITRATE, VITAMIN D, MAGNESIUM HYDROXIDE) FILM-COATED TABLET",1,0.015,0.015,0,5
ONE A DAY WOMENS MULTIVITAMINS FILM COATED TABLET,1,0.015,0.015,0,5
BENEFIBER WITH WHEAT DEXTRIN (NCH)(WHEAT DEXTRIN) POWDER,1,0.009,0.009,0,4
"CENTRUM MULTIMINERALS, MULTIVITAMINS",1,0.009,0.009,0,4
CENTRUM SILVER ADULTS 50 PLUS MULTIMINERALS MULTIVITAMINS TABLET,1,0.009,0.009,0,4
"CENTRUM SILVER ADULTS 50+ (MULTIMINERALS, MULTIVITAMINS)",1,0.009,0.009,0,4
CENTRUM SILVER WOMENS 50 PLUS,1,0.009,0.009,0,4
CENTRUM ULTRA WOMENS MULTIMINERAL MULTIVITAMINS TABLET,1,0.009,0.009,0,4
CITRACAL CHOLECALCIFEROL + CALCIUM CITRATE COATED TABLET,1,0.009,0.009,0,4
CITRACAL MAXIMUM (CHOLECALCIFEROL + CALCIUM CITRATE),1,0.009,0.009,0,4
CITRACAL MAXIMUM (CHOLECALCIFEROL + CALCIUM CITRATE) FILM COATED TABLET,1,0.009,0.009,0,4
CITRACAL PETITES (CHOLECALCIFEROL + CALCIUM CITRATE) FILM COATED TABLET,1,0.009,0.009,0,4
CITRACAL REGULAR (CHOLECALCIFEROL + CALCIUM CITRATE) FILM-COATED TABLET,1,0.009,0.009,0,4
CITRICAL PETITES,1,0.009,0.009,0,4
FLINTSTONES COMPLETE GUMMIES,1,0.009,0.009,0,4
NATUREMADE MULTI FOR HER 50+,1,0.009,0.009,0,4
"ONE A DAY MEN'S HEALTH FORMULA MULTIVITAMINS, MINERALS, LYCOPENE FILM-COATED TABLET",1,0.009,0.009,0,4
"ONE A DAY WOMEN'S, 50 PLUS HEALTHY ADVANTAGE, BAYER",1,0.009,0.009,0,4
ONE-A-DAY MEN'S HEALTH (MULTIVITAMINS) TABLET,1,0.009,0.009,0,4
PROTANDIM,1,0.009,0.009,0,4
RHINO,1,0.009,0.009,0,4
CENTRUM SILVER WOMENS 50+ (MULTIMINERALS MULTIVITAMINS) TABLET,2,0.008,0.015,0,8
AG1 WHOLE FOOD NON SPECIFIC,1,0,0,0,3
ARBONNE CLEANTOX HERBAL DETOX TEA,1,0,0,0,3
CALTRATE 600 PLUS VITAMIN D CALCIUM CARBONATE CHOLECALCIFEROL TABLET,1,0,0,0,3
"CENTRUM (MULTIMINERALS, MULTIVITAMINS) CHEWABLE TABLET",1,0,0,0,3
CENTRUM MULTIGUMMIES ADULT,1,0,0,0,3
"CENTRUM SILVER ADULTS 50+ (MULTIMINERALS, MULTIVITAMINS) CHEWABLE TABLET",1,0,0,0,3
"CENTRUM SILVER ADULTS 50+(MUL TIMINERALS, MULTIVITAMINS) TABLET",1,0,0,0,3
CENTRUM SILVER CHEWABLE TABLET,1,0,0,0,3
CENTRUM SILVER MENS 50 PLUS MULTIMINERALS MULTIVITAMINS TABLET,1,0,0,0,3
"CENTRUM SILVER MULTIMINERALS, MULTIVITAMIN TABLET",1,0,0,0,3
"CENTRUM SILVER ULTRA WOMEN'S (MULTIMINERAL, MULTIVITAMINS)",1,0,0,0,3
CENTRUM SILVER WOMEN'S 50 + MULTIMINERALS MULTIVITAMINS TABLET,1,0,0,0,3
"CENTRUM SILVER WOMEN'S 50+ (MULTIMINERALS, MULTIMINERALS) TABLET",1,0,0,0,3
CENTRUM SILVER WOMEN'S 50+ MULTIMINERALS MULTIVITAMINS,1,0,0,0,3
CENTRUM SILVER WOMENS 50+,1,0,0,0,3
CENTRUM ULTRA WOMEN'S TABLET,1,0,0,0,3
"CITRACAL CALCIUM + D3 GUMMIES (COLECALCIFEROL, TRICALCIUM PHOSPHATE)",1,0,0,0,3
CITRACAL PETITES (CHOLECALCIFEROL + CALCIUM CITRATE),1,0,0,0,3
CITRACAL PLUS MAGNESIUM (CHOLECALCIFEROL + CALCIUM CITRATE) FILM-COATED TABLET,1,0,0,0,3
CITRACAL SLOW RELEASE 1200 BAYER,1,0,0,0,3
EQUELLE,1,0,0,0,3
ESTROVEN MAXIMUM STRENGTH,1,0,0,0,3
L-LYSINE,1,0,0,0,3
NATURE MADE TRIPLE OMEGA,1,0,0,0,3
NUTRILITE ALL PLANT PROTEIN POWDER,1,0,0,0,3
NUTRILITE DOUBLE X TABLET,1,0,0,0,3
OMNI DROP PROGRAM,1,0,0,0,3
"ONE A DAY ENERGY (MULTIVITAMINS, MINERALS, CAFFEINE) FILM-COATED TABLET",1,0,0,0,3
ONE A DAY ESSENTIAL MULTIVITAMINS TABLET,1,0,0,0,3
ONE A DAY MENOPAUSE FORMULA (MULTIVITAMINS) TABLET,1,0,0,0,3
ONE A DAY PROACTIVE 65+,1,0,0,0,3
ONE A DAY VITACRAVES GUMMIES,1,0,0,0,3
ONE A DAY WOMEN'S (MULTIVITAMINS) COATED TABLET,1,0,0,0,3
"ONE A DAY WOMEN'S 50 PLUS HEALTHY ADVANTAGE, BAYER",1,0,0,0,3
ONE A DAY WOMEN'S FORMULA,1,0,0,0,3
ONE A DAY WOMEN'S MULTIVITAMINS COATED TABLET,1,0,0,0,3
ONE A DAY WOMEN'S PETITES (MULTIVITAMINS + MINERALS) FILM-COATED TABLET,1,0,0,0,3
ONE A DAY WOMENS 50 HEALTHY ADVANTAGE MULTIVITAMINS MINERALS FILM COATED TABLET,1,0,0,0,3
ONE A DAY WOMENS 50 PLUS ADVANTAGE MULTIVITAMINS FILM COATED TABLET,1,0,0,0,3
ONE A DAY WOMENS 50 PLUS ADVANTAGE MULTIVITAMINS TABLET,1,0,0,0,3
ONE A DAY WOMENS MINIGELS COMPLETE MULTIVITAMIN,1,0,0,0,3
ROYAL HONEY,1,0,0,0,3
UMARY USA HYALURONIC ACID,1,0,0,0,3
EMERGEN-C IMMUNE PLUS,2,,,0,6
ENDOMUNE ADVANCED PROBIOTIC ADULT AND JR BOTTLES,2,,,0,6
KRATOM,56,,,79.7,939
PURITY FIRST VARIOUS DIETARY SUPPLEMENTS,4,,,0,28
