product_clean,n_reports,pct_serious,pct_death,pct_hosp,product_category,n_robust_signals
KRATOM,404,72.5247524752475,44.0594059405941,23.2673267326733,Herbal/Botanical,56
HYDROXYCUT REGULAR RAPID RELEASE CAPLETS,328,27.7439024390244,1.52439024390244,24.0853658536585,Weight Loss/Diet,54
EXEMPTION 4,710,40.2816901408451,4.92957746478873,32.112676056338,Other,44
SUPER BETA PROSTATE,1104,32.2463768115942,0.181159420289855,30.8876811594203,Other,44
HYDROXYCUT HARDCORE CAPSULES,131,37.4045801526718,0.763358778625954,32.0610687022901,Weight Loss/Diet,42
PRESERVISION AREDS 2,807,19.5786864931846,5.94795539033457,12.5154894671623,Other,42
HYDROXYCUT,171,54.9707602339181,3.50877192982456,47.3684210526316,Weight Loss/Diet,40
OXYELITE PRO,80,65,1.25,53.75,Other,28
HERBALIFE CELL ACTIVATOR,84,86.9047619047619,0,79.7619047619048,Herbal/Botanical,27
HERBALIFE TOTAL CONTROL,61,85.2459016393443,0,78.6885245901639,Herbal/Botanical,24
HYDROXYCUT CAFFEINE-FREE CAPLETS,40,35,0,35,Weight Loss/Diet,24
HERBALIFE CELL-U-LOSS,63,90.4761904761905,1.58730158730159,80.952380952381,Herbal/Botanical,23
REUMOFAN PLUS,62,45.1612903225806,8.06451612903226,27.4193548387097,Other,23
SUPER BETA PROSTATE P3 ADVANCED,242,25.2066115702479,1.2396694214876,23.5537190082645,Other,23
PRESERVISION AREDS 2 FORMULA SOFT GELS,432,24.7685185185185,11.8055555555556,11.8055555555556,Other,22
HYDROXYCUT HARDCORE,50,42,2,34,Weight Loss/Diet,20
NUTRAFOL WOMENS BALANCE HAIR GROWTH NUTRACEUTICAL,96,36.4583333333333,0,34.375,Other,20
BENEFIBER W WHEAT DEXTRIN (NCH) (WHEAT DEXTRIN) POWDER,119,20.1680672268908,1.68067226890756,15.9663865546218,Other,20
"PRESERVISION AREDS 2 FORMULA SOFT GELS (CAPSULE, SOFT)",158,25.3164556962025,1.26582278481013,22.1518987341772,Other,19
GARCINIA CAMBOGIA,28,42.8571428571429,0,35.7142857142857,Weight Loss/Diet,18
BENEFIBER WITH WHEAT DEXTRIN (NCH) (WHEAT DEXTRIN) POWDER,119,29.4117647058824,9.2436974789916,17.6470588235294,Other,18
OMEGAPLEX,62,29.0322580645161,0,29.0322580645161,Omega/Fish Oil,18
NATURAL ACCELERATOR,55,94.5454545454546,0,78.1818181818182,Other,17
VITAMIN B6,35,71.4285714285714,0,5.71428571428571,Vitamin/Mineral,17
AG1 WHOLE FOOD POUCH 360G NON SPECIFIC,97,36.0824742268041,0,30.9278350515464,Other,17
PLEXUS SLIM,94,82.9787234042553,0,80.8510638297872,Weight Loss/Diet,16
HYDROXYCUT WITH EPHEDRA,28,50,3.57142857142857,46.4285714285714,Weight Loss/Diet,16
HYDROXYCUT REGULAR DRINK MIX SACHETS,21,33.3333333333333,9.52380952380952,23.8095238095238,Weight Loss/Diet,16
"CENTRUM SILVER WOMEN'S 50+ (MULTIMINERALS, MULTIVITAMINS) TABLET",625,8,0.64,7.2,Vitamin/Mineral,16
ALL DAY ENERGY GREENS,186,62.3655913978495,1.0752688172043,60.752688172043,Energy/Stimulant,15
ALL DAY ENERGY GREENS FRUITY,113,56.6371681415929,0,56.6371681415929,Energy/Stimulant,15
HYDROXYCUT NATURAL CAPLETS,17,29.4117647058824,0,29.4117647058824,Weight Loss/Diet,15
SUPER BETA VIRILITY BOOST,149,23.489932885906,0.671140939597315,22.8187919463087,Other,15
HYDROXYCUT MAX LIQUID CAPS,33,36.3636363636364,0,24.2424242424242,Weight Loss/Diet,14
MODERE BURN,72,30.5555555555556,0,29.1666666666667,Other,14
EXTENZE PLUS,25,40,0,20,Other,13
PROTANDIM US,74,40.5405405405405,4.05405405405405,36.4864864864865,Other,12
EMERGEN-C,135,17.7777777777778,5.92592592592593,10.3703703703704,Other,12
HERBALIFE MULTIVITAMIN COMPLEX FORMULA 2,34,97.0588235294118,2.94117647058824,94.1176470588235,Vitamin/Mineral,11
NO XPLODE,37,64.8648648648649,5.40540540540541,62.1621621621622,Other,11
HYDROXYCUT CAPSULES,15,60,0,60,Weight Loss/Diet,11
HYDROXYCUT CAFFEINE FREE CAPLETS,14,42.8571428571429,0,42.8571428571429,Weight Loss/Diet,11
PREVAGEN REGULAR STRENGTH,65,40,4.61538461538462,33.8461538461539,Other,11
NIACIN,16,25,6.25,18.75,Other,11
CENTRUM SILVER WOMEN'S 50+,230,13.0434782608696,1.30434782608696,10.8695652173913,Other,11
TOTAL BODY FORMULA,23,13.0434782608696,0,0,Other,11
CITRACAL MAXIMUM (CHOLECALCIFEROL + CALCIUM CITRATE) FILM-COATED TABLET,110,10,1.81818181818182,5.45454545454545,Vitamin/Mineral,11
JACK3D,27,62.962962962963,14.8148148148148,44.4444444444444,Other,10
PURITAN'S PRIDE NIACIN 500MG COATED CAPLETS,13,30.7692307692308,0,30.7692307692308,Other,10
MODERE ACTIVATE,31,25.8064516129032,0,22.5806451612903,Other,10
ARBONNE ESSENTIALS HERBAL DETOX TEA,41,24.390243902439,0,21.9512195121951,Herbal/Botanical,10
ARBONNE ESSENTIALS PROTEIN SHAKE MIX - CHOCOLATE,40,17.5,0,17.5,Sports Nutrition,10
ARBONNE ESSENTIALS PROTEIN SHAKE MIX - VANILLA,39,15.3846153846154,0,15.3846153846154,Sports Nutrition,10
PHILLIPS' COLON HEALTH (BIFIDOBACTERIUM + LACTOBACILLUS) CAPSULE,54,9.25925925925926,0,9.25925925925926,Probiotic,10
BURN,24,54.1666666666667,0,54.1666666666667,Other,9
HYDROXYCUT CARB CONTROL CAPSULES,10,30,0,30,Weight Loss/Diet,9
ARBONNE ESSENTIALS DAILY FIBER BOOST,46,26.0869565217391,0,23.9130434782609,Other,9
CENTRUM SILVER MEN'S 50+,134,20.8955223880597,5.22388059701493,13.4328358208955,Other,9
PRESERVISION AREDS 2 FORMULA,115,20.8695652173913,2.60869565217391,15.6521739130435,Other,9
"CALTRATE 600 + VITAMIN D (CALCIUM CARBONATE, CHOLECALCIFEROL) TABLET",89,14.6067415730337,1.12359550561798,13.4831460674157,Vitamin/Mineral,9
"CENTRUM SILVER (MULTIMINERALS, MULTIVITAMINS) TABLET",223,13.4529147982063,1.34529147982063,11.6591928251121,Vitamin/Mineral,9
ONE A DAY WOMEN'S,223,11.2107623318386,1.34529147982063,8.07174887892377,Other,9
"PRESERVISION AREDS 2 SOFT GELS (CAPSULE, SOFT)",55,7.27272727272727,0,3.63636363636364,Other,9
CENTRUM SILVER WOMEN'S 50+ MULTIMINERALS MULTIVITAMINS TABLET,133,5.26315789473684,0,5.26315789473684,Vitamin/Mineral,9
CITRACAL MAXIMUM,418,3.58851674641148,0,0,Other,9
CENTRUM SILVER ULTRA WOMENS MULTIMINERALS MULTIVITAMINS TABLET,122,0.819672131147541,0,0.819672131147541,Vitamin/Mineral,9
HERBALIFE FLORAFIBER,30,90,0,90,Herbal/Botanical,8
PLEXUS PROBIO 5,33,75.7575757575758,0,75.7575757575758,Other,8
TRIVEREX,50,74,0,68,Other,8
ARTRI KING,49,61.2244897959184,6.12244897959184,42.8571428571429,Other,8
SUSTAIN,16,50,0,43.75,Other,8
EXTENZE,27,44.4444444444444,3.7037037037037,37.037037037037,Other,8
MELATONIN,59,37.2881355932203,0,22.0338983050847,Sleep Aid,8
ARBONNE ESSENTIALS DIGESTION PLUS,56,25,0,25,Other,8
BENEFIBER WITH WHEAT DEXTRIN,60,20,5,16.6666666666667,Other,8
MODERE TRIM CHOCOLATE,39,15.3846153846154,0,15.3846153846154,Other,8
LACTAID FAST ACT,38,7.89473684210526,0,5.26315789473684,Other,8
"ONE A DAY MEN'S HEALTH FORMULA (MULTIVITAMINS, MINERALS, LYCOPENE) FILM-COATED TABLET",90,3.33333333333333,1.11111111111111,1.11111111111111,Vitamin/Mineral,8
CITRACAL PETITES,245,2.44897959183673,0,0.408163265306122,Other,8
ISAGENIX NATURAL ACCELERATOR,66,90.9090909090909,0,74.2424242424243,Other,7
TRUVY TRU,22,81.8181818181818,0,81.8181818181818,Other,7
5 HOUR ENERGY,68,70.5882352941177,20.5882352941176,33.8235294117647,Energy/Stimulant,7
ARTRI AJO KING,32,65.625,12.5,40.625,Other,7
TRUVY ALTER,15,53.3333333333333,0,53.3333333333333,Other,7
HYDROXYCUT RAPID RELEASE CAPLETS,17,52.9411764705882,0,47.0588235294118,Weight Loss/Diet,7
TRIPLE ACTION VIRILITY,99,42.4242424242424,0,37.3737373737374,Other,7
PREVAGEN EXTRA STRENGTH,57,40.3508771929825,3.50877192982456,35.0877192982456,Other,7
GREEN TEA FAT BURNER,20,40,10,40,Weight Loss/Diet,7
AG1 WHOLE FOOD DIETARY SUPPLEMENT,42,33.3333333333333,0,33.3333333333333,Weight Loss/Diet,7
ARBONNE ESSENTIALS ENERGY FIZZ STICKS - POMEGRANATE,27,29.6296296296296,0,29.6296296296296,Energy/Stimulant,7
HYDROXYCUT HARDCORE RAPID RELEASE CAPSULES,15,20,6.66666666666667,13.3333333333333,Weight Loss/Diet,7
"CENTRUM SILVER MEN'S 50+ (MULTIMINERALS, MULTIVITAMINS) TABLET",103,19.4174757281553,3.88349514563107,15.5339805825243,Vitamin/Mineral,7
"CENTRUM SILVER ADULTS 50+ (MULTIMINERALS, MULTIVITAMINS) TABLET",110,18.1818181818182,1.81818181818182,17.2727272727273,Vitamin/Mineral,7
NATUREMADE SUPER B COMPLEX TABLET,18,16.6666666666667,0,16.6666666666667,Vitamin/Mineral,7
CITRACAL PETITES (CHOLECALCIFEROL + CALCIUM CITRATE) FILM-COATED TABLET,112,6.25,0.892857142857143,2.67857142857143,Vitamin/Mineral,7
ONE A DAY WOMEN'S (MULTIVITAMINS + MINERALS) FILM-COATED TABLET,87,3.44827586206897,0,3.44827586206897,Vitamin/Mineral,7
"CENTRUM SILVER WOMENS 50+ (MULTIMINERALS, MULTIVITAMINS) TABLET",72,2.77777777777778,0,2.77777777777778,Vitamin/Mineral,7
"CENTRUM SILVER ULTRA WOMEN'S (MULTIMINERALS, MULTIVITAMINS) TABLET",159,1.25786163522013,0,1.25786163522013,Vitamin/Mineral,7
PURITY FIRST B50,15,0,0,0,Other,7
TOTAL BODY ESSENTIAL TOTAL BODY FORMULA,15,0,0,0,Other,7
ISAFLUSH ARIZONA NUTRITIONAL SUPPLEMENTS,21,90.4761904761905,0,52.3809523809524,Other,6
NATURAL ACCELERATOR ARIZONA NUTRITIONAL SUPPLEMENTS,31,90.3225806451613,0,54.8387096774194,Other,6
HERBALIFE SNACK DEFENSE,26,88.4615384615385,0,76.9230769230769,Herbal/Botanical,6
PLEXUS BOOST,22,86.3636363636364,0,81.8181818181818,Other,6
HERBALIFE FORMULA 2 MULTIVITAMIN COMPLEX,23,82.6086956521739,0,78.2608695652174,Vitamin/Mineral,6
PLEXUS BIO CLEANSE,48,79.1666666666667,0,79.1666666666667,Weight Loss/Diet,6
HERBALIFE HERBAL ALOE CONCENTRATE,35,77.1428571428572,0,74.2857142857143,Herbal/Botanical,6
HYDROXYCUT REGULAR RAPID RELEASE,15,66.6666666666667,0,66.6666666666667,Weight Loss/Diet,6
NUTRILITE SLIMMETRY,22,59.0909090909091,0,59.0909090909091,Weight Loss/Diet,6
NATURE MADE SUPER B-COMPLEX WITH VITAMIN C & FOLIC ACID TABLET,12,58.3333333333333,0,58.3333333333333,Vitamin/Mineral,6
ZANTREX 3,18,44.4444444444444,0,33.3333333333333,Other,6
HERBAL CLEANSE WITH CITRUS FIBER DRINK,17,41.1764705882353,0,41.1764705882353,Weight Loss/Diet,6
TRUVY TRUFIX,13,38.4615384615385,0,38.4615384615385,Other,6
HYDROXYCUT REGULAR RAPID RELEASE CAPLETS (NO PREF. NAME),11,36.3636363636364,9.09090909090909,27.2727272727273,Weight Loss/Diet,6
TOTAL BODY FORMULA TROPICAL ORANGE,10,30,0,0,Other,6
ARBONNE ESSENTIALS ENERGY FIZZ STICKS - CITRUS,26,26.9230769230769,0,26.9230769230769,Energy/Stimulant,6
PHILLIPS' COLON HEALTH,28,21.4285714285714,0,17.8571428571429,Other,6
AGELESS MALE MAX,92,20.6521739130435,0,19.5652173913043,Other,6
MNS 3,28,17.8571428571429,0,17.8571428571429,Other,6
PRESERVISION AREDS 2 MULTIVITAMIN,49,16.3265306122449,2.04081632653061,14.2857142857143,Vitamin/Mineral,6
PRESERVISION AREDS 2 FORMULA CHEWABLES,50,16,6,8,Other,6
CENTRUM SILVER,138,15.9420289855072,4.34782608695652,10.1449275362319,Other,6
PATRIOT POWER GREENS,68,14.7058823529412,0,5.88235294117647,Other,6
PRESERVISION AREDS,52,11.5384615384615,3.84615384615385,5.76923076923077,Other,6
FLINTSTONES COMPLETE MULTIVITAMINS CHEWABLE TABLET,57,10.5263157894737,3.50877192982456,7.01754385964912,Vitamin/Mineral,6
CENTRUM SILVER WOMENS 50+ MULTIMINERALS MULTIVITAMIN,79,3.79746835443038,1.26582278481013,1.26582278481013,Vitamin/Mineral,6
CENTRUM SILVER ULTRA WOMEN'S MULTIMINERALS MULTIVITAMINS TABLET,47,2.12765957446809,0,2.12765957446809,Vitamin/Mineral,6
"CENTRUM SILVER WOMEN'S 50 + (MULTIMINERALS, MULTIVITAMINS) TABLET",25,0,0,0,Vitamin/Mineral,6
ISAGENIX ISAFLUSH,47,91.4893617021277,0,72.3404255319149,Other,5
LIFE EXTENSION VITAMIN B3 NIACIN,12,83.3333333333333,0,41.6666666666667,Vitamin/Mineral,5
LEPTIBURN,54,74.0740740740741,1.85185185185185,72.2222222222222,Other,5
UNSPECIFIED HYDROXYCUT,11,54.5454545454545,0,54.5454545454545,Weight Loss/Diet,5
5-HOUR ENERGY,59,54.2372881355932,23.728813559322,30.5084745762712,Energy/Stimulant,5
STACKER 2,20,45,15,40,Other,5
CALCIUM CARBONATE,21,42.8571428571429,9.52380952380952,38.0952380952381,Vitamin/Mineral,5
LACTAID FAST ACT CAPLETS,27,40.7407407407407,0,40.7407407407407,Other,5
FRUTA PLANTA,16,37.5,0,25,Other,5
ADVOCARE OMEGAPLEX,23,34.7826086956522,0,34.7826086956522,Omega/Fish Oil,5
CATALYST BOTTLE,26,34.6153846153846,0,34.6153846153846,Other,5
SLOW FE BROWN (NCH) (FERROUS SULFATE) TABLET,33,30.3030303030303,9.09090909090909,24.2424242424242,Other,5
FLORASTOR,41,29.2682926829268,4.87804878048781,21.9512195121951,Other,5
"CENTRUM SILVER (MULTIMINERALS, MULTIVITAMINS) CHEWABLE TABLET",31,25.8064516129032,6.45161290322581,19.3548387096774,Vitamin/Mineral,5
ARBONNE ESSENTIALS GREENS BALANCE,20,25,0,25,Other,5
CENTRUM SILVER ADULTS 50+,95,20,3.15789473684211,15.7894736842105,Other,5
CENTRUM SILVER WOMEN 50+,79,18.9873417721519,1.26582278481013,16.4556962025316,Other,5
NUTRAFOL WOMEN HAIR GROWTH NUTRACEUTICAL,44,18.1818181818182,0,18.1818181818182,Other,5
OCUVITE ADULT 50+,67,17.910447761194,8.95522388059701,7.46268656716418,Other,5
MNS MAX C (MAXIMUM APPETITE CONTROL),17,11.7647058823529,0,11.7647058823529,Other,5
"EMERGEN-C (ASCORBIC ACID, B-COMPLEX, ELECTROLYTE, MULTIMINERAL, MULTIVIT, ZINC) POWDER FOR ORAL SOLUTION",66,10.6060606060606,1.51515151515152,9.09090909090909,Vitamin/Mineral,5
"CENTRUM (MULTIMINERALS, MULTIVITAMINS) TABLET",60,10,1.66666666666667,8.33333333333333,Vitamin/Mineral,5
CITRACAL,54,5.55555555555556,3.7037037037037,0,Other,5
NATUREMADE VITAMIN C,18,5.55555555555556,0,5.55555555555556,Vitamin/Mineral,5
ONE A DAY WOMEN'S 50 PLUS HEALTHY ADVANTAGE,64,3.125,0,1.5625,Other,5
"CENTRUM WOMEN UNDER 50 (MULTIMINERALS, MULTIVITAMINS) TABLET",28,0,0,0,Vitamin/Mineral,5
TRUVY VY BOOST,10,90,0,90,Other,4
HERBALIFE THERMO-BOND,28,89.2857142857143,0,71.4285714285714,Herbal/Botanical,4
HERBALIFE 21-DAY HERBAL CLEANSING PROGRAM PM TABLETS,13,84.6153846153846,0,84.6153846153846,Weight Loss/Diet,4
PLEXUS PROBIO5,42,83.3333333333333,0,83.3333333333333,Other,4
ENDLESS YOUTH VITAMIN SUPPLEMENT,11,72.7272727272727,0,63.6363636363636,Vitamin/Mineral,4
OSTEO BI-FLEX TRIPLE STRENGTH,11,72.7272727272727,0,0,Other,4
BALANCE OF NATURE WHOLE PRODUCE FRUITS,40,65,0,57.5,Other,4
PLEXUS SLIM MICROBIOME ACTIVATING,19,63.1578947368421,0,63.1578947368421,Weight Loss/Diet,4
ALL DAY ENERGY GREENS?,27,51.8518518518519,0,51.8518518518519,Energy/Stimulant,4
SYNC,13,46.1538461538462,0,46.1538461538462,Other,4
UMARY,48,45.8333333333333,2.08333333333333,20.8333333333333,Other,4
VITAMIN D,45,44.4444444444444,4.44444444444444,31.1111111111111,Vitamin/Mineral,4
SHAKEOLOGY CHOCOLATE,18,38.8888888888889,0,22.2222222222222,Other,4
VITAMIN D3,35,37.1428571428572,2.85714285714286,28.5714285714286,Vitamin/Mineral,4
MAGNESIUM,27,37.037037037037,3.7037037037037,22.2222222222222,Vitamin/Mineral,4
AGELESS MALE,52,32.6923076923077,1.92307692307692,25,Other,4
14-DAY ACAI BERRY CLEANSE,10,30,0,30,Weight Loss/Diet,4
UMARY HYALURONIC ACID,17,29.4117647058824,0,17.6470588235294,Other,4
PREVAGEN,57,28.0701754385965,1.75438596491228,17.5438596491228,Other,4
BENEFIBER SUGAR FREE (NCH) (WHEAT DEXTRIN) CHEWABLE TABLET,18,27.7777777777778,5.55555555555556,22.2222222222222,Other,4
FLINTSTONES COMPLETE CHEWABLE,29,24.1379310344828,0,17.2413793103448,Other,4
RELACORE,51,23.5294117647059,0,21.5686274509804,Other,4
BENEFIBER STICK PACKS (WHEAT DEXTRIN) POWDER,38,21.0526315789474,7.89473684210526,10.5263157894737,Other,4
MODERE CARB BLOCKER,10,20,0,20,Other,4
TRUBIOTICS (BIFIDOBACTERIUM + LACTOBACILLUS) CAPSULE,32,15.625,0,15.625,Probiotic,4
FLINTSTONES COMPLETE,47,14.8936170212766,2.12765957446809,12.7659574468085,Other,4
"CENTRUM SILVER (MULTIMINERALS, MULTIVITAMINS)",54,14.8148148148148,9.25925925925926,5.55555555555556,Vitamin/Mineral,4
CALTRATE 600 + VITAMIN D,52,11.5384615384615,0,9.61538461538462,Vitamin/Mineral,4
ONE A DAY WOMEN'S MINIGELS COMPLETE MULTIVITAMIN,24,8.33333333333333,0,4.16666666666667,Vitamin/Mineral,4
CITRACAL SLOW RELEASE 1200,62,8.06451612903226,0,3.2258064516129,Other,4
"CENTRUM SILVER WOMEN'S 50+ MULTIMINERALS, MULTIVITAMINS TABLET",81,7.40740740740741,1.23456790123457,4.93827160493827,Vitamin/Mineral,4
NATUREMADE FISH OIL,15,6.66666666666667,0,6.66666666666667,Omega/Fish Oil,4
ONE A DAY WOMEN'S 50+ HEALTHY ADVANTAGE (MULTIVITAMINS + MINERALS) FILM-COATED TABLET,63,6.34920634920635,0,3.17460317460317,Vitamin/Mineral,4
CENTRUM SILVER ULTRA WOMEN'S,48,6.25,0,6.25,Other,4
ONE A DAY MENS 50 PLUS HEATHLY ADVANTAGE,32,6.25,0,3.125,Other,4
CITRACAL MAXIMUM PLUS,43,4.65116279069768,0,0,Other,4
CENTRUM SILVER MULTIMINERALS MULTIVITAMINS TABLET,65,4.61538461538462,1.53846153846154,1.53846153846154,Vitamin/Mineral,4
ONE A DAY WOMENS (MULTIVITAMINS + MINERALS) FILM-COATED TABLET,25,4,0,0,Vitamin/Mineral,4
CENTRUM SILVER ULTRA WOMENS MULTIMINERAL MULTIVITAMINS TABLET,27,3.7037037037037,0,3.7037037037037,Vitamin/Mineral,4
CITRACAL MAXIMUM (CHOLECALCIFEROL +CALCIUM CITRATE) FILM-COATED TABLET,27,3.7037037037037,3.7037037037037,0,Vitamin/Mineral,4
CENTRUM SILVER ADULTS 50+ MULTIMINERALS MULTIVITAMIN,32,3.125,0,0,Vitamin/Mineral,4
"CENTRUM SILVER MULTIMINERALS, MULTIVITAMINS TABLET",16,0,0,0,Vitamin/Mineral,4
"CENTRUM SILVER WOMEN'S 50 PLUS (MULTIMINERALS, MULTIVITAMINS) TABLET",14,0,0,0,Vitamin/Mineral,4
CENTRUM SILVER WOMEN'S 50 PLUS MULTIMINERALS MULTIVITAMINS TABLET,26,0,0,0,Vitamin/Mineral,4
"CENTRUM ULTRA WOMEN'S (MULTIMINERALS, MULTIVITAMINS) TABLET",33,0,0,0,Vitamin/Mineral,4
CENTRUM ULTRA WOMENS MULTIMINERALS MULTIVITAMINS TABLET,26,0,0,0,Vitamin/Mineral,4
CITRACAL MAXIMUM BAYER,42,0,0,0,Other,4
CITRACAL PETITES FILM-COATED TABLET,10,0,0,0,Other,4
IONIX SUPREME,27,96.2962962962963,0,66.6666666666667,Other,3
TRIVEREX MALE ENHANCEMENT,27,92.5925925925926,0,81.4814814814815,Sexual Enhancement,3
HERBALIFE AMINOGEN,26,92.3076923076923,0,76.9230769230769,Herbal/Botanical,3
HERBALIFE ACTIVE FIBER COMPLEX,12,91.6666666666667,0,75,Herbal/Botanical,3
HERBALIFE PROLESSA DUO,17,88.2352941176471,0,88.2352941176471,Herbal/Botanical,3
PLEXUS BIOCLEANSE,25,88,4,84,Weight Loss/Diet,3
HERBALIFE 21-DAY HERBAL CLEANSING PROGRAM AM TABLETS,14,85.7142857142857,0,85.7142857142857,Weight Loss/Diet,3
NEW VITALITY SUPER BETA PROSTATE,27,85.1851851851852,3.7037037037037,85.1851851851852,Other,3
CELL ACTIVATOR,22,81.8181818181818,4.54545454545455,68.1818181818182,Other,3
PLEXUS SLIM HUNGER CONTROL,22,81.8181818181818,0,81.8181818181818,Weight Loss/Diet,3
KRILL OMEGA-3 SUPER FORMULA,11,72.7272727272727,0,72.7272727272727,Omega/Fish Oil,3
TRUFIX,11,72.7272727272727,0,63.6363636363636,Other,3
ESTER-C 24 HOUR IMMUNE SUPPORT,13,69.2307692307692,0,0,Other,3
5-HOUR ENERGY BERRY,16,68.75,12.5,50,Energy/Stimulant,3
BALANCE OF NATURE WHOLE PRODUCE VEGGIES,38,68.421052631579,0,60.5263157894737,Other,3
PURITAN'S PRIDE TURMERIC CURCUMIN,20,65,0,60,Herbal/Botanical,3
MODERE SUSTAIN,13,61.5384615384615,0,61.5384615384615,Other,3
BENEFIBER WITH WHEAT DEXTRIN (NCH) WHEAT DEXTRIN POWDER,33,60.6060606060606,0,51.5151515151515,Other,3
CREATINE,10,60,0,50,Sports Nutrition,3
BIOTRUST IC-5,17,58.8235294117647,0,58.8235294117647,Other,3
ONNIT ALPHA BRAIN,11,54.5454545454545,0,45.4545454545455,Other,3
GO RUBY GO,24,54.1666666666667,0,54.1666666666667,Other,3
NUTRIDIET,15,46.6666666666667,0,46.6666666666667,Weight Loss/Diet,3
WOMENS BALANCE HAIR GROWTH NUTRACEUTICAL,20,45,0,45,Other,3
SHAKEOLOGY CHOCOLATE BAG 30 SERVING,19,42.1052631578947,0,42.1052631578947,Other,3
FERROUS SULFATE,17,41.1764705882353,23.5294117647059,17.6470588235294,Other,3
ONE A DAY WEIGHT SMART ADVANCED,15,40,0,20,Weight Loss/Diet,3
NUTRAFOL MEN HAIR GROWTH NUTRACEUTICAL,24,37.5,0,37.5,Other,3
HYDROXYCUT MAX,15,33.3333333333333,0,33.3333333333333,Weight Loss/Diet,3
BODYDYNAMIX SLIMVANCE THERMOGENIC,22,31.8181818181818,0,31.8181818181818,Weight Loss/Diet,3
PRESERVISION AREDS SOFT GELS,42,30.952380952381,2.38095238095238,21.4285714285714,Other,3
ARBONNE ESSENTIALS CHOCOLATE PROTEIN SHAKE MIX,21,28.5714285714286,0,23.8095238095238,Sports Nutrition,3
NUTRAFOL WOMEN'S BALANCE,21,28.5714285714286,0,23.8095238095238,Other,3
ARBONNE ESSENTIALS BODY CLEANSE,29,27.5862068965517,0,27.5862068965517,Weight Loss/Diet,3
RED BULL ENERGY DRINK,11,27.2727272727273,0,18.1818181818182,Energy/Stimulant,3
CATALYST,15,26.6666666666667,0,26.6666666666667,Other,3
HYDROXYCUT HARDCORE ELITE CAPSULES,12,25,0,25,Weight Loss/Diet,3
OKINAWA LIFE,17,23.5294117647059,0,23.5294117647059,Other,3
LIPODRENE,10,20,0,20,Other,3
CENTRUM SILVER WOMENS 50 PLUS MULTIMINERALS MULTIVITAMINS TABLET,12,16.6666666666667,0,16.6666666666667,Vitamin/Mineral,3
PHILLIP'S COLON HEALTH,14,14.2857142857143,0,14.2857142857143,Other,3
CENTRUM SILVER MEN'S 50+ MULTIMINERALS MULTIVITAMINS TABLET,15,13.3333333333333,6.66666666666667,6.66666666666667,Vitamin/Mineral,3
"CENTRUM SILVER MEN'S 50+ MULTIMINERALS, MULTIVITAMINS TABLET",15,13.3333333333333,0,13.3333333333333,Vitamin/Mineral,3
CENTRUM SILVER WOMENS 50 MULTIMINERALS MULTIVITAMINS TABLET,15,13.3333333333333,0,13.3333333333333,Vitamin/Mineral,3
"CALTRATE 600 + D PLUS MINERAL (CALCIUM CARBONATE, MULTIMINERAL, VITAMIN D) TABLET",17,11.7647058823529,0,11.7647058823529,Vitamin/Mineral,3
CENTRUM SILVER MULTIMINERALS MULTIVITAMINS,38,10.5263157894737,5.26315789473684,2.63157894736842,Vitamin/Mineral,3
"CENTRUM SILVER WOMEN'S 50+(MULTIMINERALS, MULTIVITAMINS) TABLET",38,10.5263157894737,2.63157894736842,5.26315789473684,Vitamin/Mineral,3
FLINTSTONES COMPLETE (MULTIVITAMINS) CHEWABLE TABLET,49,10.2040816326531,4.08163265306122,2.04081632653061,Vitamin/Mineral,3
CALTRATE 600 + VITAMIN D CALCIUM CARBONATE CHOLECALCIFEROL TABLET,11,9.09090909090909,0,0,Vitamin/Mineral,3
ONE A DAY WOMEN'S 50+ ADVANTAGE,34,8.82352941176471,0,2.94117647058824,Other,3
"CENTRUM SILVER ADULTS 50+(MULTIMINERALS, MULTIVITAMINS) TABLET",28,7.14285714285714,3.57142857142857,3.57142857142857,Vitamin/Mineral,3
CENTRUM SILVER MULTIMINERALS MULTIVITAMINS CHEWABLE TABLET,14,7.14285714285714,0,7.14285714285714,Vitamin/Mineral,3
"CITRACAL, MAXIMUM, BAYER",14,7.14285714285714,0,0,Other,3
FLINTSTONES GUMMIES MULTIVITAMINS,17,5.88235294117647,0,5.88235294117647,Vitamin/Mineral,3
CENTRUM SILVER WOMEN'S 50+ (MULTIMINERALS MULTIVITAMINS) TABLET,24,4.16666666666667,0,4.16666666666667,Vitamin/Mineral,3
CITRACAL (CHOLECALCIFEROL + CALCIUM CITRATE) COATED TABLET,24,4.16666666666667,4.16666666666667,0,Vitamin/Mineral,3
CENTRUM MULTIMINERALS MULTIVITAMINS TABLET,19,0,0,0,Vitamin/Mineral,3
"CITRACAL CALCIUM + D SLOW RELEASE 1200 (CALCIUM CARBONATE, CALCIUM CITRATE, VITAMIN D, MAGNESIUM HYDROXIDE) FILM-COATED TABLET",18,0,0,0,Vitamin/Mineral,3
CITRACAL MAXIMUM CHOLECALCIFEROL PLUS CALCIUM CITRATE FILM COATED TABLET,12,0,0,0,Vitamin/Mineral,3
CITRACAL MAXIMUM(CHOLECALCIFEROL +CALCIUM CITRATE) FILM-COATED TABLET,18,0,0,0,Vitamin/Mineral,3
CITRACAL PETITES (CHOLECALCIFEROL +CALCIUM CITRATE) FILM-COATED TABLET,25,0,0,0,Vitamin/Mineral,3
CITRACAL PETITES(CHOLECALCIFEROL +CALCIUM CITRATE) FILM-COATED TABLET,11,0,0,0,Vitamin/Mineral,3
LIBIDO MAX FOR MEN,10,0,0,0,Sexual Enhancement,3
ONE A DAY WOMENS,21,0,0,0,Other,3
PHILLIPS' COLON HEALTH BIFIDOBACTERIUM + LACTOBACILLUS CAPSULE,16,0,0,0,Probiotic,3
PLEXUS SLIM 2.0,22,95.4545454545454,0,95.4545454545454,Weight Loss/Diet,2
BIO CLEANSE,18,94.4444444444444,5.55555555555556,88.8888888888889,Weight Loss/Diet,2
GUNDRY MD BIO COMPLETE 3,30,93.3333333333333,0,93.3333333333333,Other,2
CLEANSE FOR LIFE,13,92.3076923076923,0,84.6153846153846,Weight Loss/Diet,2
XENADRINE,13,92.3076923076923,7.69230769230769,69.2307692307692,Other,2
PLEXUS ACCELERATOR+,10,90,0,90,Other,2
FLORASTOR (SACCHAROMYCES BOULARDII LYOPHILISED),18,88.8888888888889,22.2222222222222,72.2222222222222,Other,2
NAC MARKETING AGELESS MALE SOFTGEL,16,87.5,6.25,81.25,Other,2
ISAFLUSH,21,85.7142857142857,0,71.4285714285714,Other,2
FORMULA 2 MULTIVITAMIN COMPLEX,17,82.3529411764706,0,76.4705882352941,Vitamin/Mineral,2
TOTAL CONTROL,17,82.3529411764706,5.88235294117647,64.7058823529412,Other,2
PHENIBUT,10,80,10,70,Other,2
PLEXUS BLOCK,15,80,0,80,Other,2
BALANCE OF NATURE WHOLE PRODUCE FRUITS 90 CAPSULES,23,78.2608695652174,0,69.5652173913044,Other,2
AZO BLADDER CONTROL,31,77.4193548387097,0,41.9354838709678,Other,2
BELLYTRIM XP,22,77.2727272727273,4.54545454545455,72.7272727272727,Other,2
NUGENIX FREE TESTOSTERONE BOOSTER,22,77.2727272727273,4.54545454545455,59.0909090909091,Other,2
HERBALIFE RELAX NOW,12,75,0,66.6666666666667,Herbal/Botanical,2
DELTA 8,15,73.3333333333333,6.66666666666667,60,Other,2
BALANCE OF NATURE WHOLE PRODUCE VEGGIES 90 CAPSULES,27,66.6666666666667,0,59.2592592592593,Other,2
NAC MARKETING AGELESS MALE TABLET,27,62.962962962963,0,62.962962962963,Other,2
METABO379,12,58.3333333333333,0,58.3333333333333,Other,2
QUINCY BIOSCIENCE PREVAGEN 10MG,12,58.3333333333333,0,58.3333333333333,Other,2
CENTRUM ADULTS UNDER 50,16,56.25,18.75,37.5,Other,2
VITAMIN E,13,53.8461538461539,7.69230769230769,38.4615384615385,Vitamin/Mineral,2
NAC MARKETING SUPER BETA PROSTATE,34,52.9411764705882,0,52.9411764705882,Other,2
"ALL DAY ENERGY GREENS, FRUITY",19,52.6315789473684,0,52.6315789473684,Energy/Stimulant,2
CENTRUM MULTIGUMMIES ADULTS 50+,12,50,0,50,Other,2
COLONIX ADVANCED INTERNAL CLEANSING PROGRAM PARANIL,15,46.6666666666667,6.66666666666667,40,Weight Loss/Diet,2
NUTRILITE CAL MAG D,15,46.6666666666667,0,46.6666666666667,Other,2
BEACHBODY SHAKEOLOGY CHOCOLATE,10,40,0,40,Other,2
NUTRILITE GLUCOSE HEALTH,10,40,0,40,Other,2
BENEFIBER UNKNOWN (NCH) (UNKNOWN) POWDER,11,36.3636363636364,9.09090909090909,27.2727272727273,Other,2
5-HTP,14,35.7142857142857,0,28.5714285714286,Other,2
ARBONNE ESSENTIALS VANILLA PROTEIN SHAKE MIX,14,35.7142857142857,0,28.5714285714286,Sports Nutrition,2
MNS MAX 3,22,31.8181818181818,0,31.8181818181818,Other,2
PRESERVISION AREDS 2 MULTIVITAMIN SOFT GELS,31,29.0322580645161,3.2258064516129,22.5806451612903,Vitamin/Mineral,2
FLINSTONES COMPLETE MULTIVITAMINS CHEWABLE TABLET,14,28.5714285714286,7.14285714285714,21.4285714285714,Vitamin/Mineral,2
CENTRUM,83,27.710843373494,14.4578313253012,13.2530120481928,Other,2
CENTRUM SILVER WOMEN'S 50+ TABLET,15,26.6666666666667,6.66666666666667,20,Other,2
FLINTSTONES COMPLETE (MULTIVITAMINS + MINERALS) CHEWABLE TABLET,36,25,2.77777777777778,19.4444444444444,Vitamin/Mineral,2
BENEFIBER W/ WHEAT DEXTRIN,19,21.0526315789474,0,21.0526315789474,Other,2
AGELESS MALE PERFORMANCE,20,20,0,20,Other,2
CULTURELLE DIGESTIVE HEALTH CAPSULES,11,18.1818181818182,0,18.1818181818182,Other,2
RITUAL ESSENTIAL FOR WOMEN PRENATAL MULTIVITAMIN,35,17.1428571428571,0,17.1428571428571,Vitamin/Mineral,2
AGELESS MALE TONIGHT,18,16.6666666666667,0,16.6666666666667,Other,2
"CENTRUM (MULTIMINERALS, MULTIVITAMINS) UNKNOWN",25,16,16,0,Vitamin/Mineral,2
BENEFIBER,19,15.7894736842105,15.7894736842105,0,Other,2
"CENTRUM (MULTIMINERALS, MULTIVITAMINS)",32,15.625,0,15.625,Vitamin/Mineral,2
ONE A DAY ESSENTIAL (MULTIVITAMINS) TABLET,32,15.625,9.375,6.25,Vitamin/Mineral,2
"ONE A DAY MEN'S 50+ HEALTHY ADVANTAGE (MULTIVITAMINS, MINERALS, LYCOPENE) FILM-COATED TABLET",13,15.3846153846154,15.3846153846154,0,Vitamin/Mineral,2
FLINSTONES COMPLETE (MULTIVITAMINS) CHEWABLE TABLET,21,14.2857142857143,0,14.2857142857143,Vitamin/Mineral,2
FLINTSTONES WITH IRON,14,14.2857142857143,0,7.14285714285714,Vitamin/Mineral,2
PRESERVISION LUTEIN,14,14.2857142857143,0,14.2857142857143,Other,2
THINOGENICS,14,14.2857142857143,0,14.2857142857143,Other,2
"CALTRATE 600 PLUS CHEWABLE (CALCIUM CARBONATE, VITAMIN D, ZINC) CHEWABLE TABLET",16,12.5,6.25,6.25,Vitamin/Mineral,2
FLINTSTONES COMPLETE MULTIVITAMINS + MINERALS CHEWABLE TABLET,18,11.1111111111111,0,11.1111111111111,Vitamin/Mineral,2
CALTRATE 600 + D PLUS MINERAL,20,10,5,5,Vitamin/Mineral,2
CITRACAL MAXIMUM FILM-COATED TABLET,10,10,0,0,Other,2
ONE A DAY MEN'S MULTIVITAMIN,20,10,0,10,Vitamin/Mineral,2
CENTRUM SILVER ULTRA WOMENS MULTIMINERALS MULTIVITAMINS,12,8.33333333333333,0,8.33333333333333,Vitamin/Mineral,2
"CENTRUM ULTRA WOMEN'S (MULTIMINERAL, MULTIVITAMIN) TABLET",12,8.33333333333333,0,8.33333333333333,Vitamin/Mineral,2
CITRACAL PLUS MAGNESIUM,12,8.33333333333333,0,8.33333333333333,Vitamin/Mineral,2
OCUVITE ADULT,24,8.33333333333333,0,4.16666666666667,Other,2
ONE A DAY ESSENTIAL,25,8,0,8,Other,2
BEROCCA MULTIVITAMINS CAFFEINE EFFERVESCENT TABLET,13,7.69230769230769,0,7.69230769230769,Energy/Stimulant,2
CENTRUM SILVER ULTRA WOMENS,13,7.69230769230769,0,7.69230769230769,Other,2
CITRACAL CALCIUM + D SLOW RELEASE 1200,26,7.69230769230769,0,0,Vitamin/Mineral,2
CITRACAL MAXIMUM CHOLECALCIFEROL + CALCIUM CITRATE FILM COATED TABLET,14,7.14285714285714,0,7.14285714285714,Vitamin/Mineral,2
EMERGEN-C ASCORBIC ACID B-COMPLEX ELECTROLYTE MULTIMINERAL MULTIVITAMIN ZINC POWDER FOR ORAL SOLUTION,14,7.14285714285714,0,7.14285714285714,Vitamin/Mineral,2
CENTRUM SILVER ADULTS 50+ MULTIMINERALS MULTIVITAMINS TABLET,15,6.66666666666667,0,6.66666666666667,Vitamin/Mineral,2
CITRACAL PETITES CHOLECALCIFEROL + CALCIUM CITRATE FILM-COATED TABLET,16,6.25,0,0,Vitamin/Mineral,2
EMERGEN-C IMMUNE PLUS,16,6.25,0,6.25,Other,2
ONE A DAY WOMEN'S 50+ MINIGELS COMPLETE MULTIVITAMIN,33,6.06060606060606,0,0,Vitamin/Mineral,2
PHILLIPS' LAXATIVE DIETARY SUPPLEMENT (MAGNESIUM OXIDE) COATED TABLET,17,5.88235294117647,5.88235294117647,0,Weight Loss/Diet,2
"PRESERVISION AREDS SOFT GELS (CAPSULE, SOFT)",18,5.55555555555556,0,5.55555555555556,Other,2
CITRACAL MAXIMUM CHOLECALCIFEROL + CALCIUM CITRATE FILM-COATED TABLET,19,5.26315789473684,0,5.26315789473684,Vitamin/Mineral,2
ONE A DAY WOMENS 50 PLUS HEALTHY ADVANTAGE,19,5.26315789473684,5.26315789473684,0,Other,2
CENTRUM SILVER WOMEN'S 50 PLUS,20,5,0,0,Other,2
ONE A DAY WOMEN'S 50+ HEALTHY ADVANTAGE,20,5,0,0,Other,2
ONE A DAY MEN'S 50+ HEALTHY ADVANTAGE,22,4.54545454545455,0,0,Other,2
FLINTSTONES GUMMIES (MULTIVITAMINS),26,3.84615384615385,3.84615384615385,0,Vitamin/Mineral,2
CITRACAL MAXIMUM CHOLECALCIFEROL CALCIUM CITRATE FILM COATED TABLET,27,3.7037037037037,0,3.7037037037037,Vitamin/Mineral,2
BEROCCA CAFFEINE MINERALS ASCORBIC ACID VITAMIN B EFFERVESCENT TABLET,16,0,0,0,Energy/Stimulant,2
CENTRUM SILVER MEN 50 PLUS,20,0,0,0,Other,2
"CENTRUM SILVER ULTRA MEN'S (MULTIMINERALS, MULTIVITAMINS) TABLET",13,0,0,0,Vitamin/Mineral,2
"CENTRUM SILVER ULTRA WOMEN'S (MULTIMINERAL, MULTIVITAMINS) TABLET",14,0,0,0,Vitamin/Mineral,2
"CENTRUM SILVER ULTRA WOMEN'S MULTIMINERALS, MULTIVITAMINS TABLET",12,0,0,0,Vitamin/Mineral,2
CENTRUM SILVER WOMENS 50+ MULTIMINERALS MULTIVITAMIN TABLET,12,0,0,0,Vitamin/Mineral,2
CENTRUM ULTRA WOMEN'S MULTIMINERALS MULTIVITAMINS TABLET,10,0,0,0,Vitamin/Mineral,2
CENTRUM WOMEN UNDER 50 MULTIMINERALS MULTIVITAMINS TABLET,10,0,0,0,Vitamin/Mineral,2
CITRACAL CALCIUM + D3 GUMMIES,11,0,0,0,Vitamin/Mineral,2
CITRACAL PETITES BAYER,16,0,0,0,Other,2
CITRACAL PETITES CHOLECALCIFEROL CALCIUM CITRATE FILM COATED TABLET,13,0,0,0,Vitamin/Mineral,2
CITRACAL PETITES CHOLECALCIFEROL PLUS CALCIUM CITRATE FILM COATED TABLET,11,0,0,0,Vitamin/Mineral,2
CITRICAL MAXIMUM,12,0,0,0,Other,2
EU NATURAL CONCEPTION FOR HER FERTILITY AID AND MULTI,20,0,0,0,Other,2
LE-VEL THRIVE,10,0,0,0,Other,2
NATUREMADE VITAMIN B6,10,0,0,0,Vitamin/Mineral,2
OAD WOMEN'S 50+ MINIGELS COMPLETE MULTIVITAMIN,15,0,0,0,Vitamin/Mineral,2
OAD WOMEN'S MINIGELS COMPLETE MULTIVITAMIN,17,0,0,0,Vitamin/Mineral,2
ONE A DAY MEN'S HEALTH FORMULA MULTIVITAMINS MINERALS LYCOPENE FILM COATED TABLET,11,0,0,0,Vitamin/Mineral,2
ONE A DAY MEN'S MEN'S HEALTH FORMULA,19,0,0,0,Other,2
ONE A DAY MENS 50 PLUS HEATHLY ADVANTAGE BAYER,15,0,0,0,Other,2
ONE A DAY WOMEN'S FILM-COATED TABLET,13,0,0,0,Other,2
ONE A DAY WOMEN'S MULTIVITAMINS + MINERALS FILM-COATED TABLET,18,0,0,0,Vitamin/Mineral,2
ONE A DAY WOMEN'S PETITES,16,0,0,0,Other,2
ONE A DAY WOMENS MULTIVITAMINS COATED TABLET,14,0,0,0,Vitamin/Mineral,2
ONE-A-DAY WOMEN'S (MULTIVITAMINS) COATED TABLET,16,0,0,0,Vitamin/Mineral,2
PROSVENT ULTRA BLEND,19,100,5.26315789473684,94.7368421052632,Other,1
ROUNDHOUSE PROVISIONS MORNING KICK,14,100,0,100,Other,1
ISAGENIX CLEANSE FOR LIFE,17,94.1176470588235,0,70.5882352941177,Weight Loss/Diet,1
HERBALIFE HERBALIFELINE,15,93.3333333333333,0,80,Herbal/Botanical,1
ISAGENIX NATURAL ACCELERATOR ARIZONA NUTRITIONAL SUPPLEMENTS,15,93.3333333333333,0,60,Other,1
CERTIFIED ORGANIC JUICE CLEANSE GREENS POWDER,14,92.8571428571429,0,92.8571428571429,Weight Loss/Diet,1
GUNDRY MD MCT WELLNESS WATERMELON LEMONADE,13,92.3076923076923,0,92.3076923076923,Other,1
HERBAL EQUILIBRIUM,12,91.6666666666667,0,91.6666666666667,Herbal/Botanical,1
GUNDRY MD TOTAL RESTORE,20,90,0,90,Other,1
CELL-U-LOSS,18,88.8888888888889,5.55555555555556,72.2222222222222,Other,1
AZO CRANBERRY,13,84.6153846153846,0,7.69230769230769,Other,1
IC-5,19,84.2105263157895,0,84.2105263157895,Other,1
PROBIO 5,17,82.3529411764706,5.88235294117647,76.4705882352941,Other,1
ALPHA BRAIN,10,80,0,80,Other,1
BELLY TRIM XP,25,76,0,72,Other,1
DR. SINATRA OMEGA Q PLUS RESVERATROL,12,75,0,33.3333333333333,Omega/Fish Oil,1
ACCELERATE WITH THERMOLIT,11,72.7272727272727,0,72.7272727272727,Other,1
CHEAT,11,72.7272727272727,0,72.7272727272727,Other,1
TRUCONTROL,11,72.7272727272727,0,63.6363636363636,Other,1
AGELOC YOUTH (US),14,71.4285714285714,0,71.4285714285714,Other,1
MONSTER ENERGY DRINK,17,70.5882352941177,17.6470588235294,47.0588235294118,Energy/Stimulant,1
LEAN VANILLA,10,70,0,70,Weight Loss/Diet,1
OXY ELITE PRO,10,70,0,50,Other,1
FLUSH,12,66.6666666666667,0,66.6666666666667,Other,1
NAC MARKETING AGELESS MALE,15,66.6666666666667,0,60,Other,1
5-HOUR ENERGY EXTRA STRENGTH BERRY,11,63.6363636363636,9.09090909090909,63.6363636363636,Energy/Stimulant,1
OMEGA Q PLUS RESVERATROL,13,61.5384615384615,0,53.8461538461539,Omega/Fish Oil,1
NUTRILITE DOUBLE X,18,61.1111111111111,5.55555555555556,55.5555555555556,Other,1
5 HOUR ENERGY BERRY,11,54.5454545454545,0,45.4545454545455,Energy/Stimulant,1
NUGENIX TOTAL-T,11,54.5454545454545,0,54.5454545454545,Other,1
CORTISLIM,15,53.3333333333333,0,40,Weight Loss/Diet,1
ROYAL HONEY VIP,19,52.6315789473684,15.7894736842105,21.0526315789474,Other,1
AG1 WHOLE FOOD,10,50,0,50,Other,1
AGELOC TR90 CONTROL (US),12,50,0,50,Other,1
AGELOC TR90 FIT (US),10,50,0,50,Other,1
ARBONNE CLEANTOX HERBAL DETOX TEA,12,50,0,50,Weight Loss/Diet,1
BIOTRUST LEPTIBURN,10,50,0,50,Other,1
NAC MARKETING AGELESS MALE PERFORMANCE,10,50,0,50,Other,1
OPMS KRATOM,10,50,10,30,Herbal/Botanical,1
UQORA FLUSH,16,50,0,50,Other,1
BENEFIBER UNKNOWN (NCH),18,44.4444444444444,27.7777777777778,16.6666666666667,Other,1
MULTIVITAMIN,16,43.75,12.5,12.5,Vitamin/Mineral,1
UQORA DEFEND,16,43.75,0,43.75,Other,1
RECONNECT,12,41.6666666666667,0,41.6666666666667,Other,1
CALCIUM,17,41.1764705882353,5.88235294117647,29.4117647058824,Vitamin/Mineral,1
EQUELLE MENOPAUSE SYMPTOM RELIEF,10,40,0,20,Other,1
LIFEVANTAGE PROTANDIM NRF2 SYNERGIZER,10,40,0,40,Other,1
PRESERVISION LUTEIN SOFT GELS,18,38.8888888888889,0,22.2222222222222,Other,1
METAMUCIL,13,38.4615384615385,0,38.4615384615385,Other,1
SIMILAC PROBIOTIC TRIBLEND,13,38.4615384615385,0,30.7692307692308,Probiotic,1
BEYOND RAW LIT,11,36.3636363636364,0,27.2727272727273,Other,1
ESTROVEN WEIGHT MANAGEMENT,11,36.3636363636364,0,18.1818181818182,Weight Loss/Diet,1
PURITAN'S PRIDE GINKGO BILOBA,11,36.3636363636364,0,36.3636363636364,Herbal/Botanical,1
VITAMIN C,17,35.2941176470588,5.88235294117647,17.6470588235294,Vitamin/Mineral,1
NUTRAFOL STRESS ADAPTOGEN HAIR WELLNESS BOOSTER,12,33.3333333333333,0,33.3333333333333,Other,1
THERMOPLUS,21,33.3333333333333,0,33.3333333333333,Other,1
HYDROXYCUT PRO CLINICAL CAPLETS,19,31.5789473684211,5.26315789473684,31.5789473684211,Weight Loss/Diet,1
BENEFIBER UNKNOWN (NCH) (UNKNOWN) UNKNOWN,16,31.25,18.75,12.5,Other,1
BIOTIN,20,30,5,15,Vitamin/Mineral,1
CITRACAL (CHOLECALCIFEROL+ CALCIUM CITRATE) COATED TABLET,10,30,10,20,Vitamin/Mineral,1
CITRACAL CHOLECALCIFEROL CALCIUM CITRATE COATED TABLET,10,30,0,30,Vitamin/Mineral,1
CITRACAL REGULAR,10,30,0,0,Other,1
MODERE TRIM VANILLA,10,30,0,10,Other,1
PROTANDIM,10,30,0,30,Other,1
VITACLEAR,10,30,0,20,Other,1
SLIMVANCE THERMOGENIC,14,28.5714285714286,0,28.5714285714286,Weight Loss/Diet,1
"CENTRUM (MULTIMINERALS, MULTIVITAMINS) CHEWABLE TABLET",12,25,0,25,Vitamin/Mineral,1
"CENTRUM FLAVOR BURST (MULTIMINERALS, MULTIVITAMINS) CHEWABLE TABLET",12,25,0,25,Vitamin/Mineral,1
GAS-X PREVENTION (NCH) (ALPHA-GALACTOSIDASE) CAPSULE,16,25,6.25,18.75,Other,1
ONE A DAY WOMEN'S 50 PLUS ADVANTAGE,24,25,0,25,Other,1
PRESERVISION AREDS 2 SOFT GELS,28,25,3.57142857142857,14.2857142857143,Other,1
RHINO,12,25,0,16.6666666666667,Sexual Enhancement,1
BENEFIBER WITH WHEAT DEXTRIN POWDER,13,23.0769230769231,7.69230769230769,15.3846153846154,Other,1
ESTROVEN,13,23.0769230769231,0,15.3846153846154,Other,1
QUINCY BIOSCIENCE PREVAGEN,13,23.0769230769231,0,7.69230769230769,Other,1
CENTRUM ADULTS,14,21.4285714285714,7.14285714285714,14.2857142857143,Other,1
LACTAID FAST ACT CHEWABLES,14,21.4285714285714,0,14.2857142857143,Other,1
ONE A DAY WOMEN'S PRENATAL (MULTIVITAMINS + MINERALS) FILM-COATED TABLET,14,21.4285714285714,0,21.4285714285714,Vitamin/Mineral,1
ONE A DAY WOMEN'S ACTIVE METABOLISM,19,21.0526315789474,0,21.0526315789474,Weight Loss/Diet,1
CALTRATE 600 PLUS CHEWABLE,11,18.1818181818182,0,18.1818181818182,Other,1
FLINTSTONES GUMMIES,23,17.3913043478261,0,17.3913043478261,Other,1
EQUELLE,12,16.6666666666667,0,16.6666666666667,Other,1
FLORASTOR DAILY PROBIOTIC SUPPLEMENT,12,16.6666666666667,8.33333333333333,8.33333333333333,Probiotic,1
"OCUVITE ADULT 50+ (CAPSULE, SOFT)",12,16.6666666666667,0,16.6666666666667,Other,1
ONE A DAY MEN'S HEALTH FORMULA,37,16.2162162162162,0,10.8108108108108,Other,1
CENTRUM WOMEN UNDER 50,19,15.7894736842105,0,15.7894736842105,Other,1
BENEFIBER (NCH),14,14.2857142857143,7.14285714285714,7.14285714285714,Other,1
NEURIVA BRAIN PERFORMANCE ORIGINAL,14,14.2857142857143,0,14.2857142857143,Other,1
OCUVITE ADULT 50 PLUS,21,14.2857142857143,4.76190476190476,4.76190476190476,Other,1
CALTRATE 600 PLUS VITAMIN D CALCIUM CARBONATE CHOLECALCIFEROL TABLET,15,13.3333333333333,0,13.3333333333333,Vitamin/Mineral,1
"CENTRUM CARDIO (MULTIVITAMIN, MULTIMINERAL, PHYTOSTEROLS) TABLET",10,10,0,10,Vitamin/Mineral,1
ONE A DAY WOMEN'S 50 PLUS HEALTHY ADVANTAGE BAYER,10,10,0,0,Other,1
PRESERVISION AREDS 2 CHEWABLES,10,10,10,0,Other,1
PRESERVISION AREDS 2 FORMULA CHEWABLE,10,10,0,10,Other,1
ESTROVEN MAXIMUM STRENGTH,21,9.52380952380952,0,9.52380952380952,Other,1
BENEFIBER WITH WHEAT DEXTRIN (NCH)(WHEAT DEXTRIN) POWDER,11,9.09090909090909,0,0,Other,1
BLINK NUTRITEARS,11,9.09090909090909,0,9.09090909090909,Other,1
CENTRUM SILVER ULTRA WOMEN'S TABLET,11,9.09090909090909,0,0,Other,1
MODERE LIQUID BIOCELL LIFE,11,9.09090909090909,0,9.09090909090909,Other,1
ONE A DAY WOMEN'S 50+ HEALTHY ADVANTAGE MULTIVITAMINS + MINERALS FILM-COATED TABLET,11,9.09090909090909,9.09090909090909,0,Vitamin/Mineral,1
BAUSCH + LOMB PRESERVISION AREDS 2,12,8.33333333333333,0,8.33333333333333,Other,1
GRIPE WATER ORIGINAL,12,8.33333333333333,0,0,Other,1
VITAPEARL,24,8.33333333333333,4.16666666666667,8.33333333333333,Other,1
GRIPE WATER,13,7.69230769230769,0,0,Other,1
GRIPE WATER NIGHTTIME,14,7.14285714285714,0,7.14285714285714,Other,1
ONE A DAY WOMENS VITACRAVES GUMMIES,14,7.14285714285714,0,0,Other,1
"BEROCCA (CAFFEINE, MINERALS, ASCORBIC ACID, VITAMIN B) EFFERVESCENT TABLET",15,6.66666666666667,0,6.66666666666667,Energy/Stimulant,1
MEDIX SELECT ACTALIN,15,6.66666666666667,0,6.66666666666667,Other,1
"CALTRATE PLUS (CALCIUM CARBONATE, VITAMIN D, ZINC) TABLET",11,0,0,0,Vitamin/Mineral,1
CENTRUM SILVER WOMEN 50 PLUS,26,0,0,0,Other,1
OMNI DROP PROGRAM,21,0,0,0,Other,1
ONE A DAY VITACRAVES GUMMIES,12,0,0,0,Other,1
ONE A DAY WOMEN'S 50+ HEALTHY ADVANTAGE FILM-COATED TABLET,10,0,0,0,Other,1
ONE A DAY WOMEN'S MULTIVITAMINS + MINERALS FILM COATED TABLET,18,0,0,0,Vitamin/Mineral,1
ONE A DAY WOMEN'S PRENATAL 1,10,0,0,0,Vitamin/Mineral,1
PHILLIPS COLON HEALTH,11,0,0,0,Other,1
PINK PUSSYCAT,13,0,0,0,Other,1
RITUAL ESSENTIAL FOR WOMEN MULTIVITAMIN 18 PLUS,17,0,0,0,Vitamin/Mineral,1
RITUAL SYNBIOTIC PLUS PREBIOTIC PROBIOTIC POSTBIOTIC,22,0,0,0,Probiotic,1
CLEANSE FOR LIFE NATURAL RICH BERRY,14,100,0,92.8571428571429,Weight Loss/Diet,0
ISA FLUSH,11,100,0,100,Other,0
PROLESSA DUO,12,100,8.33333333333333,75,Other,0
ISAGENIX IONIX SUPREME,17,94.1176470588235,0,88.2352941176471,Other,0
NEW VITALITY AGELESS MALE,13,92.3076923076923,0,76.9230769230769,Other,0
PLEXUS VITALBIOME,11,90.9090909090909,0,90.9090909090909,Other,0
TRUVY VY,12,83.3333333333333,0,83.3333333333333,Other,0
PREVAGEN 10MG,10,80,0,80,Other,0
GREEN TEA CR CAPSULE,10,70,0,70,Other,0
XYNGULAR ACCELERATE WITH THERMOLIT,11,63.6363636363636,0,63.6363636363636,Other,0
NAC MARKETING TRIPLE ACTION VIRILITY,13,61.5384615384615,0,46.1538461538462,Other,0
ALPHA LIPOIC ACID,10,60,10,10,Other,0
ASHWAGANDHA,15,60,0,46.6666666666667,Herbal/Botanical,0
PERSONA NUTRITION FOUNDATIONAL MULTIVITAMIN,10,60,0,40,Vitamin/Mineral,0
PLEXUS METABURN,15,60,0,60,Other,0
XYNG FUEL FOR LIFE,10,60,0,60,Energy/Stimulant,0
XYNGULAR AXION,10,60,0,50,Other,0
NAC MARKETING AGELESS MALE DAILY DEFENSE,17,58.8235294117647,0,58.8235294117647,Other,0
XYNGULAR FLUSH,12,58.3333333333333,0,58.3333333333333,Other,0
GINKGO BILOBA,14,57.1428571428571,14.2857142857143,50,Herbal/Botanical,0
"CENTRUM SILVER MULTIMINERALS, MULTIVITAMINS",11,54.5454545454545,18.1818181818182,36.3636363636364,Vitamin/Mineral,0
LIPOZENE,17,52.9411764705882,0,47.0588235294118,Other,0
CENTRUM MULTIGUMMIES WOMEN,21,52.3809523809524,0,52.3809523809524,Other,0
AGELOC VITALITY,10,50,0,30,Other,0
COQ10,10,50,0,40,Other,0
NATURE MADE FISH OIL,12,50,16.6666666666667,0,Omega/Fish Oil,0
VITACLEAR DIETARY SUPPLEMENT,10,50,0,20,Weight Loss/Diet,0
XYNGULAR XYNG,10,50,0,50,Other,0
ZINC,10,50,0,20,Vitamin/Mineral,0
ALLEVIATE,19,47.3684210526316,0,47.3684210526316,Other,0
LIFEPAK NANO,15,46.6666666666667,0,40,Other,0
"SLOW-MAG (MAGNESIUM, CALCIUM) GASTRO-RESISTANT TABLET",15,46.6666666666667,0,40,Vitamin/Mineral,0
UQORA PROMOTE,14,42.8571428571429,0,35.7142857142857,Other,0
CBD OIL,12,41.6666666666667,0,33.3333333333333,CBD/Hemp,0
LUNAFLEX PM,12,41.6666666666667,0,41.6666666666667,Other,0
PREVAGEN EXTRA STRENGTH CHEWABLE,12,41.6666666666667,0,25,Other,0
ONE A DAY MENS HEALTH FORMULA,17,41.1764705882353,11.7647058823529,29.4117647058824,Other,0
FISH OIL,32,40.625,6.25,25,Omega/Fish Oil,0
CENTRUM MULTIGUMMIES WOMEN 50+,10,40,0,40,Other,0
CENTRUM SPECIALIST ENERGY,10,40,0,40,Energy/Stimulant,0
NATURE'S BOUNTY MELATONIN,10,40,0,40,Sleep Aid,0
PRESERVISION AREDS TABLETS,18,38.8888888888889,0,33.3333333333333,Other,0
NUTRAFOL WOMEN'S BALANCE HAIR GROWTH NUTRACEUTICAL,13,38.4615384615385,0,38.4615384615385,Other,0
PROBIOSLIM,13,38.4615384615385,0,38.4615384615385,Weight Loss/Diet,0
"PRESERVISION LUTEIN SOFT GELS (CAPSULE, SOFT)",11,36.3636363636364,9.09090909090909,27.2727272727273,Other,0
RED YEAST RICE,11,36.3636363636364,0,18.1818181818182,Other,0
NUTRAFOL WOMEN,20,35,0,35,Other,0
"CALTRATE 600+ VITAMIN D (CALCIUM CARBONATE, CHOLECALCIFEROL) TABLET",12,33.3333333333333,0,33.3333333333333,Vitamin/Mineral,0
TRU NIAGEN,12,33.3333333333333,0,25,Other,0
PRESERVISION AREDS 2 FORMULA SOFT,13,30.7692307692308,15.3846153846154,15.3846153846154,Other,0
ZI XIU TANG BEE POLLEN,10,30,10,10,Other,0
FLINSTONES COMPLETE,14,28.5714285714286,7.14285714285714,14.2857142857143,Other,0
"CENTRUM MULTIGUMMIES (MULTIMINERALS, MULTIVITAMINS) CHEWABLE TABLET",11,27.2727272727273,0,27.2727272727273,Vitamin/Mineral,0
CENTRUM SILVER TABLET,11,27.2727272727273,0,27.2727272727273,Other,0
BEANO TABLET (ALPHA-D-GALACTOSIDASE),12,25,0,25,Other,0
CENTRUM SILVER MEN 50+,16,25,6.25,12.5,Other,0
CENTRUM MULTIGUMMIES,13,23.0769230769231,0,23.0769230769231,Other,0
CENTRUM MULTIMINERALS MULTIVITAMINS,13,23.0769230769231,7.69230769230769,15.3846153846154,Vitamin/Mineral,0
DIGESTIVE FREEDOM PLUS,13,23.0769230769231,0,7.69230769230769,Other,0
IRON,13,23.0769230769231,15.3846153846154,7.69230769230769,Vitamin/Mineral,0
PRESERVISION,14,21.4285714285714,0,14.2857142857143,Other,0
AVLIMIL,10,20,0,10,Other,0
BENEFIBER ORANGE POWDER (NCH) (WHEAT DEXTRIN) POWDER,10,20,0,0,Other,0
"CALTRATE 600 + VITAMIN D CALCIUM CARBONATE, CHOLECALCIFEROL TABLET",10,20,0,20,Vitamin/Mineral,0
"CENTRUM MEN UNDER 50 (MULTIMINERALS, MULTIVITAMINS) TABLET",10,20,0,20,Vitamin/Mineral,0
"CENTRUM SILVER MEN'S 50+(MULTIMINERALS, MULTIVITAMINS) TABLET",20,20,0,20,Vitamin/Mineral,0
MNS MAX E (MAXIMUM ENERGY),10,20,0,20,Energy/Stimulant,0
ONE A DAY,10,20,0,20,Other,0
"PRESERVISION AREDS 2 FORMULA SOFTGELS (CAPSULE, SOFT)",10,20,0,20,Other,0
VENTRICORE,15,20,0,6.66666666666667,Other,0
AIRBORNE,11,18.1818181818182,0,18.1818181818182,Other,0
CALTRATE (CALCIUM CARBONATE) TABLET,33,18.1818181818182,6.06060606060606,9.09090909090909,Vitamin/Mineral,0
"CALTRATE 600 +VITAMIN D (CALCIUM CARBONATE, CHOLECALCIFEROL) TABLET",17,17.6470588235294,0,17.6470588235294,Vitamin/Mineral,0
ONE A DAY ENERGY,17,17.6470588235294,0,11.7647058823529,Energy/Stimulant,0
PHILLIPS' LAXATIVE,12,16.6666666666667,0,16.6666666666667,Other,0
EMERGEN-C POWDER FOR ORAL SOLUTION,13,15.3846153846154,15.3846153846154,0,Other,0
NATUREMADE MAGNESIUM,13,15.3846153846154,0,15.3846153846154,Vitamin/Mineral,0
"CENTRUM SILVER ADULTS 50+ (MULTIMINERALS, MULTIVITAMINS) UNKNOWN",14,14.2857142857143,0,14.2857142857143,Vitamin/Mineral,0
ACTALIN,24,12.5,0,8.33333333333333,Other,0
ONE-A-DAY PROACTIVE 65+,16,12.5,6.25,6.25,Other,0
"CENTRUM SILVER (MULTIMINERALS, MULTIVITAMINS) UNKNOWN",18,11.1111111111111,5.55555555555556,5.55555555555556,Vitamin/Mineral,0
"CENTRUM SPECIALIST HEART (MULTIVITAMIN, MULTIMINERAL, PHYTOSTEROLS) TABLET",10,10,0,10,Vitamin/Mineral,0
CITRACAL CALCIUM + D,11,9.09090909090909,0,9.09090909090909,Vitamin/Mineral,0
NUTRACHAMPS KOREAN RED PANAX GINSENG,13,7.69230769230769,0,0,Herbal/Botanical,0
OCUVITE,13,7.69230769230769,0,0,Other,0
BENEFIBER WITH WHEAT DEXTRIN (WHEAT DEXTRIN) ORAL POWDER,14,7.14285714285714,7.14285714285714,0,Other,0
ONE A DAY MEN'S HEALTH,14,7.14285714285714,0,7.14285714285714,Other,0
CALTRATE,16,6.25,0,6.25,Other,0
"CALTRATE 600 + D SOFT CHEWS (CALCIUM CARBONATE, CHOLECALCIFEROL) CHEWABLE TABLET",11,0,0,0,Vitamin/Mineral,0
CENTRUM WOMEN,10,0,0,0,Other,0
"FLINTSTONES GUMMIES (MULTIVITAMINS, MINERALS, CHOLINE)",12,0,0,0,Vitamin/Mineral,0
NATURE MADE CHOLESTOFF PLUS,11,0,0,0,Other,0
ONE A DAY MEN'S HEALTH (MULTIVITAMINS) TABLET,11,0,0,0,Vitamin/Mineral,0
ONE A DAY TEEN ADVANTAGE FOR HER,13,0,0,0,Other,0
