product_clean,base_name,n_signals,total_cases
5 HOUR ENERGY,5 HOUR,7,57
5 HOUR ENERGY BERRY,5 HOUR,1,3
5-HOUR ENERGY,5HOUR ENERGY,5,36
5-HOUR ENERGY BERRY,5HOUR ENERGY,3,13
5-HOUR ENERGY EXTRA STRENGTH BERRY,5HOUR ENERGY,1,4
5-HOUR ENERGY POMEGRANATE,5HOUR ENERGY,1,3
ADVOCARE CATALYST,ADVOCARE CATALYST,1,3
ADVOCARE CATALYST BOTTLE,ADVOCARE CATALYST,1,3
ADVOCARE MNS 3,ADVOCARE MNS,3,11
ADVOCARE MNS MAX 3,ADVOCARE MNS,1,3
AG1 WHOLE FOOD POUCH 360G NON SPECIFIC,AG1 WHOLE,17,114
AG1 WHOLE FOOD DIETARY SUPPLEMENT,AG1 WHOLE,7,32
AG1 WHOLE FOOD,AG1 WHOLE,1,3
AG1 WHOLE FOOD NON SPECIFIC,AG1 WHOLE,1,3
AGELESS MALE MAX,AGELESS MALE,6,39
AGELESS MALE,AGELESS MALE,4,15
AGELESS MALE PERFORMANCE,AGELESS MALE,2,8
AGELESS MALE TONIGHT,AGELESS MALE,2,10
AGELOC TR90 CONTROL (US),AGELOC TR90,1,3
AGELOC TR90 FIT (US),AGELOC TR90,1,3
ALL DAY ENERGY GREENS,ALL DAY,15,167
ALL DAY ENERGY GREENS FRUITY,ALL DAY,15,127
ALL DAY ENERGY GREENS?,ALL DAY,4,19
"ALL DAY ENERGY GREENS, FRUITY",ALL DAY,2,13
ARBONNE ESSENTIALS HERBAL DETOX TEA,ARBONNE ESSENTIALS,10,59
ARBONNE ESSENTIALS PROTEIN SHAKE MIX - CHOCOLATE,ARBONNE ESSENTIALS,10,72
ARBONNE ESSENTIALS PROTEIN SHAKE MIX - VANILLA,ARBONNE ESSENTIALS,10,68
ARBONNE ESSENTIALS DAILY FIBER BOOST,ARBONNE ESSENTIALS,9,60
ARBONNE ESSENTIALS DIGESTION PLUS,ARBONNE ESSENTIALS,8,75
ARBONNE ESSENTIALS ENERGY FIZZ STICKS - POMEGRANATE,ARBONNE ESSENTIALS,7,35
ARBONNE ESSENTIALS ENERGY FIZZ STICKS - CITRUS,ARBONNE ESSENTIALS,6,32
ARBONNE ESSENTIALS GREENS BALANCE,ARBONNE ESSENTIALS,5,28
ARBONNE ESSENTIALS BODY CLEANSE,ARBONNE ESSENTIALS,3,24
ARBONNE ESSENTIALS CHOCOLATE PROTEIN SHAKE MIX,ARBONNE ESSENTIALS,3,21
ARBONNE ESSENTIALS ENERGY FIZZ STICKS CITRUS,ARBONNE ESSENTIALS,2,7
ARBONNE ESSENTIALS ENERGY FIZZ STICKS POMEGRANATE,ARBONNE ESSENTIALS,2,7
ARBONNE ESSENTIALS HERBAL TEA,ARBONNE ESSENTIALS,2,7
ARBONNE ESSENTIALS PROTEIN SHAKE MIX CHOCOLATE,ARBONNE ESSENTIALS,2,9
ARBONNE ESSENTIALS PROTEIN SHAKE MIX VANILLA,ARBONNE ESSENTIALS,2,11
ARBONNE ESSENTIALS VANILLA PROTEIN SHAKE MIX,ARBONNE ESSENTIALS,2,9
ARBONNE ESSENTIALS ENERGY FIZZ STICKS,ARBONNE ESSENTIALS,1,4
ARBONNE ESSENTIALS PROTEIN SHAKE MIX,ARBONNE ESSENTIALS,1,4
AZO CRANBERRY,AZO CRANBERRY,1,5
AZO CRANBERRY TABLETS,AZO CRANBERRY,1,3
BALANCE OF NATURE WHOLE PRODUCE FRUITS,BALANCE OF,4,23
BALANCE OF NATURE WHOLE PRODUCE VEGGIES,BALANCE OF,3,20
BALANCE OF NATURE WHOLE PRODUCE FRUITS 90 CAPSULES,BALANCE OF,2,9
BALANCE OF NATURE WHOLE PRODUCE VEGGIES 90 CAPSULES,BALANCE OF,2,10
BENEFIBER UNKNOWN (NCH) (UNKNOWN) POWDER,BENEFIBER UNKNOWN,2,7
BENEFIBER UNKNOWN (NCH),BENEFIBER UNKNOWN,1,5
BENEFIBER UNKNOWN (NCH) (UNKNOWN) UNKNOWN,BENEFIBER UNKNOWN,1,3
BENEFIBER W WHEAT DEXTRIN (NCH) (WHEAT DEXTRIN) POWDER,BENEFIBER W,20,99
BENEFIBER W/ WHEAT DEXTRIN,BENEFIBER W,2,12
BENEFIBER WITH WHEAT DEXTRIN (NCH) (WHEAT DEXTRIN) POWDER,BENEFIBER WITH,18,97
BENEFIBER WITH WHEAT DEXTRIN,BENEFIBER WITH,8,36
BENEFIBER WITH WHEAT DEXTRIN (NCH) WHEAT DEXTRIN POWDER,BENEFIBER WITH,3,12
BENEFIBER WITH WHEAT DEXTRIN (NCH)(WHEAT DEXTRIN) POWDER,BENEFIBER WITH,1,4
BENEFIBER WITH WHEAT DEXTRIN POWDER,BENEFIBER WITH,1,3
BEROCCA CAFFEINE MINERALS ASCORBIC ACID VITAMIN B EFFERVESCENT TABLET,BEROCCA CAFFEINE,2,14
"BEROCCA (CAFFEINE, MINERALS, ASCORBIC ACID, VITAMIN B)",BEROCCA CAFFEINE,1,4
"BEROCCA (CAFFEINE, MINERALS, ASCORBIC ACID, VITAMIN B) EFFERVESCENT TABLET",BEROCCA CAFFEINE,1,6
BEROCCA CAFFEINE MINERALS ASCORBIC ACID VITAMIN B,BEROCCA CAFFEINE,1,3
CALCIUM CARBONATE,CALCIUM CARBONATE,5,16
CALCIUM CARBONATE (CALCIUM CARBONATE) UNKNOWN,CALCIUM CARBONATE,5,16
"CALTRATE 600 + VITAMIN D (CALCIUM CARBONATE, CHOLECALCIFEROL) TABLET",CALTRATE 600,9,80
CALTRATE 600 + VITAMIN D,CALTRATE 600,4,48
"CALTRATE 600 + D PLUS MINERAL (CALCIUM CARBONATE, MULTIMINERAL, VITAMIN D) TABLET",CALTRATE 600,3,14
CALTRATE 600 + VITAMIN D CALCIUM CARBONATE CHOLECALCIFEROL TABLET,CALTRATE 600,3,11
CALTRATE 600 + D CALCIUM CARBONATE CHOLECALCIFEROL TABLET,CALTRATE 600,2,8
CALTRATE 600 + D PLUS MINERAL,CALTRATE 600,2,10
"CALTRATE 600 PLUS CHEWABLE (CALCIUM CARBONATE, VITAMIN D, ZINC) CHEWABLE TABLET",CALTRATE 600,2,10
CALTRATE 600 PLUS CHEWABLE CALCIUM CARBONATE VITAMIN D ZINC CHEWABLE TABLET,CALTRATE 600,2,7
"CALTRATE 600 + VITAMIN D (CALCIUM CARBONATE, CHOLECALCIFEROL)",CALTRATE 600,1,3
CALTRATE 600 PLUS CHEWABLE,CALTRATE 600,1,3
CALTRATE 600 PLUS VITAMIN D CALCIUM CARBONATE CHOLECALCIFEROL TABLET,CALTRATE 600,1,3
CALTRATE PLUS CALCIUM CARBONATE VITAMIN D ZINC TABLET,CALTRATE PLUS,2,7
"CALTRATE PLUS (CALCIUM CARBONATE, VITAMIN D, ZINC) TABLET",CALTRATE PLUS,1,3
CATALYST,CATALYST,3,11
CATALYST - NONSPECIFIC,CATALYST,1,3
CENTRUM ADULTS UNDER 50,CENTRUM ADULTS,2,9
CENTRUM ADULTS,CENTRUM ADULTS,1,3
CENTRUM MULTIGUMMIES ADULTS 50+,CENTRUM MULTIGUMMIES,2,6
CENTRUM MULTIGUMMIES ADULT,CENTRUM MULTIGUMMIES,1,3
"CENTRUM (MULTIMINERALS, MULTIVITAMINS) TABLET",CENTRUM MULTIMINERALS,5,50
CENTRUM MULTIMINERALS MULTIVITAMINS TABLET,CENTRUM MULTIMINERALS,3,19
"CENTRUM (MULTIMINERALS, MULTIVITAMINS)",CENTRUM MULTIMINERALS,2,9
"CENTRUM (MULTIMINERALS, MULTIVITAMINS) UNKNOWN",CENTRUM MULTIMINERALS,2,14
"CENTRUM (MULTIMINERALS, MULTIVITAMINS) CHEWABLE TABLET",CENTRUM MULTIMINERALS,1,3
"CENTRUM MULTIMINERALS, MULTIVITAMINS",CENTRUM MULTIMINERALS,1,4
"CENTRUM SILVER WOMEN'S 50+ (MULTIMINERALS, MULTIVITAMINS) TABLET",CENTRUM SILVER,16,1079
CENTRUM SILVER WOMEN'S 50+,CENTRUM SILVER,11,219
"CENTRUM SILVER (MULTIMINERALS, MULTIVITAMINS) TABLET",CENTRUM SILVER,9,207
CENTRUM SILVER MEN'S 50+,CENTRUM SILVER,9,102
CENTRUM SILVER ULTRA WOMENS MULTIMINERALS MULTIVITAMINS TABLET,CENTRUM SILVER,9,215
CENTRUM SILVER WOMEN'S 50+ MULTIMINERALS MULTIVITAMINS TABLET,CENTRUM SILVER,9,228
"CENTRUM SILVER ADULTS 50+ (MULTIMINERALS, MULTIVITAMINS) TABLET",CENTRUM SILVER,7,134
"CENTRUM SILVER MEN'S 50+ (MULTIMINERALS, MULTIVITAMINS) TABLET",CENTRUM SILVER,7,98
"CENTRUM SILVER ULTRA WOMEN'S (MULTIMINERALS, MULTIVITAMINS) TABLET",CENTRUM SILVER,7,250
"CENTRUM SILVER WOMENS 50+ (MULTIMINERALS, MULTIVITAMINS) TABLET",CENTRUM SILVER,7,119
CENTRUM SILVER,CENTRUM SILVER,6,55
CENTRUM SILVER ULTRA WOMEN'S MULTIMINERALS MULTIVITAMINS TABLET,CENTRUM SILVER,6,77
"CENTRUM SILVER WOMEN'S 50 + (MULTIMINERALS, MULTIVITAMINS) TABLET",CENTRUM SILVER,6,53
CENTRUM SILVER WOMENS 50+ MULTIMINERALS MULTIVITAMIN,CENTRUM SILVER,6,147
"CENTRUM SILVER (MULTIMINERALS, MULTIVITAMINS) CHEWABLE TABLET",CENTRUM SILVER,5,32
CENTRUM SILVER ADULTS 50+,CENTRUM SILVER,5,37
CENTRUM SILVER WOMEN 50+,CENTRUM SILVER,5,65
"CENTRUM SILVER (MULTIMINERALS, MULTIVITAMINS)",CENTRUM SILVER,4,19
CENTRUM SILVER ADULTS 50+ MULTIMINERALS MULTIVITAMIN,CENTRUM SILVER,4,38
CENTRUM SILVER MULTIMINERALS MULTIVITAMINS TABLET,CENTRUM SILVER,4,67
"CENTRUM SILVER MULTIMINERALS, MULTIVITAMINS TABLET",CENTRUM SILVER,4,19
CENTRUM SILVER ULTRA WOMEN'S,CENTRUM SILVER,4,68
CENTRUM SILVER ULTRA WOMENS MULTIMINERAL MULTIVITAMINS TABLET,CENTRUM SILVER,4,44
"CENTRUM SILVER WOMEN'S 50 PLUS (MULTIMINERALS, MULTIVITAMINS) TABLET",CENTRUM SILVER,4,27
CENTRUM SILVER WOMEN'S 50 PLUS MULTIMINERALS MULTIVITAMINS TABLET,CENTRUM SILVER,4,35
"CENTRUM SILVER WOMEN'S 50+ MULTIMINERALS, MULTIVITAMINS TABLET",CENTRUM SILVER,4,105
"CENTRUM SILVER ADULTS 50+(MULTIMINERALS, MULTIVITAMINS) TABLET",CENTRUM SILVER,3,25
CENTRUM SILVER MEN'S 50+ MULTIMINERALS MULTIVITAMINS TABLET,CENTRUM SILVER,3,13
"CENTRUM SILVER MEN'S 50+ MULTIMINERALS, MULTIVITAMINS TABLET",CENTRUM SILVER,3,11
CENTRUM SILVER MULTIMINERALS MULTIVITAMINS,CENTRUM SILVER,3,28
CENTRUM SILVER MULTIMINERALS MULTIVITAMINS CHEWABLE TABLET,CENTRUM SILVER,3,11
CENTRUM SILVER WOMEN'S 50+ (MULTIMINERALS MULTIVITAMINS) TABLET,CENTRUM SILVER,3,37
"CENTRUM SILVER WOMEN'S 50+(MULTIMINERALS, MULTIVITAMINS) TABLET",CENTRUM SILVER,3,46
CENTRUM SILVER WOMENS 50 MULTIMINERALS MULTIVITAMINS TABLET,CENTRUM SILVER,3,25
CENTRUM SILVER WOMENS 50 PLUS MULTIMINERALS MULTIVITAMINS TABLET,CENTRUM SILVER,3,17
CENTRUM SILVER ADULTS 50+ MULTIMINERALS MULTIVITAMINS TABLET,CENTRUM SILVER,2,13
"CENTRUM SILVER ADULTS 50+ MULTIMINERALS, MULTIVITAMINS TABLET",CENTRUM SILVER,2,10
CENTRUM SILVER ADULTS 50+ TABLET,CENTRUM SILVER,2,8
CENTRUM SILVER MEN 50 PLUS,CENTRUM SILVER,2,21
"CENTRUM SILVER MENS 50 + (MULTIMINERALS, MULTIVITAMINS) TABLET",CENTRUM SILVER,2,6
"CENTRUM SILVER ULTRA MEN'S (MULTIMINERALS, MULTIVITAMINS) TABLET",CENTRUM SILVER,2,12
"CENTRUM SILVER ULTRA WOMEN'S (MULTIMINERAL, MULTIVITAMINS) TABLET",CENTRUM SILVER,2,18
CENTRUM SILVER ULTRA WOMEN'S (MULTIMINERALS MULTIVITAMINS) TABLET,CENTRUM SILVER,2,12
"CENTRUM SILVER ULTRA WOMEN'S MULTIMINERALS, MULTIVITAMINS TABLET",CENTRUM SILVER,2,15
CENTRUM SILVER ULTRA WOMENS,CENTRUM SILVER,2,16
CENTRUM SILVER ULTRA WOMENS MULTIMINERALS MULTIVITAMINS,CENTRUM SILVER,2,17
"CENTRUM SILVER WOMEN'S 50 (MULTIMINERALS, MULTIVITAMINS) TABLET",CENTRUM SILVER,2,10
CENTRUM SILVER WOMEN'S 50 PLUS,CENTRUM SILVER,2,11
CENTRUM SILVER WOMEN'S 50+ MULTIMINERALS MULTIVITAMIN TABLET,CENTRUM SILVER,2,7
CENTRUM SILVER WOMEN'S 50+ MULTIMINERALS MULTIVITAMINSTABLET,CENTRUM SILVER,2,8
CENTRUM SILVER WOMEN'S 50+ TABLET,CENTRUM SILVER,2,15
"CENTRUM SILVER WOMEN'S 50+(MUL TIMINERALS, MULTIVITAMINS) TABLET",CENTRUM SILVER,2,12
CENTRUM SILVER WOMENS 50+ (MULTIMINERALS MULTIVITAMIN) TABLET,CENTRUM SILVER,2,8
CENTRUM SILVER WOMENS 50+ (MULTIMINERALS MULTIVITAMINS) TABLET,CENTRUM SILVER,2,8
"CENTRUM SILVER WOMENS 50+ (MULTIMINERALS, MULTIVITAMINS) TABLET",CENTRUM SILVER,2,7
CENTRUM SILVER WOMENS 50+ MULTIMINERALS MULTIVITAMIN TABLET,CENTRUM SILVER,2,14
CENTRUM SILVER ADULTS 50 PLUS,CENTRUM SILVER,1,5
CENTRUM SILVER ADULTS 50 PLUS MULTIMINERALS MULTIVITAMINS TABLET,CENTRUM SILVER,1,4
"CENTRUM SILVER ADULTS 50+ (MULTIMINERALS, MULTIVITAMINS)",CENTRUM SILVER,1,4
"CENTRUM SILVER ADULTS 50+ (MULTIMINERALS, MULTIVITAMINS) CHEWABLE TABLET",CENTRUM SILVER,1,3
"CENTRUM SILVER ADULTS 50+(MUL TIMINERALS, MULTIVITAMINS) TABLET",CENTRUM SILVER,1,3
CENTRUM SILVER CHEWABLE TABLET,CENTRUM SILVER,1,3
CENTRUM SILVER FOR MEN,CENTRUM SILVER,1,3
CENTRUM SILVER FOR WOMEN,CENTRUM SILVER,1,6
CENTRUM SILVER MEN'S 50 PLUS,CENTRUM SILVER,1,6
CENTRUM SILVER MENS 50 PLUS MULTIMINERALS MULTIVITAMINS TABLET,CENTRUM SILVER,1,3
CENTRUM SILVER MULTIMINERAL MULTIVITAMINS TABLET,CENTRUM SILVER,1,3
"CENTRUM SILVER MULTIMINERALS, MULTIVITAMIN TABLET",CENTRUM SILVER,1,3
CENTRUM SILVER MULTIVITAMIN MULTIMINERAL SUPPLEMENT,CENTRUM SILVER,1,3
"CENTRUM SILVER ULTRA WOMEN'S (MULTIMINERAL, MULTIVITAMIN) TABLET",CENTRUM SILVER,1,4
"CENTRUM SILVER ULTRA WOMEN'S (MULTIMINERAL, MULTIVITAMINS)",CENTRUM SILVER,1,3
"CENTRUM SILVER ULTRA WOMEN'S (MULTIMINERALS, MULTIVITAMINS)",CENTRUM SILVER,1,6
"CENTRUM SILVER ULTRA WOMEN'S (MULTIMINERALS, MULTIVITAMINS)TABLET",CENTRUM SILVER,1,3
"CENTRUM SILVER ULTRA WOMEN'S (MULTIVITAMINS, MULTIMINERALS) TABLET",CENTRUM SILVER,1,3
CENTRUM SILVER ULTRA WOMEN'S TABLET,CENTRUM SILVER,1,9
"CENTRUM SILVER ULTRA WOMENS (MULTIMINERALS, MULTIVITAMINS) TABLET",CENTRUM SILVER,1,3
CENTRUM SILVER ULTRA WOMENS MULTIMINERAL MULTIVITAMINS,CENTRUM SILVER,1,5
CENTRUM SILVER ULTRA WOMENS MULTIMINERALS MULTIVITAMIN TABLET,CENTRUM SILVER,1,3
CENTRUM SILVER ULTRA WOMENS MULTIMINERALS MULTIVITAMINS TABLETS,CENTRUM SILVER,1,3
CENTRUM SILVER ULTRA WOMENS TABLET,CENTRUM SILVER,1,3
CENTRUM SILVER WOMEN 50 PLUS,CENTRUM SILVER,1,17
"CENTRUM SILVER WOMEN'S (MULTIMINERALS, MULTIVITAMINS) TABLET",CENTRUM SILVER,1,4
CENTRUM SILVER WOMEN'S 50 + MULTIMINERALS MULTIVITAMINS TABLET,CENTRUM SILVER,1,3
"CENTRUM SILVER WOMEN'S 50 PLUS (MUL TIMINERALS, MULTIVITAMINS) TABLET",CENTRUM SILVER,1,5
"CENTRUM SILVER WOMEN'S 50+ (MUL TIMINERALS, MULTIVITAMINS) TABLET",CENTRUM SILVER,1,3
"CENTRUM SILVER WOMEN'S 50+ (MULTIMINERAL, MULTIVITAMINS) TABLET",CENTRUM SILVER,1,3
CENTRUM SILVER WOMEN'S 50+ (MULTIMINERALS + MULTIVITAMINS) TABLET,CENTRUM SILVER,1,4
"CENTRUM SILVER WOMEN'S 50+ (MULTIMINERALS, MULTIMINERALS) TABLET",CENTRUM SILVER,1,3
CENTRUM SILVER WOMEN'S 50+ MULTIMINERALS MULTIVITAMIN,CENTRUM SILVER,1,5
CENTRUM SILVER WOMEN'S 50+ MULTIMINERALS MULTIVITAMINS,CENTRUM SILVER,1,3
CENTRUM SILVER WOMEN'S 50+ MULTIMINERALS MULTIVITAMINS TABLETS,CENTRUM SILVER,1,3
CENTRUM SILVER WOMEN'S MULTIMINERALS MULTIVITAMINS TABLET,CENTRUM SILVER,1,3
CENTRUM SILVER WOMENS 50 PLUS,CENTRUM SILVER,1,4
CENTRUM SILVER WOMENS 50+,CENTRUM SILVER,1,3
"CENTRUM ULTRA WOMEN'S (MULTIMINERALS, MULTIVITAMINS) TABLET",CENTRUM ULTRA,4,58
CENTRUM ULTRA WOMENS MULTIMINERALS MULTIVITAMINS TABLET,CENTRUM ULTRA,4,41
"CENTRUM ULTRA WOMEN'S (MULTIMINERAL, MULTIVITAMIN) TABLET",CENTRUM ULTRA,2,10
CENTRUM ULTRA WOMEN'S MULTIMINERALS MULTIVITAMINS TABLET,CENTRUM ULTRA,2,14
CENTRUM ULTRA WOMEN'S TABLET,CENTRUM ULTRA,1,3
CENTRUM ULTRA WOMENS,CENTRUM ULTRA,1,3
CENTRUM ULTRA WOMENS MULTIMINERAL MULTIVITAMINS TABLET,CENTRUM ULTRA,1,4
CENTRUM ULTRA WOMENS MULTIVITAMINS MULTIMINERALS TABLET,CENTRUM ULTRA,1,3
"CENTRUM WOMEN UNDER 50 (MULTIMINERALS, MULTIVITAMINS) TABLET",CENTRUM WOMEN,5,49
CENTRUM WOMEN UNDER 50 MULTIMINERALS MULTIVITAMINS TABLET,CENTRUM WOMEN,2,12
"CENTRUM WOMEN UNDER 50 MULTIMINERALS, MULTIVITAMINS TABLET",CENTRUM WOMEN,2,8
CENTRUM WOMEN UNDER 50,CENTRUM WOMEN,1,6
CENTRUM WOMEN UNDER 50 MULTIMINERALS MULTIVITAMIN,CENTRUM WOMEN,1,3
"CITRACAL CALCIUM + D SLOW RELEASE 1200 (CALCIUM CARBONATE, CALCIUM CITRATE, VITAMIN D, MAGNESIUM HYDROXIDE) FILM-COATED TABLET",CITRACAL CALCIUM,3,20
CITRACAL CALCIUM + D SLOW RELEASE 1200,CITRACAL CALCIUM,2,26
CITRACAL CALCIUM + D3 GUMMIES,CITRACAL CALCIUM,2,12
CITRACAL CALCIUM + D SLOW RELEASE,CITRACAL CALCIUM,1,5
"CITRACAL CALCIUM + D3 GUMMIES (COLECALCIFEROL, TRICALCIUM PHOSPHATE)",CITRACAL CALCIUM,1,3
CITRACAL CALCIUM CITRATE,CITRACAL CALCIUM,1,6
"CITRACAL CALCIUM+ D SLOW RELEASE 1200 (CALCIUM CARBONATE, CALCIUM CITRATE, VITAMIN D, MAGNESIUM HYDROXIDE) FILM-COATED TABLET",CITRACAL CALCIUM,1,5
CITRACAL (CHOLECALCIFEROL + CALCIUM CITRATE) COATED TABLET,CITRACAL CHOLECALCIFEROL,3,16
CITRACAL (CHOLECALCIFEROL+ CALCIUM CITRATE) COATED TABLET,CITRACAL CHOLECALCIFEROL,1,5
CITRACAL CHOLECALCIFEROL + CALCIUM CITRATE COATED TABLET,CITRACAL CHOLECALCIFEROL,1,4
CITRACAL CHOLECALCIFEROL CALCIUM CITRATE COATED TABLET,CITRACAL CHOLECALCIFEROL,1,6
CITRACAL CHOLECALCIFEROL PLUS CALCIUM CITRATE COATED TABLET,CITRACAL CHOLECALCIFEROL,1,3
CITRACAL MAXIMUM (CHOLECALCIFEROL + CALCIUM CITRATE) FILM-COATED TABLET,CITRACAL MAXIMUM,11,155
CITRACAL MAXIMUM,CITRACAL MAXIMUM,9,506
CITRACAL MAXIMUM (CHOLECALCIFEROL +CALCIUM CITRATE) FILM-COATED TABLET,CITRACAL MAXIMUM,4,30
CITRACAL MAXIMUM BAYER,CITRACAL MAXIMUM,4,46
CITRACAL MAXIMUM PLUS,CITRACAL MAXIMUM,4,43
CITRACAL MAXIMUM CHOLECALCIFEROL PLUS CALCIUM CITRATE FILM COATED TABLET,CITRACAL MAXIMUM,3,15
"CITRACAL, MAXIMUM, BAYER",CITRACAL MAXIMUM,3,15
CITRACAL MAXIMUM CHOLECALCIFEROL + CALCIUM CITRATE FILM COATED TABLET,CITRACAL MAXIMUM,2,11
CITRACAL MAXIMUM CHOLECALCIFEROL + CALCIUM CITRATE FILM-COATED TABLET,CITRACAL MAXIMUM,2,17
CITRACAL MAXIMUM CHOLECALCIFEROL CALCIUM CITRATE FILM COATED TABLET,CITRACAL MAXIMUM,2,21
CITRACAL MAXIMUM FILM-COATED TABLET,CITRACAL MAXIMUM,2,14
CITRACAL MAXIMUM ( CHOLECALCIFEROL+ CALCIUM CITRATE) FILM-COATED TABLET,CITRACAL MAXIMUM,1,3
CITRACAL MAXIMUM (CHOLECALCIFEROL + CALCIUM CITRATE),CITRACAL MAXIMUM,1,4
CITRACAL MAXIMUM (CHOLECALCIFEROL + CALCIUM CITRATE) FILM COATED TABLET,CITRACAL MAXIMUM,1,4
CITRACAL MAXIMUM CALCIUM CITRATE,CITRACAL MAXIMUM,1,5
CITRACAL MAXIMUM CAPLETS + D,CITRACAL MAXIMUM,1,3
CITRACAL MAXIMUM CHOLECALCIFEROL CALCIUM CITRATE,CITRACAL MAXIMUM,1,4
CITRACAL PETITES,CITRACAL PETITES,8,307
CITRACAL PETITES (CHOLECALCIFEROL + CALCIUM CITRATE) FILM-COATED TABLET,CITRACAL PETITES,7,161
CITRACAL PETITES FILM-COATED TABLET,CITRACAL PETITES,4,19
CITRACAL PETITES (CHOLECALCIFEROL +CALCIUM CITRATE) FILM-COATED TABLET,CITRACAL PETITES,3,35
CITRACAL PETITES BAYER,CITRACAL PETITES,2,15
CITRACAL PETITES CHOLECALCIFEROL + CALCIUM CITRATE FILM-COATED TABLET,CITRACAL PETITES,2,16
CITRACAL PETITES CHOLECALCIFEROL CALCIUM CITRATE FILM COATED TABLET,CITRACAL PETITES,2,14
CITRACAL PETITES CHOLECALCIFEROL PLUS CALCIUM CITRATE FILM COATED TABLET,CITRACAL PETITES,2,14
CITRACAL PETITES (CALCIUM CITRATE),CITRACAL PETITES,1,3
CITRACAL PETITES (CHOLECALCIFEROL + CALCIUM CITRATE),CITRACAL PETITES,1,3
CITRACAL PETITES (CHOLECALCIFEROL + CALCIUM CITRATE) FILM COATED TABLET,CITRACAL PETITES,1,4
CITRACAL PETITES CHOLECALCIFEROL + CALCIUM CITRATE FILM COATED TABLET,CITRACAL PETITES,1,6
"CITRACAL, PETITES, BAYER",CITRACAL PETITES,1,4
CITRACAL PETITES(CHOLECALCIFEROL +CALCIUM CITRATE) FILM-COATED TABLET,CITRACAL PETITESCHOLECALCIFEROL,3,19
CITRACAL PETITES(CHOLECALCIFEROL + CALCIUM CITRATE) FILM-COATED TABLET,CITRACAL PETITESCHOLECALCIFEROL,1,4
CITRACAL PLUS MAGNESIUM,CITRACAL PLUS,2,9
"CITRACAL PLUS MAGNESIUM (CALCIUM CITRATE, VITAMIN D, MINERALS) FILM-COATED TABLET",CITRACAL PLUS,2,9
CITRACAL PLUS (CALCIUM CARBONATE + VITAMIN D),CITRACAL PLUS,1,3
"CITRACAL PLUS BONE DENSITY BUILDER (CALCIUM CARBONATE, CALCIUM CITRATE, MINERALS, GENESTEIN) FILM-COATED TABLET",CITRACAL PLUS,1,3
CITRACAL PLUS MAGNESIUM (CHOLECALCIFEROL + CALCIUM CITRATE) FILM-COATED TABLET,CITRACAL PLUS,1,3
CITRACAL REGULAR,CITRACAL REGULAR,1,5
CITRACAL REGULAR (CHOLECALCIFEROL + CALCIUM CITRATE) FILM-COATED TABLET,CITRACAL REGULAR,1,4
CITRACAL SLOW RELEASE 1200,CITRACAL SLOW,4,65
CITRACAL SLOW RELEASE,CITRACAL SLOW,1,3
CITRACAL SLOW RELEASE 1200 BAYER,CITRACAL SLOW,1,3
CLEANSE FOR LIFE,CLEANSE FOR,2,10
CLEANSE FOR LIFE LIQUID,CLEANSE FOR,2,6
DS 01 DAILY PROBIOTIC PLUS PREBIOTIC SUPPLEMENT,DS 01,1,4
DS 01 DAILY SYNBIOTIC SUPPLEMENT,DS 01,1,4
"EMERGEN-C (ASCORBIC ACID, B-COMPLEX, ELECTROLYTE, MULTIMINERAL, MULTIVIT, ZINC) POWDER FOR ORAL SOLUTION",EMERGENC ASCORBIC,5,22
"EMERGEN-C (ASCORBIC ACID, B-COMPLEX, ELECTROLYTE, MULTIMINERALS, MULTIVIT, ZINC) POWDER FOR ORAL SOLUTION",EMERGENC ASCORBIC,2,12
EMERGEN-C ASCORBIC ACID B-COMPLEX ELECTROL YTE MUL TIMINERAL MUL TIVIT ZINC POWDER FOR,EMERGENC ASCORBIC,2,6
EMERGEN-C ASCORBIC ACID B-COMPLEX ELECTROLYTE MULTIMINERAL MULTIVITAMIN ZINC POWDER FOR ORAL SOLUTION,EMERGENC ASCORBIC,2,6
ENDLESS YOUTH VITAMIN SUPPLEMENT,ENDLESS YOUTH,4,14
ENDLESS YOUTH DIETARY SUPPLEMENT 30 DAY KIT,ENDLESS YOUTH,1,3
ENFAMIL D-VI-SOL,ENFAMIL DVISOL,2,8
ENFAMIL D-VI-SOL LIQUID VITAMIN D SUPPLEMENT,ENFAMIL DVISOL,1,3
ESTER-C 24 HOUR IMMUNE SUPPORT 1000MG COATED TABLETS,ESTERC 24,4,17
ESTER-C 24 HOUR IMMUNE SUPPORT,ESTERC 24,3,13
EU NATURAL CONCEPTION FOR HER FERTILITY AID AND MULTI,EU NATURAL,2,20
EU NATURAL CONCEPTION FOR HER,EU NATURAL,1,5
EXTENZE PLUS,EXTENZE PLUS,13,78
EXTENZE PLUS MALE ENHANCEMENT,EXTENZE PLUS,2,7
FERROUS SULFATE,FERROUS SULFATE,3,11
FERROUS SULFATE (NCH) (FERROUS SULFATE) UNKNOWN,FERROUS SULFATE,1,3
FLINSTONES COMPLETE (MULTIVITAMINS) CHEWABLE TABLET,FLINSTONES COMPLETE,2,11
FLINSTONES COMPLETE CHILDREN'S MULTIVITAMIN SUPPLEMENT CHEWABLE,FLINSTONES COMPLETE,2,6
FLINSTONES COMPLETE CHILDRENS MULTIVITAMIN,FLINSTONES COMPLETE,2,6
FLINSTONES COMPLETE MULTIVITAMINS CHEWABLE TABLET,FLINSTONES COMPLETE,2,8
FLINSTONES GUMMIES,FLINSTONES GUMMIES,1,3
FLINSTONES GUMMIES (MULTIVITAMINS),FLINSTONES GUMMIES,1,3
FLINSTONES GUMMIES MULTIVITAMINS,FLINSTONES GUMMIES,1,3
FLINTSTONES COMPLETE MULTIVITAMINS CHEWABLE TABLET,FLINTSTONES COMPLETE,6,40
FLINTSTONES COMPLETE,FLINTSTONES COMPLETE,4,14
FLINTSTONES COMPLETE CHEWABLE,FLINTSTONES COMPLETE,4,18
FLINTSTONES COMPLETE (MULTIVITAMINS) CHEWABLE TABLET,FLINTSTONES COMPLETE,3,25
FLINTSTONES COMPLETE (MULTIVITAMINS + MINERALS) CHEWABLE TABLET,FLINTSTONES COMPLETE,2,7
FLINTSTONES COMPLETE MULTIVITAMINS + MINERALS CHEWABLE TABLET,FLINTSTONES COMPLETE,2,7
FLINTSTONES COMPLETE GUMMIES,FLINTSTONES COMPLETE,1,4
FLINTSTONES GUMMIES MULTIVITAMINS,FLINTSTONES GUMMIES,3,16
FLINTSTONES GUMMIES (MULTIVITAMINS),FLINTSTONES GUMMIES,2,21
FLINTSTONES GUMMIES MULTIVITAMINS ORAL DROPS,FLINTSTONES GUMMIES,2,6
FLINTSTONES GUMMIES,FLINTSTONES GUMMIES,1,3
FLINTSTONES WITH IRON,FLINTSTONES WITH,2,7
FLINTSTONES WITH IRON (MULTIVITAMINS + IRON) CHEWABLE TABLET,FLINTSTONES WITH,1,5
FLINTSTONES WITH IRON MULTIVITAMINS + IRON CHEWABLE TABLET,FLINTSTONES WITH,1,3
FLORASTOR (SACCHAROMYCES BOULARDII LYOPHILISED),FLORASTOR SACCHAROMYCES,2,19
FLORASTOR SACCHAROMYCES BOULARDII,FLORASTOR SACCHAROMYCES,1,4
GRIPE WATER,GRIPE WATER,1,7
GRIPE WATER NIGHTTIME,GRIPE WATER,1,13
GRIPE WATER ORIGINAL,GRIPE WATER,1,12
GUNDRY MD BIO COMPLETE 3,GUNDRY MD,2,14
GUNDRY MD ACTIVE ADVANTAGE,GUNDRY MD,1,3
GUNDRY MD MCT WELLNESS BLUEBERRY LEMONADE,GUNDRY MD,1,3
GUNDRY MD MCT WELLNESS WATERMELON LEMONADE,GUNDRY MD,1,8
GUNDRY MD TOTAL RESTORE,GUNDRY MD,1,9
HERBAL CLEANSE WITH CITRUS FIBER DRINK,HERBAL CLEANSE,6,21
HERBAL CLEANSE - PEACHES & CREAM FIBER DRINK,HERBAL CLEANSE,1,3
HERBAL CLEANSE DIETARY SUPPLEMENT,HERBAL CLEANSE,1,3
"HERBAL CLEANSE PACK (RESTORE, HERBAL CLEANSE)",HERBAL CLEANSE,1,3
HERBALIFE 21-DAY HERBAL CLEANSING PROGRAM PM TABLETS,HERBALIFE 21DAY,4,15
HERBALIFE 21-DAY HERBAL CLEANSING PROGRAM AM TABLETS,HERBALIFE 21DAY,3,12
HERBALIFE HERBAL ALOE CONCENTRATE,HERBALIFE HERBAL,6,24
HERBALIFE HERBAL ALOE CONCENTRATE MANGO,HERBALIFE HERBAL,2,6
HERBALIFE HERBAL TEA CONCENTRATE RASPBERRY,HERBALIFE HERBAL,2,6
HERBALIFE MULTIVITAMIN COMPLEX FORMULA 2,HERBALIFE MULTIVITAMIN,11,52
HERBALIFE MULTIVITAMIN,HERBALIFE MULTIVITAMIN,2,7
HYDROXYCUT 24 AM,HYDROXYCUT 24,6,18
HYDROXYCUT 24 PM,HYDROXYCUT 24,6,18
HYDROXYCUT 24,HYDROXYCUT 24,3,11
HYDROXYCUT CAFFEINE FREE CAPLETS,HYDROXYCUT CAFFEINE,11,42
HYDROXYCUT CAFFEINE FREE,HYDROXYCUT CAFFEINE,2,6
HYDROXYCUT HARDCORE CAPSULES,HYDROXYCUT HARDCORE,42,463
HYDROXYCUT HARDCORE,HYDROXYCUT HARDCORE,20,100
HYDROXYCUT HARDCORE RAPID RELEASE CAPSULES,HYDROXYCUT HARDCORE,7,25
HYDROXYCUT HARDCORE ELITE CAPSULES,HYDROXYCUT HARDCORE,3,10
HYDROXYCUT HARDCORE LIQUID CAPSULES,HYDROXYCUT HARDCORE,1,3
HYDROXYCUT MAX LIQUID CAPS,HYDROXYCUT MAX,14,85
HYDROXYCUT MAX,HYDROXYCUT MAX,3,11
HYDROXYCUT MAX POWDER PACKETS,HYDROXYCUT MAX,2,6
HYDROXYCUT PRO CLINICAL CAPLETS,HYDROXYCUT PRO,1,3
HYDROXYCUT PRO CLINICAL CAPLETS CAPLET,HYDROXYCUT PRO,1,4
HYDROXYCUT REGULAR RAPID RELEASE CAPLETS,HYDROXYCUT REGULAR,54,1060
HYDROXYCUT REGULAR DRINK MIX SACHETS,HYDROXYCUT REGULAR,16,75
HYDROXYCUT REGULAR RAPID RELEASE,HYDROXYCUT REGULAR,6,19
HYDROXYCUT REGULAR RAPID RELEASE CAPLETS (NO PREF. NAME),HYDROXYCUT REGULAR,6,20
HYDROXYCUT REGULAR RELEASE CAPLETS,HYDROXYCUT REGULAR,3,10
HYDROXYCUT WITH EPHEDRA,HYDROXYCUT WITH,16,86
HYDROXYCUT WITH EPHEDRA (NO PREF. NAME),HYDROXYCUT WITH,1,3
IONIX SUPREME,IONIX SUPREME,3,16
IONIX SUPREME ALIX TECHNOLOGIES,IONIX SUPREME,1,3
IONIX SUPREME POWDER,IONIX SUPREME,1,3
ISAGENIX CLEANSE FOR LIFE,ISAGENIX CLEANSE,1,4
ISAGENIX CLEANSE FOR LIFE POWDER,ISAGENIX CLEANSE,1,3
ISAGENIX IONIX SUPREME LIQUID,ISAGENIX IONIX,4,12
ISAGENIX IONIX SUPREME-LIQUID,ISAGENIX IONIX,1,3
ISAGENIX NATURAL ACCELERATOR,ISAGENIX NATURAL,7,40
ISAGENIX NATURAL ACCELERATOR ARIZONA NUTRITIONAL SUPPLEMENTS,ISAGENIX NATURAL,1,3
LACTAID FAST ACT,LACTAID FAST,8,91
LACTAID FAST ACT CAPLETS,LACTAID FAST,5,26
LACTAID FAST ACT LACTASE ENZYME SUPPLEMENT,LACTAID FAST,4,15
LACTAID FAST ACT ULTRA,LACTAID FAST,2,6
LACTAID FAST ACTING,LACTAID FAST,2,6
LACTAID FAST ACT CHEWABLES,LACTAID FAST,1,6
LIBIDO MAX FOR MEN,LIBIDO MAX,3,14
LIBIDO MAX,LIBIDO MAX,1,3
MNS MAX C (MAXIMUM APPETITE CONTROL),MNS MAX,5,16
MNS MAX 3,MNS MAX,2,6
MNS MAX C MAXIMUM APPETITE CONTROL,MNS MAX,1,3
MODERE ACTIVATE,MODERE ACTIVATE,10,55
MODERE ACTIVATE 3CT,MODERE ACTIVATE,2,6
MODERE LIQUID BIOCELL LIFE,MODERE LIQUID,1,3
MODERE LIQUID BIOCELL SKIN,MODERE LIQUID,1,3
MODERE TRIM CHOCOLATE,MODERE TRIM,8,39
MODERE TRIM,MODERE TRIM,3,12
MODERE TRIM VANILLA,MODERE TRIM,1,3
MOMMY'S BLISS GRIPE WATER NIGHTTIME,MOMMYS BLISS,1,6
MOMMY'S BLISS GRIPE WATER ORIGINAL,MOMMYS BLISS,1,7
MOMMYS BLISS GRIPE WATER,MOMMYS BLISS,1,3
MOMMYS BLISS GRIPE WATER NIGHTTIME,MOMMYS BLISS,1,6
MOMMYS BLISS GRIPE WATER ORIGINAL,MOMMYS BLISS,1,6
MOVE FREE,MOVE FREE,2,6
MOVE FREE ADVANCED TRIPLE STRENGTH,MOVE FREE,1,3
NAC MARKETING AGELESS MALE SOFTGEL,NAC MARKETING,2,8
NAC MARKETING AGELESS MALE TABLET,NAC MARKETING,2,11
NAC MARKETING SUPER BETA PROSTATE,NAC MARKETING,2,9
NAC MARKETING AGELESS MALE,NAC MARKETING,1,4
NAC MARKETING AGELESS MALE PERFORMANCE,NAC MARKETING,1,3
NATURAL ACCELERATOR,NATURAL ACCELERATOR,17,82
NATURAL ACCELERATOR ARIZONA NUTRITIONAL SUPPLEMENTS,NATURAL ACCELERATOR,6,28
NATURE MADE SUPER B-COMPLEX WITH VITAMIN C & FOLIC ACID TABLET,NATURE MADE,6,19
NATURE MADE CALCIUM 600 MG WITH VITAMIN D3,NATURE MADE,3,11
NATURE MADE MULTI COMPLETE VITAMIN,NATURE MADE,2,6
NATURE MADE TRIPLE OMEGA,NATURE MADE,1,3
NATUREMADE FISH OIL,NATUREMADE FISH,4,17
NATUREMADE FISH OIL 1200 MG,NATUREMADE FISH,2,7
NATUREMADE FULL STRENGTH MINI OMEGA 3,NATUREMADE FULL,2,11
NATUREMADE FULL STRENGTH MINI OMEGA 3 SOFTGEL,NATUREMADE FULL,2,7
NATUREMADE FULL STRENGTH MINIS SUPER OMEGA 3 SOFTGEL,NATUREMADE FULL,1,3
NATUREMADE IRON 65 MG,NATUREMADE IRON,5,15
NATUREMADE IRON,NATUREMADE IRON,2,7
NATUREMADE L-LYSINE 1000 MG,NATUREMADE LLYSINE,3,13
NATUREMADE L-LYSINE,NATUREMADE LLYSINE,2,9
NATUREMADE L-LYSINE 1000 MG TABLET,NATUREMADE LLYSINE,2,7
NATUREMADE VITAMIN C,NATUREMADE VITAMIN,5,28
NATUREMADE VITAMIN B6,NATUREMADE VITAMIN,2,13
NATUREMADE VITAMIN C 1000 MG,NATUREMADE VITAMIN,2,7
NATUREMADE VITAMIN C 500 MG WITH ROSE HIPS TABLET,NATUREMADE VITAMIN,2,6
NATUREMADE VITAMIN C 1000 MG TABLET,NATUREMADE VITAMIN,1,4
"NATURE'S BOUNTY EXTRA STRENGTH HAIR, SKIN & NAILS",NATURES BOUNTY,1,3
NATURE'S BOUNTY FISH OIL,NATURES BOUNTY,1,3
NATURE'S BOUNTY ZINC,NATURES BOUNTY,1,3
NURISH BY NATUREMADE MAGNESIUM OXIDE,NURISH BY,1,3
NURISH BY NATUREMADE VITAMIN D3,NURISH BY,1,3
NUTRAFOL STRESS ADAPTOGEN,NUTRAFOL STRESS,1,3
NUTRAFOL STRESS ADAPTOGEN HAIR WELLNESS BOOSTER,NUTRAFOL STRESS,1,3
NUTRAFOL WOMENS BALANCE HAIR GROWTH NUTRACEUTICAL,NUTRAFOL WOMENS,20,163
NUTRAFOL WOMEN'S BALANCE,NUTRAFOL WOMENS,3,12
NUTRILITE DOUBLE X,NUTRILITE DOUBLE,1,3
NUTRILITE DOUBLE X MULTIVITAMIN 31 DAY REFILL,NUTRILITE DOUBLE,1,3
NUTRILITE DOUBLE X TABLET,NUTRILITE DOUBLE,1,3
NUTRILITE SLIMMETRY,NUTRILITE SLIMMETRY,6,20
NUTRILITE SLIMMETRY TABLET,NUTRILITE SLIMMETRY,1,3
OAD WOMEN'S 50+ MINIGELS COMPLETE MULTIVITAMIN,OAD WOMENS,2,16
OAD WOMEN'S MINIGELS COMPLETE MULTIVITAMIN,OAD WOMENS,2,19
OCUVITE ADULT 50+,OCUVITE ADULT,5,32
OCUVITE ADULT,OCUVITE ADULT,2,9
OCUVITE ADULT 50 PLUS,OCUVITE ADULT,1,4
"OCUVITE ADULT 50+ (CAPSULE, SOFT)",OCUVITE ADULT,1,3
ONE A DAY WOMEN'S,ONE A,9,155
"ONE A DAY MEN'S HEALTH FORMULA (MULTIVITAMINS, MINERALS, LYCOPENE) FILM-COATED TABLET",ONE A,8,128
ONE A DAY WOMEN'S (MULTIVITAMINS + MINERALS) FILM-COATED TABLET,ONE A,7,91
ONE A DAY WOMEN'S 50 PLUS HEALTHY ADVANTAGE,ONE A,5,67
ONE A DAY MENS 50 PLUS HEATHLY ADVANTAGE,ONE A,4,29
ONE A DAY WOMEN'S 50+ HEALTHY ADVANTAGE (MULTIVITAMINS + MINERALS) FILM-COATED TABLET,ONE A,4,65
ONE A DAY WOMEN'S MINIGELS COMPLETE MULTIVITAMIN,ONE A,4,28
ONE A DAY WOMENS (MULTIVITAMINS + MINERALS) FILM-COATED TABLET,ONE A,4,30
ONE A DAY WEIGHT SMART ADVANCED,ONE A,3,12
ONE A DAY WEIGHTSMART ADVANCED,ONE A,3,9
ONE A DAY WOMEN'S (MULTIVITAMINS +MINERALS) FILM-COATED TABLET,ONE A,3,12
ONE A DAY WOMEN'S 50+ ADVANTAGE,ONE A,3,27
ONE A DAY WOMENS,ONE A,3,19
ONE A DAY ESSENTIAL,ONE A,2,12
ONE A DAY ESSENTIAL (MULTIVITAMINS) TABLET,ONE A,2,29
ONE A DAY MEN'S 50+ HEALTHY ADVANTAGE,ONE A,2,17
"ONE A DAY MEN'S 50+ HEALTHY ADVANTAGE (MULTIVITAMINS, MINERALS, LYCOPENE) FILM-COATED TABLET",ONE A,2,10
ONE A DAY MEN'S HEALTH FORMULA MULTIVITAMINS MINERALS LYCOPENE FILM COATED TABLET,ONE A,2,10
ONE A DAY MEN'S MEN'S HEALTH FORMULA,ONE A,2,15
ONE A DAY MEN'S MULTIVITAMIN,ONE A,2,11
ONE A DAY MENS 50 PLUS HEATHLY ADVANTAGE BAYER,ONE A,2,6
ONE A DAY WOMEN'S 50+ HEALTHY ADVANTAGE,ONE A,2,18
ONE A DAY WOMEN'S 50+ HEALTHY ADVANTAGE MULTIVITAMINS + MINERALS FILM COATED TABLET,ONE A,2,8
ONE A DAY WOMEN'S 50+ HEALTHY ADVANTAGE(MULTIVITAMINS + MINERALS) FILM-COATED TABLET,ONE A,2,9
ONE A DAY WOMEN'S 50+ MINIGELS COMPLETE MULTIVITAMIN,ONE A,2,38
ONE A DAY WOMEN'S FILM-COATED TABLET,ONE A,2,12
ONE A DAY WOMEN'S MULTIVITAMINS + MINERALS FILM-COATED TABLET,ONE A,2,17
ONE A DAY WOMEN'S PETITES,ONE A,2,15
ONE A DAY WOMENS 50 PLUS HEALTHY ADVANTAGE,ONE A,2,18
ONE A DAY WOMENS MULTIVITAMINS COATED TABLET,ONE A,2,15
"ONE A DAY ENERGY (MULTIVITAMINS, MINERALS, CAFFEINE) FILM-COATED TABLET",ONE A,1,3
ONE A DAY ESSENTIAL MULTIVITAMINS TABLET,ONE A,1,3
ONE A DAY MEN'S 50+ MINIGELS COMPLETE MULTIVITAMIN,ONE A,1,4
ONE A DAY MEN'S HEALTH FORMULA,ONE A,1,4
"ONE A DAY MEN'S HEALTH FORMULA (MULTIVITAMINS, MULTIMINERALS, LYCOPENE) FILM-COATED TABLET",ONE A,1,5
"ONE A DAY MEN'S HEALTH FORMULA MULTIVITAMINS, MINERALS, LYCOPENE FILM-COATED TABLET",ONE A,1,4
ONE A DAY MENOPAUSE FORMULA (MULTIVITAMINS) TABLET,ONE A,1,3
ONE A DAY MENS 50 PLUS HEALTHY ADVANTAGE,ONE A,1,3
ONE A DAY MENS HEALTH FORMULA MULTIVITAMINS MINERALS LYCOPENE FILM COATED TABLET,ONE A,1,3
"ONE A DAY MENS HEALTH FORMULA MULTIVITAMINS, MINERALS, LYCOPENE",ONE A,1,6
ONE A DAY PROACTIVE 65+,ONE A,1,3
ONE A DAY VITACRAVES GUMMIES,ONE A,1,3
"ONE A DAY WOMEN'S (MULTIVITAMINS, MULTIMINERALS) FILM-COATED TABLET",ONE A,1,3
ONE A DAY WOMEN'S (MULTIVITAMINS) COATED TABLET,ONE A,1,3
ONE A DAY WOMEN'S 50 PLUS ADVANTAGE,ONE A,1,4
ONE A DAY WOMEN'S 50 PLUS HEALTHY ADVANTAGE BAYER,ONE A,1,5
"ONE A DAY WOMEN'S 50 PLUS HEALTHY ADVANTAGE, BAYER",ONE A,1,3
"ONE A DAY WOMEN'S 50+ ADVANTAGE (MULTIVITAMINS, MINERALS, GINKGO BILOBA) FILM-COATED TABLET",ONE A,1,6
ONE A DAY WOMEN'S 50+ HEALTHY ADVANTAGE (MULTIVITAMINS +MINERALS) FILM-COATED TABLET,ONE A,1,4
ONE A DAY WOMEN'S 50+ HEALTHY ADVANTAGE FILM-COATED TABLET,ONE A,1,6
ONE A DAY WOMEN'S 50+ HEALTHY ADVANTAGE MULTIVITAMINS + MINERALS FILM-COATED TABLET,ONE A,1,8
ONE A DAY WOMEN'S ACTIVE METABOLISM,ONE A,1,4
ONE A DAY WOMEN'S FORMULA,ONE A,1,3
ONE A DAY WOMEN'S MULTIVITAMINS + MINERALS FILM COATED TABLET,ONE A,1,10
ONE A DAY WOMEN'S MULTIVITAMINS COATED TABLET,ONE A,1,3
ONE A DAY WOMEN'S PETITES (MULTIVITAMINS + MINERALS) FILM-COATED TABLET,ONE A,1,3
ONE A DAY WOMEN'S PETITES FILM-COATED TABLET,ONE A,1,3
ONE A DAY WOMEN'S PRENATAL,ONE A,1,3
ONE A DAY WOMEN'S PRENATAL (MULTIVITAMINS + MINERALS) FILM-COATED TABLET,ONE A,1,4
ONE A DAY WOMEN'S PRENATAL 1,ONE A,1,4
"ONE A DAY WOMEN'S, 50 PLUS HEALTHY ADVANTAGE, BAYER",ONE A,1,4
ONE A DAY WOMENS 50 HEALTHY ADVANTAGE MULTIVITAMINS MINERALS FILM COATED TABLET,ONE A,1,3
ONE A DAY WOMENS 50 PLUS ADVANTAGE,ONE A,1,3
ONE A DAY WOMENS 50 PLUS ADVANTAGE MULTIVITAMINS FILM COATED TABLET,ONE A,1,3
ONE A DAY WOMENS 50 PLUS ADVANTAGE MULTIVITAMINS TABLET,ONE A,1,3
ONE A DAY WOMENS 50+ MINIGELS COMPLETE MULTIVITAMIN,ONE A,1,6
ONE A DAY WOMENS MINIGELS COMPLETE MULTIVITAMIN,ONE A,1,3
ONE A DAY WOMENS MULTIVITAMIN COATED TABLET,ONE A,1,5
ONE A DAY WOMENS MULTIVITAMINS + MINERALS,ONE A,1,4
ONE A DAY WOMENS MULTIVITAMINS FILM COATED TABLET,ONE A,1,5
ONE A DAY WOMENS MULTIVITAMINS MINERALS FILM COATED TABLET,ONE A,1,3
ONE A DAY WOMENS VITACRAVES GUMMIES,ONE A,1,5
ONE-A-DAY WOMEN'S (MULTIVITAMINS) COATED TABLET,ONEADAY WOMENS,2,11
ONE-A-DAY WOMEN'S ACTIVE MIND AND BODY,ONEADAY WOMENS,1,3
ONE-A-DAY WOMEN'S PRENATAL SINGLE,ONEADAY WOMENS,1,3
OSTEO BI-FLEX TRIPLE STRENGTH,OSTEO BIFLEX,4,17
OSTEO BI-FLEX,OSTEO BIFLEX,1,3
OSTEO BI-FLEX ONE PER DAY COATED TABLETS,OSTEO BIFLEX,1,3
OXYELITE PRO,OXYELITE PRO,28,216
OXYELITE PRO (REVISED FORMULA),OXYELITE PRO,2,9
OXYELITE PRO ENERGY SUPPLEMENT,OXYELITE PRO,1,3
PHILLIPS' COLON HEALTH (BIFIDOBACTERIUM + LACTOBACILLUS) CAPSULE,PHILLIPS COLON,10,43
PHILLIPS' COLON HEALTH,PHILLIPS COLON,6,23
PHILLIP'S COLON HEALTH,PHILLIPS COLON,3,11
PHILLIPS' COLON HEALTH BIFIDOBACTERIUM + LACTOBACILLUS CAPSULE,PHILLIPS COLON,3,10
PHILLIPS COLON HEALTH,PHILLIPS COLON,1,4
PLEXUS ACCELERATOR+,PLEXUS ACCELERATOR,2,6
PLEXUS ACCELERATOR +,PLEXUS ACCELERATOR,1,4
PLEXUS SLIM,PLEXUS SLIM,16,138
PLEXUS SLIM MICROBIOME ACTIVATING,PLEXUS SLIM,4,14
PLEXUS SLIM HUNGER CONTROL,PLEXUS SLIM,3,12
PLEXUS SLIM 2.0,PLEXUS SLIM,2,7
PLEXUS SLIM ACCELERATOR,PLEXUS SLIM,1,3
PLEXUS WORLDWIDE INC. PLEXUS BOOST,PLEXUS WORLDWIDE,1,3
PLEXUS WORLDWIDE INC. PLEXUS SLIM,PLEXUS WORLDWIDE,1,3
PRESERVISION AREDS 2,PRESERVISION AREDS,42,609
PRESERVISION AREDS 2 FORMULA SOFT GELS,PRESERVISION AREDS,22,285
"PRESERVISION AREDS 2 FORMULA SOFT GELS (CAPSULE, SOFT)",PRESERVISION AREDS,19,148
PRESERVISION AREDS 2 FORMULA,PRESERVISION AREDS,9,58
"PRESERVISION AREDS 2 SOFT GELS (CAPSULE, SOFT)",PRESERVISION AREDS,9,70
PRESERVISION AREDS,PRESERVISION AREDS,6,26
PRESERVISION AREDS 2 FORMULA CHEWABLES,PRESERVISION AREDS,6,22
PRESERVISION AREDS 2 MULTIVITAMIN,PRESERVISION AREDS,6,23
PRESERVISION AREDS SOFT GELS,PRESERVISION AREDS,3,12
PRESERVISION AREDS 2 MULTIVITAMIN SOFT GELS,PRESERVISION AREDS,2,7
"PRESERVISION AREDS SOFT GELS (CAPSULE, SOFT)",PRESERVISION AREDS,2,6
PRESERVISION AREDS 2 CHEWABLES,PRESERVISION AREDS,1,3
PRESERVISION AREDS 2 FORMULA CHEWABLE,PRESERVISION AREDS,1,3
PRESERVISION AREDS 2 SOFT GELS,PRESERVISION AREDS,1,3
PRESERVISION LUTEIN,PRESERVISION LUTEIN,2,8
PRESERVISION LUTEIN SOFT GELS,PRESERVISION LUTEIN,1,3
PREVAGEN 10 MG,PREVAGEN 10,1,4
"PREVAGEN, 10 MG, QUINCY BIOSCIENCE",PREVAGEN 10,1,3
PURITAN'S PRIDE NIACIN 500MG COATED CAPLETS,PURITANS PRIDE,10,39
PURITAN'S PRIDE TURMERIC CURCUMIN,PURITANS PRIDE,3,13
PURITAN'S PRIDE SUPER CHELATED MULTI-MINERAL COATED CAPLETS,PURITANS PRIDE,2,6
PURITAN'S PRIDE GINKGO BILOBA,PURITANS PRIDE,1,3
PURITAN'S PRIDE GLUCOSAMINE CHONDROITIN MSM WITH MOBILI-FLEX COATED CAPLETS,PURITANS PRIDE,1,3
PURITAN'S PRIDE GREEN TEA EXTRACT,PURITANS PRIDE,1,3
PURITAN'S PRIDE KLAMATH LAKE BLUE GREEN ALGAE,PURITANS PRIDE,1,3
PURITAN'S PRIDE OMEGA 3 FISH OIL,PURITANS PRIDE,1,3
PURITAN'S PRIDE PROBIOTIC ACIDOPHILUS,PURITANS PRIDE,1,3
PURITAN'S PRIDE RED YEAST RICE,PURITANS PRIDE,1,3
PURITANS PRIDE NEURO-PS 100MG RAPID RELEASE SOFTGELS,PURITANS PRIDE,1,3
PURITY FIRST B50,PURITY FIRST,7,105
PURITY FIRST VARIOUS DIETARY SUPPLEMENTS,PURITY FIRST,4,28
QUINCY BIOSCIENCE PREVAGEN 10MG,QUINCY BIOSCIENCE,2,6
QUINCY BIOSCIENCE PREVAGEN,QUINCY BIOSCIENCE,1,4
RITUAL ESSENTIAL FOR WOMEN PRENATAL MULTIVITAMIN,RITUAL ESSENTIAL,2,20
RITUAL ESSENTIAL FOR WOMEN MULTIVITAMIN 18 PLUS,RITUAL ESSENTIAL,1,7
RITUAL ESSENTIAL FOR WOMEN MULTIVITAMIN 50 PLUS,RITUAL ESSENTIAL,1,4
RITUAL ESSENTIAL FOR WOMEN POSTNATAL MULTIVITAMIN,RITUAL ESSENTIAL,1,3
RITUAL ESSENTIAL PRENATAL MULTIVITAMIN,RITUAL ESSENTIAL,1,3
ROUNDHOUSE PROVISIONS MORNING KICK,ROUNDHOUSE PROVISIONS,1,6
ROUNDHOUSE PROVISIONS MORNING KICK STRAWBERRY LEMONADE,ROUNDHOUSE PROVISIONS,1,3
ROYAL HONEY,ROYAL HONEY,1,3
ROYAL HONEY VIP,ROYAL HONEY,1,3
SHAKEOLOGY CHOCOLATE,SHAKEOLOGY CHOCOLATE,4,16
SHAKEOLOGY CHOCOLATE BAG 30 SERVING,SHAKEOLOGY CHOCOLATE,3,13
SPARK ENERGY DRINK 14 CT - MANDARIN ORANGE,SPARK ENERGY,1,3
SPARK ENERGY DRINK MANGO-STRAWBERRY 14 CT,SPARK ENERGY,1,3
STACKER 2,STACKER 2,5,15
STACKER 2 EPHEDRA FREE,STACKER 2,1,3
SUPER BETA PROSTATE,SUPER BETA,44,966
SUPER BETA PROSTATE P3 ADVANCED,SUPER BETA,23,206
SUPER BETA VIRILITY BOOST,SUPER BETA,15,117
TOTAL BODY FORMULA,TOTAL BODY,11,82
TOTAL BODY ESSENTIAL TOTAL BODY FORMULA,TOTAL BODY,7,41
TOTAL BODY FORMULA TROPICAL ORANGE,TOTAL BODY,6,32
"TOTAL BODY ESSENTIAL NUTRITION TOTAL BODY FORMULA, TROPICAL ORANGE FLAVOR",TOTAL BODY,2,6
TOTAL BODY FORMULA PEACH NECTAR,TOTAL BODY,2,6
TRIVEREX MALE ENHANCEMENT,TRIVEREX MALE,3,12
TRIVEREX MALE ENHANCEMENT SUPPLEMENT,TRIVEREX MALE,1,3
TRUBIOTICS (BIFIDOBACTERIUM + LACTOBACILLUS) CAPSULE,TRUBIOTICS BIFIDOBACTERIUM,4,16
TRUBIOTICS BIFIDOBACTERIUM + LACTOBACILLUS CAPSULE,TRUBIOTICS BIFIDOBACTERIUM,1,3
TRUVISION HEALTH TRUCONTROL,TRUVISION HEALTH,1,4
TRUVISION HEALTH TRUFIX,TRUVISION HEALTH,1,3
TRUVY TRU,TRUVY TRU,7,34
TRUVY TRU+,TRUVY TRU,1,3
UQORA DEFEND PART 2,UQORA DEFEND,2,7
UQORA DEFEND,UQORA DEFEND,1,3
VANILLA PROTEIN TIN,VANILLA PROTEIN,2,6
VANILLA PROTEIN,VANILLA PROTEIN,1,4
