product_clean,meddra_pt,crude_ror,adjusted_or,adj_or_lower,adj_or_upper,adj_p_value,adj_significant,or_ratio,direction_change,magnitude_change
"CENTRUM SILVER WOMEN'S 50+ (MULTIMINERALS, MULTIVITAMINS) TABLET",Choking,23.9588101965411,12.5981676676422,9.86277231574998,16.246889971872,2.76232898626178e-88,TRUE,0.525826097552247,Consistent direction,Substantial (>50% change)
CITRACAL MAXIMUM,Choking,14.5255553593621,8.3825195966601,6.38642399359262,11.0962586206439,1.45543236333683e-51,TRUE,0.577087718113122,Consistent direction,Substantial (>50% change)
SUPER BETA PROSTATE,Blood Urine Present,49.5087282958903,25.7984515082096,19.5476024124161,34.1326970722736,7.98527718397313e-116,TRUE,0.521088955345903,Consistent direction,Substantial (>50% change)
"CENTRUM SILVER WOMEN'S 50+ (MULTIMINERALS, MULTIVITAMINS) TABLET",Dysphagia,15.7574002405521,8.80807904675044,7.08378710813195,10.9427311300968,9.29118960284237e-86,TRUE,0.558980473446541,Consistent direction,Substantial (>50% change)
KRATOM,Death,34.4098968304129,29.2942829107184,23.0411913460719,37.2430711005694,1.61765375949074e-167,TRUE,0.851333064295238,Consistent direction,Minimal (<20% change)
CITRACAL PETITES,Choking,14.0007860512009,8.36731841635842,5.80425096933351,12.2599579065614,6.12128964537503e-29,TRUE,0.5976320462122,Consistent direction,Substantial (>50% change)
"CENTRUM SILVER WOMEN'S 50+ (MULTIMINERALS, MULTIVITAMINS) TABLET",Foreign Body Trauma,14.5078582398928,7.89649212988866,6.11057815458136,10.1288531987096,6.19089507917693e-58,TRUE,0.544290687110202,Consistent direction,Substantial (>50% change)
"CENTRUM SILVER ULTRA WOMEN'S (MULTIMINERALS, MULTIVITAMINS) TABLET",Choking,26.0379944506172,8.80076109143167,5.40441408246714,14.8554388249858,2.37635782724996e-17,TRUE,0.337996887898678,Consistent direction,Substantial (>50% change)
HYDROXYCUT REGULAR RAPID RELEASE CAPLETS,Emotional Distress,188.951707403681,37.0760991019749,23.26696449002,58.0153857573997,1.697702524997e-54,TRUE,0.196219973936328,Consistent direction,Substantial (>50% change)
CENTRUM SILVER ULTRA WOMENS MULTIMINERALS MULTIVITAMINS TABLET,Choking,69.2749201341819,32.8597272995501,17.178423373677,69.7431899683896,5.98385513464519e-23,TRUE,0.474338003362581,Consistent direction,Substantial (>50% change)
CENTRUM SILVER WOMEN'S 50+,Choking,5.98428565487528,2.40738635588862,1.66916210587116,3.44987681508977,1.97882657622707e-06,TRUE,0.402284665994741,Consistent direction,Substantial (>50% change)
CENTRUM SILVER WOMEN'S 50+ MULTIMINERALS MULTIVITAMINS TABLET,Choking,26.4118243416474,17.9778598563613,10.2209320064748,33.7532869378747,1.4520524973654e-21,TRUE,0.680674671458152,Consistent direction,Moderate (20-50% change)
KRATOM,Dependence,47.9226870004116,21.1085442681338,15.5268163104165,28.5722092372694,1.0588328038851e-85,TRUE,0.440470799726913,Consistent direction,Substantial (>50% change)
KRATOM,Toxicity To Various Agents,167.994871794872,76.7109208271424,53.8822988500182,109.8225379372,1.9831726344619e-126,TRUE,0.456626562510844,Consistent direction,Substantial (>50% change)
PRESERVISION AREDS 2,Macular Degeneration,34.4058201010869,22.9087125974758,16.5823011218118,31.5212572141072,1.1025394034489e-81,TRUE,0.665838295095663,Consistent direction,Substantial (>50% change)
HYDROXYCUT REGULAR RAPID RELEASE CAPLETS,Liver Function Test Abnormal,49.7084645911968,33.615189504126,24.4382146591494,46.0195497210615,2.46002091592931e-105,TRUE,0.676246787756931,Consistent direction,Moderate (20-50% change)
CITRACAL PETITES (CHOLECALCIFEROL + CALCIUM CITRATE) FILM-COATED TABLET,Choking,38.8815172988745,30.3689759725267,15.5945034390939,66.6043306931526,1.1630716742601e-20,TRUE,0.781064579838447,Consistent direction,Moderate (20-50% change)
SUPER BETA PROSTATE,Haemorrhage,8.51902307045446,4.21489450012921,2.72012040731763,6.33061429306747,2.0901107364357e-11,TRUE,0.494762658261514,Consistent direction,Substantial (>50% change)
CITRACAL MAXIMUM,Foreign Body,9.74884485114664,4.30814719417698,3.08019821885911,5.91224408891996,1.37385508502085e-18,TRUE,0.441913607197295,Consistent direction,Substantial (>50% change)
SUPER BETA PROSTATE,Haematochezia,7.18726298896425,6.94695187689765,4.8722821859759,9.74992001490358,5.0221306315228e-28,TRUE,0.966564307938141,Consistent direction,Minimal (<20% change)
HYDROXYCUT REGULAR RAPID RELEASE CAPLETS,Injury,121.758826256872,18.7997995643372,10.3816855340476,32.3802748688538,2.74989205577851e-24,TRUE,0.154401944748348,Consistent direction,Substantial (>50% change)
ONE A DAY WOMEN'S,Choking,4.21374312735559,2.58671793957425,1.66817028768329,3.950337461879,1.46317728187597e-05,TRUE,0.613876513445087,Consistent direction,Substantial (>50% change)
"CENTRUM SILVER (MULTIMINERALS, MULTIVITAMINS) TABLET",Choking,3.97515947467167,1.48448686008176,0.936916094169094,2.29011590861986,0.0819092403487712,FALSE,0.373440831629622,Consistent direction,Substantial (>50% change)
HYDROXYCUT REGULAR RAPID RELEASE CAPLETS,Pain,7.49798819281252,2.41196668362657,1.51173865498339,3.67134006632121,9.31931524095747e-05,TRUE,0.321681846063542,Consistent direction,Substantial (>50% change)
"CENTRUM SILVER WOMEN'S 50+ (MULTIMINERALS, MULTIVITAMINS) TABLET",Throat Irritation,8.74541107791026,6.10797860158773,4.43419377577429,8.26930530702022,4.00521694215188e-30,TRUE,0.698420982978795,Consistent direction,Moderate (20-50% change)
CENTRUM SILVER WOMENS 50+ MULTIMINERALS MULTIVITAMIN,Choking,52.6645212033821,224.331231991149,47.2926894511835,4019.85362127182,1.20310237529513e-07,TRUE,4.25962729490726,Consistent direction,Substantial (>50% change)
CITRACAL MAXIMUM (CHOLECALCIFEROL + CALCIUM CITRATE) FILM-COATED TABLET,Choking,10.5893697965074,5.891065064398,3.57016256370665,9.85538857973372,6.22707426759105e-12,TRUE,0.556318759057881,Consistent direction,Substantial (>50% change)
HYDROXYCUT REGULAR RAPID RELEASE CAPLETS,Rhabdomyolysis,68.5979831932773,15.1745186274951,9.62766713242935,23.3571190614744,1.65052955716152e-33,TRUE,0.221209398893556,Consistent direction,Substantial (>50% change)
SUPER BETA PROSTATE,Urinary Retention,23.3598950003413,11.2301466042575,7.20578531502986,17.3686086127069,3.0912450757683e-27,TRUE,0.480744738111768,Consistent direction,Substantial (>50% change)
CITRACAL MAXIMUM,Foreign Body In Throat,27.8093921493776,21.4359229865102,14.0027294064839,32.1096965664577,9.11825877264942e-48,TRUE,0.770815948488465,Consistent direction,Moderate (20-50% change)
"CENTRUM SILVER ADULTS 50+ (MULTIMINERALS, MULTIVITAMINS) TABLET",Choking,9.82541262337232,3.89315884209137,2.31949553977683,6.49685213400207,2.04182577689747e-07,TRUE,0.396233623087795,Consistent direction,Substantial (>50% change)
"ONE A DAY MEN'S HEALTH FORMULA (MULTIVITAMINS, MINERALS, LYCOPENE) FILM-COATED TABLET",Choking,17.248893228861,121.320590395043,62.8113121118275,248.933403788578,5.35340821763082e-43,TRUE,7.03352897982161,Consistent direction,Substantial (>50% change)
"CENTRUM SILVER (MULTIMINERALS, MULTIVITAMINS) TABLET",Dysphagia,7.13893086127333,4.29153558468991,2.73919460779544,6.56635337401546,5.54403417908621e-11,TRUE,0.601145419122949,Consistent direction,Substantial (>50% change)
SUPER BETA PROSTATE P3 ADVANCED,Blood Urine Present,30.1854470062858,8.65813832699583,5.22291575285813,13.8406360340813,2.77278141845624e-18,TRUE,0.286831542537464,Consistent direction,Substantial (>50% change)
CENTRUM SILVER WOMEN'S 50+ MULTIMINERALS MULTIVITAMINS TABLET,Dysphagia,14.397571884984,7.98677427413604,5.02358739829423,12.6333822593584,7.55807364058999e-19,TRUE,0.554730640550986,Consistent direction,Substantial (>50% change)
PRESERVISION AREDS 2,Foreign Body,2.68683512516077,1.79651301154678,1.311936004559,2.40623081273234,0.000148135471276294,TRUE,0.668635375026701,Consistent direction,Moderate (20-50% change)
"CENTRUM SILVER WOMEN'S 50+ MULTIMINERALS, MULTIVITAMINS TABLET",Choking,14.0210723614383,7.91497331711493,4.11129279249717,16.2434647033469,2.53396971723657e-09,TRUE,0.564505560850198,Consistent direction,Substantial (>50% change)
"CENTRUM SILVER WOMENS 50+ (MULTIMINERALS, MULTIVITAMINS) TABLET",Choking,20.8465253362993,9.42799590194032,4.94659587757309,19.2629066842162,6.63019168872127e-11,TRUE,0.452257426590113,Consistent direction,Substantial (>50% change)
HYDROXYCUT REGULAR RAPID RELEASE CAPLETS,Anxiety,8.67470187829469,2.26609477954927,1.35420892385729,3.57803346176382,0.000904062554952332,TRUE,0.261230277575228,Consistent direction,Substantial (>50% change)
ONE A DAY WOMEN'S (MULTIVITAMINS + MINERALS) FILM-COATED TABLET,Choking,10.9675349840603,14.4388884870875,7.67554873947507,28.2481309759171,7.52101419506877e-16,TRUE,1.31651173286178,Consistent direction,Moderate (20-50% change)
CITRACAL PETITES,Foreign Body,9.78202661607072,5.2520272332123,3.43251636575356,7.81580187938307,2.20991591051055e-15,TRUE,0.536905841636521,Consistent direction,Substantial (>50% change)
PRESERVISION AREDS 2 FORMULA SOFT GELS,Death,5.25906166818752,2.09511937196773,0.986251238074549,3.89642666859888,0.0327556739921939,FALSE,0.398382735201847,Consistent direction,Substantial (>50% change)
"CENTRUM SILVER ULTRA WOMEN'S (MULTIMINERALS, MULTIVITAMINS) TABLET",Dysphagia,9.07844141582584,6.21036499528871,3.89811904300588,9.78109830972679,5.55826695030859e-15,TRUE,0.684078324773082,Consistent direction,Moderate (20-50% change)
PRESERVISION AREDS 2,Condition Aggravated,11.7280540208717,7.58874029485016,5.13215049224105,10.9464467825303,7.09359212515048e-26,TRUE,0.647058777299708,Consistent direction,Substantial (>50% change)
HYDROXYCUT HARDCORE CAPSULES,Liver Function Test Abnormal,62.5913513513514,40.4400316636812,25.8777646539898,63.0183867266992,4.75043753749085e-60,TRUE,0.646096158503983,Consistent direction,Substantial (>50% change)
CENTRUM SILVER WOMENS 50+ MULTIMINERALS MULTIVITAMIN,Dysphagia,30.3338050425718,22.8872004789934,11.9997163818637,45.8209838469351,2.77380510633396e-20,TRUE,0.754511359418063,Consistent direction,Moderate (20-50% change)
PRESERVISION AREDS 2,Death,2.46174583991819,0.930700353747545,0.459607777227369,1.66810197738278,0.825314101161485,FALSE,0.378065167677292,Signal lost after adjustment,Substantial (>50% change)
ONE A DAY WOMEN'S 50+ HEALTHY ADVANTAGE (MULTIVITAMINS + MINERALS) FILM-COATED TABLET,Choking,20.348656526392,10.8721100898796,5.61045365566672,22.4289499964707,1.0546216712675e-11,TRUE,0.53429129710743,Consistent direction,Substantial (>50% change)
PRESERVISION AREDS 2,Visual Impairment,11.1127774130007,9.51086511130392,6.34598637691734,13.9237445799063,1.82396801640423e-29,TRUE,0.855849510688235,Consistent direction,Minimal (<20% change)
"CENTRUM SILVER ADULTS 50+ (MULTIMINERALS, MULTIVITAMINS) TABLET",Dysphagia,13.1513255484547,7.42248169275171,4.37893904370344,12.3708579509814,2.90092011760663e-14,TRUE,0.564390385243247,Consistent direction,Substantial (>50% change)
SUPER BETA PROSTATE,Cerebrovascular Accident,2.96170654408519,0.928082220787826,0.485985791705248,1.60740396254967,0.805107293518763,FALSE,0.313360627386023,Signal lost after adjustment,Substantial (>50% change)
PRESERVISION AREDS 2 FORMULA SOFT GELS,Macular Degeneration,20.5118506806718,10.911387025095,6.72685029347928,16.9622053195004,2.58763086388294e-24,TRUE,0.531955267955256,Consistent direction,Substantial (>50% change)
HYDROXYCUT HARDCORE CAPSULES,Emotional Distress,104.654988625284,46.1002523795708,25.7898639701509,79.6697227989535,8.61058807558925e-41,TRUE,0.440497419044516,Consistent direction,Substantial (>50% change)
CENTRUM SILVER ULTRA WOMEN'S MULTIMINERALS MULTIVITAMINS TABLET,Choking,38.1336802973978,31.9046591457062,10.1992782382944,141.713139931226,1.0145911978638e-07,TRUE,0.836653029471256,Consistent direction,Minimal (<20% change)
HYDROXYCUT REGULAR RAPID RELEASE CAPLETS,Renal Failure,21.5140452921063,21.3117856979322,13.5610454802835,32.6318870993908,1.01225149551609e-42,TRUE,0.990598718584632,Consistent direction,Minimal (<20% change)
ALL DAY ENERGY GREENS,Abdominal Pain Upper,6.2847022924187,12.98750946061,7.03688419311443,23.0835121162499,1.61331571254938e-17,TRUE,2.06652739562174,Consistent direction,Substantial (>50% change)
CENTRUM SILVER ULTRA WOMEN'S,Choking,29.3559663178761,13.8211410024228,6.12055842885977,35.6679600222085,3.16362572031767e-09,TRUE,0.470811992790935,Consistent direction,Substantial (>50% change)
CENTRUM SILVER ULTRA WOMENS MULTIMINERALS MULTIVITAMINS TABLET,Dysphagia,9.27391695779513,5.14637002232894,3.12646425229874,8.28727499849825,3.64027407026422e-11,TRUE,0.554929491578334,Consistent direction,Substantial (>50% change)
CENTRUM SILVER WOMEN'S 50+,Foreign Body,7.36399567500224,4.8161815239931,3.05973560033357,7.33587552033755,1.4939809464498e-12,TRUE,0.654017429741583,Consistent direction,Substantial (>50% change)
"CENTRUM SILVER WOMENS 50+ (MULTIMINERALS, MULTIVITAMINS) TABLET",Dysphagia,23.140517543389,9.31620350332527,5.13896467433644,16.9495864571605,1.56934838146178e-13,TRUE,0.402592702857971,Consistent direction,Substantial (>50% change)
"CENTRUM SILVER WOMEN'S 50+ (MULTIMINERALS, MULTIVITAMINS) TABLET",Retching,5.21381112355356,3.22269075298396,2.07790049828152,4.7944454468667,3.62075076701101e-08,TRUE,0.618106539844789,Consistent direction,Substantial (>50% change)
CENTRUM SILVER MEN'S 50+,Choking,2.70901215042904,3.84810465762996,2.15747648341869,6.58062400376958,1.87480196727209e-06,TRUE,1.42048261283011,Consistent direction,Moderate (20-50% change)
HYDROXYCUT HARDCORE CAPSULES,Injury,102.693121693122,60.7992933873882,33.5311724287298,106.920633337498,3.34354938729469e-44,TRUE,0.59204835129148,Consistent direction,Substantial (>50% change)
KRATOM,Accidental Death,3294.93197278912,1757.95738491786,339.226757800157,32823.1156191817,1.849091581013e-12,TRUE,0.533533741951512,Consistent direction,Substantial (>50% change)
PRESERVISION AREDS 2,Age-Related Macular Degeneration,34.0797993529654,18.0974876103595,9.58904196465096,33.2771497421993,3.84832259682599e-20,TRUE,0.531032692502772,Consistent direction,Substantial (>50% change)
CENTRUM SILVER MULTIMINERALS MULTIVITAMINS TABLET,Choking,8.72720721678768,3.1867093150993,1.48125397556269,6.7320109487471,0.00245076813218541,TRUE,0.365146516627833,Consistent direction,Substantial (>50% change)
"CENTRUM SILVER ULTRA WOMEN'S (MULTIMINERALS, MULTIVITAMINS) TABLET",Foreign Body Trauma,13.5722101360909,7.23202322178372,4.25347999385625,11.8475680540181,2.7088847133808e-14,TRUE,0.532855235018245,Consistent direction,Substantial (>50% change)
CITRACAL SLOW RELEASE 1200,Choking,9.71587519412326,5.15854079733414,2.67453130670997,10.2025132889254,1.28685425249476e-06,TRUE,0.530939384694272,Consistent direction,Substantial (>50% change)
CENTRUM SILVER,Choking,2.41472562659377,1.23535965299325,0.633685315077846,2.24926144041672,0.509586798468024,FALSE,0.511594211527817,Consistent direction,Substantial (>50% change)
CITRACAL PETITES,Dysphagia,3.2915713313647,2.04839705758534,1.2917575847371,3.12482238286689,0.00139492266384866,TRUE,0.622315864179089,Consistent direction,Substantial (>50% change)
HYDROXYCUT HARDCORE CAPSULES,Pain,9.42137471995109,4.82914171801442,2.77272467574011,7.98882837415386,4.39749729885508e-09,TRUE,0.512572937767567,Consistent direction,Substantial (>50% change)
"CENTRUM SILVER MEN'S 50+ (MULTIMINERALS, MULTIVITAMINS) TABLET",Choking,3.49694257963275,5.57695796361242,2.98257383180969,10.1621934307584,3.17570543851198e-08,TRUE,1.59480970493891,Consistent direction,Substantial (>50% change)
CENTRUM SILVER WOMEN'S 50+,Dysphagia,3.4263501334549,1.88322324562002,1.15317346592881,2.94050881971634,0.00772531209917288,TRUE,0.549629539384261,Consistent direction,Substantial (>50% change)
SUPER BETA PROSTATE,Myocardial Infarction,2.41560776698596,1.57488467390138,0.928352277754627,2.51149263517944,0.071957444706289,FALSE,0.651962084004399,Consistent direction,Substantial (>50% change)
"CENTRUM SILVER WOMEN'S 50+ MULTIMINERALS, MULTIVITAMINS TABLET",Dysphagia,13.5170773924332,6.75001845934511,3.57891056864988,12.5433867546182,1.79692435394298e-09,TRUE,0.499369668706916,Consistent direction,Substantial (>50% change)
HYDROXYCUT REGULAR RAPID RELEASE CAPLETS,Liver Injury,18.31136222568,9.15215633103663,5.55961928667771,14.4118371853101,5.57628261776396e-20,TRUE,0.499807508487904,Consistent direction,Substantial (>50% change)
PRESERVISION AREDS 2,Cataract,16.2520310383676,9.24363603125678,5.7779078048501,14.3242061046259,5.29384609171612e-22,TRUE,0.568768051785928,Consistent direction,Substantial (>50% change)
HYDROXYCUT REGULAR RAPID RELEASE CAPLETS,Convulsion,6.52496531061595,3.7981133683538,2.31636720322848,5.91953337832148,2.10688013096651e-08,TRUE,0.582089434586628,Consistent direction,Substantial (>50% change)
HYDROXYCUT REGULAR RAPID RELEASE CAPLETS,Hepatocellular Injury,66.7786121098349,15.9837943648656,8.33815141003849,28.7604898576495,9.85121738672663e-19,TRUE,0.239354994958208,Consistent direction,Substantial (>50% change)
KRATOM,Overdose,21.2026608963197,11.9888795570584,7.57492602549286,18.5152010742063,8.41661269326771e-28,TRUE,0.565442215752241,Consistent direction,Substantial (>50% change)
CITRACAL,Choking,9.44821431392061,3.14389860224086,1.24616012454029,7.72655771431766,0.012574033125832,TRUE,0.332750559818353,Consistent direction,Substantial (>50% change)
ONE A DAY WOMEN'S,Foreign Body,5.80684973563022,5.28282531886615,3.02303192983577,8.77336937225783,7.28265066243364e-10,TRUE,0.909757537973005,Consistent direction,Minimal (<20% change)
"PRESERVISION AREDS 2 FORMULA SOFT GELS (CAPSULE, SOFT)",Dysphagia,4.82251534122606,2.49830490752803,1.58423252260668,3.79979081302076,3.7945094944795e-05,TRUE,0.518050173147375,Consistent direction,Substantial (>50% change)
ALL DAY ENERGY GREENS,Vomiting,2.34026982586128,4.55751570636039,2.20815360134577,8.64897694402191,1.09262605337599e-05,TRUE,1.94743172603317,Consistent direction,Substantial (>50% change)
"CENTRUM ULTRA WOMEN'S (MULTIMINERALS, MULTIVITAMINS) TABLET",Choking,46.2132340140916,55.2794984475635,15.5147503241013,267.526423270341,1.51637905751596e-08,TRUE,1.19618329309538,Consistent direction,Minimal (<20% change)
HYDROXYCUT,Fatigue,5.70759581666229,4.11837037081617,2.63709397016531,6.20973345312219,7.79821590940494e-11,TRUE,0.721559567829476,Consistent direction,Moderate (20-50% change)
HYDROXYCUT,Nausea,2.37480022927273,1.54361603448367,0.974845735006401,2.35021109150678,0.0521115702821869,FALSE,0.649998267414854,Consistent direction,Substantial (>50% change)
KRATOM,Pulmonary Oedema,155.239952172613,118.000891353804,58.0173778635115,249.760708683138,7.12914190186569e-38,TRUE,0.760119348803955,Consistent direction,Moderate (20-50% change)
PRESERVISION AREDS 2,Blindness,12.2191493180575,7.74965121768676,4.36287342795539,13.0486890619208,1.65817765325249e-13,TRUE,0.634221828047743,Consistent direction,Substantial (>50% change)
"CENTRUM SILVER (MULTIMINERALS, MULTIVITAMINS) TABLET",Coeliac Disease,16.1661521165228,12.1243054551714,5.31522013340095,24.0692010747744,5.35034302591335e-11,TRUE,0.749980908739539,Consistent direction,Moderate (20-50% change)
HYDROXYCUT HARDCORE CAPSULES,Anxiety,11.7920227920228,5.75690767917347,3.3320953791415,9.49272686550479,4.37301134160199e-11,TRUE,0.48820357462911,Consistent direction,Substantial (>50% change)
KRATOM,Withdrawal Syndrome,30.6066945606695,7.24641735146505,4.30792101686447,11.7358292730974,7.19749532719475e-15,TRUE,0.236759227204394,Consistent direction,Substantial (>50% change)
LACTAID FAST ACT,Vomiting,34.0153096591472,25.19640518424,11.823231904279,60.0863118760488,3.11960919155237e-15,TRUE,0.74073719853567,Consistent direction,Moderate (20-50% change)
"ONE A DAY MEN'S HEALTH FORMULA (MULTIVITAMINS, MINERALS, LYCOPENE) FILM-COATED TABLET",Foreign Body Trauma,20.8069899569584,66.2883783926517,36.2351941738123,119.976025319931,3.16144316625581e-43,TRUE,3.18587063913506,Consistent direction,Substantial (>50% change)
SUPER BETA PROSTATE,Urinary Tract Infection,4.35419120150755,6.27989318154202,3.52603174820204,10.7016240520042,6.76395676211843e-11,TRUE,1.44226399138553,Consistent direction,Moderate (20-50% change)
SUPER BETA VIRILITY BOOST,Blood Urine Present,20.6267658830825,6.0803502271255,2.9716386266079,11.3810157318715,1.03821824902653e-07,TRUE,0.294779620886299,Consistent direction,Substantial (>50% change)
CENTRUM SILVER WOMEN 50+,Choking,3.68722006979364,2.05677912847437,1.05585374993688,3.86550356185599,0.0281093559848157,TRUE,0.557812956520785,Consistent direction,Substantial (>50% change)
"CENTRUM SILVER WOMEN'S 50+(MULTIMINERALS, MULTIVITAMINS) TABLET",Choking,16.8491253095734,10.0135260351362,3.99700366078792,28.8239210243076,3.31015402258231e-06,TRUE,0.594305392781824,Consistent direction,Substantial (>50% change)
CITRACAL MAXIMUM PLUS,Choking,11.7419558706345,6.63033803222312,2.83270958857933,16.788894017351,2.35023959640132e-05,TRUE,0.564670665200247,Consistent direction,Substantial (>50% change)
HYDROXYCUT HARDCORE CAPSULES,Rhabdomyolysis,58.6721113127647,12.657637469332,6.68469673494311,22.6690485198498,2.41262186203054e-16,TRUE,0.215735162517975,Consistent direction,Substantial (>50% change)
SUPER BETA PROSTATE,Rectal Haemorrhage,4.06975764783872,4.18787978164409,2.35986358843519,7.03428946689312,2.31580501610077e-07,TRUE,1.02902436558307,Consistent direction,Minimal (<20% change)
"CALTRATE 600 + VITAMIN D (CALCIUM CARBONATE, CHOLECALCIFEROL) TABLET",Choking,2.93639394350412,1.20588547524179,0.530796489247407,2.49671906693229,0.63125875210821,FALSE,0.410668833420477,Consistent direction,Substantial (>50% change)
CENTRUM SILVER ULTRA WOMENS MULTIMINERALS MULTIVITAMINS TABLET,Foreign Body Trauma,12.4975057810974,7.21222992956018,4.13592404063809,12.0513777002313,3.24547219597835e-13,TRUE,0.577093546175329,Consistent direction,Substantial (>50% change)
HYDROXYCUT REGULAR RAPID RELEASE CAPLETS,Myalgia,12.4674902645361,2.6430869924758,1.1094066866121,5.30732409350878,0.013480743434088,TRUE,0.211998320142594,Consistent direction,Substantial (>50% change)
SUPER BETA PROSTATE,Prostatomegaly,25.7546297003877,6.44529267637585,3.25031191547768,12.2400123660355,2.78657106422753e-08,TRUE,0.25025763334034,Consistent direction,Substantial (>50% change)
CALTRATE 600 + VITAMIN D,Choking,6.52896280480953,3.03769762723461,1.44119841827119,6.37522426622686,0.00306453039482769,TRUE,0.465264961380527,Consistent direction,Substantial (>50% change)
CITRACAL MAXIMUM BAYER,Choking,10.2622002472188,5.033560013502,2.29712074813229,11.3316522369128,6.02394346753787e-05,TRUE,0.490495204950436,Consistent direction,Substantial (>50% change)
HYDROXYCUT REGULAR RAPID RELEASE CAPLETS,Jaundice,7.25360592072387,2.83120083046877,1.61110025419872,4.64090057758218,0.000104003127391329,TRUE,0.390316328376746,Consistent direction,Substantial (>50% change)
KRATOM,Convulsion,3.95835991601096,2.13978463125907,1.35505784223729,3.22824641964919,0.00056101943852227,TRUE,0.540573539713751,Consistent direction,Substantial (>50% change)
"PRESERVISION AREDS 2 SOFT GELS (CAPSULE, SOFT)",Age-Related Macular Degeneration,505.850829854394,141.727844415084,43.9818886196214,391.489389208808,1.24997817063678e-19,TRUE,0.280177151149243,Consistent direction,Substantial (>50% change)
"CENTRUM (MULTIMINERALS, MULTIVITAMINS) TABLET",Choking,4.72440211692763,3.04628746091477,1.3382243395104,6.71666824869236,0.00623893975787469,TRUE,0.644798513234057,Consistent direction,Substantial (>50% change)
"CENTRUM SILVER MEN'S 50+ (MULTIMINERALS, MULTIVITAMINS) TABLET",Dysphagia,6.00402679596818,7.37289830536124,3.69012009133107,13.8981667424558,2.60492063920562e-09,TRUE,1.2279922385277,Consistent direction,Moderate (20-50% change)
CENTRUM SILVER ULTRA WOMENS MULTIMINERAL MULTIVITAMINS TABLET,Choking,49.3068303534646,34.1617652634595,6.64181544980677,624.632511028205,0.000724860153814045,TRUE,0.692840424309673,Consistent direction,Moderate (20-50% change)
CITRACAL PETITES (CHOLECALCIFEROL + CALCIUM CITRATE) FILM-COATED TABLET,Dysphagia,5.39240072037163,2.80062851460531,1.54292605621881,4.81026021574671,0.000350242530308228,TRUE,0.519365800101795,Consistent direction,Substantial (>50% change)
HYDROXYCUT REGULAR RAPID RELEASE CAPLETS,Nervousness,14.0877610196717,4.94313485241621,2.19025087819393,9.65297155297464,1.87886717239413e-05,TRUE,0.350881509525451,Consistent direction,Substantial (>50% change)
ONE A DAY WOMEN'S 50 PLUS HEALTHY ADVANTAGE,Choking,4.25739576054041,4.01483940450343,2.02185364226923,8.0389085341347,6.87625652993271e-05,TRUE,0.94302705933869,Consistent direction,Minimal (<20% change)
ONE A DAY WOMEN'S 50+ MINIGELS COMPLETE MULTIVITAMIN,Foreign Body,91.391387202609,65.2322522152838,24.5473345226905,207.807045500058,5.37249758175088e-15,TRUE,0.713768049834586,Consistent direction,Moderate (20-50% change)
PRESERVISION AREDS 2 FORMULA SOFT GELS,Neovascular Age-Related Macular Degeneration,123.487043933436,64.2486771611058,26.0933287723805,158.217252537745,3.81071958888507e-20,TRUE,0.520286785678813,Consistent direction,Substantial (>50% change)
ARBONNE ESSENTIALS DIGESTION PLUS,Hypersensitivity,14.7872213947236,9.63261906608854,4.9627064549595,18.2583747474423,6.30873005646877e-12,TRUE,0.651415083940359,Consistent direction,Substantial (>50% change)
CENTRUM SILVER WOMEN 50+,Dysphagia,8.10393629656891,4.84028116967166,2.45475718287821,9.12576987747765,2.06209042418009e-06,TRUE,0.597275323069971,Consistent direction,Substantial (>50% change)
CENTRUM SILVER WOMEN'S 50 PLUS MULTIMINERALS MULTIVITAMINS TABLET,Choking,47.2865145399127,57.4234237321871,11.1793918802931,1057.25175562918,0.000114150530535907,TRUE,1.21437209510797,Consistent direction,Moderate (20-50% change)
CENTRUM SILVER WOMEN'S 50+ MULTIMINERALS MULTIVITAMINS TABLET,Foreign Body Trauma,9.6480775153396,4.51572608444214,2.4105030665755,7.89377970496964,5.15408934559902e-07,TRUE,0.468044133897404,Consistent direction,Substantial (>50% change)
"CENTRUM WOMEN UNDER 50 (MULTIMINERALS, MULTIVITAMINS) TABLET",Choking,30.0900104097237,52.0692283650612,14.6667544189581,248.071144446461,1.67136566769097e-08,TRUE,1.730448998058,Consistent direction,Substantial (>50% change)
HYDROXYCUT REGULAR RAPID RELEASE CAPLETS,Fear,19.1095511172632,12.4363026008965,5.39102071085008,25.1225763762652,7.82606478778577e-11,TRUE,0.650789886407211,Consistent direction,Substantial (>50% change)
HYDROXYCUT REGULAR RAPID RELEASE CAPLETS,Hypertension,5.10969155930935,5.37222256061026,3.19298850635527,8.54324864037657,1.66060705600074e-11,TRUE,1.05137903105376,Consistent direction,Minimal (<20% change)
PRESERVISION AREDS 2 FORMULA SOFT GELS,Condition Aggravated,9.24931331463995,5.73795620092478,3.13149332747819,9.71126821039166,1.0828602092585e-09,TRUE,0.620365642911313,Consistent direction,Substantial (>50% change)
SUPER BETA PROSTATE,Renal Failure,3.10732398510811,2.03231647654026,1.049839168967,3.58942385069623,0.0225372228983283,TRUE,0.654040739324306,Consistent direction,Substantial (>50% change)
SUPER BETA PROSTATE P3 ADVANCED,Urinary Retention,29.8818837677982,10.5038872596469,5.12126089312121,19.701132178845,4.98548717798396e-12,TRUE,0.351513557219786,Consistent direction,Substantial (>50% change)
ALL DAY ENERGY GREENS FRUITY,Diarrhoea,3.58536777135669,5.74905004379598,2.72129665522989,11.3370407483407,1.19805204834267e-06,TRUE,1.60347568517931,Consistent direction,Substantial (>50% change)
CENTRUM SILVER ADULTS 50+ MULTIMINERALS MULTIVITAMIN,Choking,15.0864838151717,9.50537328643833,3.46776177611315,27.726279792743,1.76737447792182e-05,TRUE,0.630058892641324,Consistent direction,Substantial (>50% change)
CENTRUM ULTRA WOMENS MULTIMINERALS MULTIVITAMINS TABLET,Choking,35.2067375010296,39.5749188153013,10.5142691117106,260.330242408444,2.39993389063524e-06,TRUE,1.12407231184497,Consistent direction,Minimal (<20% change)
CITRACAL MAXIMUM,Throat Irritation,3.55170694992875,2.80969468948487,1.68385387087825,4.41945501645582,2.44234300481011e-05,TRUE,0.791082915650243,Consistent direction,Moderate (20-50% change)
CITRACAL PETITES,Foreign Body In Throat,13.3579664521847,6.71730694893891,2.96191781835602,13.218051190627,4.25107712035316e-07,TRUE,0.50286897882127,Consistent direction,Substantial (>50% change)
CITRACAL PETITES (CHOLECALCIFEROL +CALCIUM CITRATE) FILM-COATED TABLET,Choking,45.2668643439585,46.8757564219635,12.6506040139033,305.219740278792,6.32431812157199e-07,TRUE,1.03554237964839,Consistent direction,Minimal (<20% change)
HYDROXYCUT REGULAR RAPID RELEASE CAPLETS,Myocardial Infarction,5.48679852225971,5.3393274620937,2.96302272972537,8.95061452441706,2.21965912442903e-09,TRUE,0.973122566908967,Consistent direction,Minimal (<20% change)
HYDROXYCUT REGULAR RAPID RELEASE CAPLETS,Renal Disorder,14.984997361605,8.06442972380107,3.86261397796416,15.1150175192457,1.36319821807256e-09,TRUE,0.53816690982302,Consistent direction,Substantial (>50% change)
KRATOM,Drug Screen Positive,32.1359255566633,12.484998212788,7.04920824802886,21.3687158929086,3.07259846366346e-19,TRUE,0.388505947674478,Consistent direction,Substantial (>50% change)
MODERE BURN,Vomiting,5.56933776422625,3.17193533687759,1.84946059016439,5.26123577775206,1.34766552779295e-05,TRUE,0.569535458461868,Consistent direction,Substantial (>50% change)
NUTRAFOL WOMENS BALANCE HAIR GROWTH NUTRACEUTICAL,Emergency Care,123.931271769603,197.041409093877,94.9776943826948,395.117971030236,1.88800880129395e-48,TRUE,1.58992485335091,Consistent direction,Substantial (>50% change)
REUMOFAN PLUS,Weight Increased,108.059452237809,82.6135963144352,41.2236430850252,158.655432093019,2.77665647890639e-38,TRUE,0.764519850911565,Consistent direction,Moderate (20-50% change)
SUPER BETA PROSTATE,Dysuria,5.93851819486923,4.31793315359954,2.37369810485991,7.42593492313642,4.18036629727491e-07,TRUE,0.727106158793982,Consistent direction,Moderate (20-50% change)
CENTRUM SILVER MEN'S 50+,Foreign Body,6.68315080517478,8.18399861900145,4.36117136242174,14.526713635065,5.31300793048837e-12,TRUE,1.22457189095068,Consistent direction,Moderate (20-50% change)
"CENTRUM SILVER WOMEN'S 50 + (MULTIMINERALS, MULTIVITAMINS) TABLET",Choking,33.6364526430408,72.4488284736123,13.9392980352973,1338.27497034332,4.79974793814102e-05,TRUE,2.15387839028268,Consistent direction,Substantial (>50% change)
HYDROXYCUT,Jaundice,12.284054640623,6.7272353011409,4.05443484206842,10.6494188937584,7.51191760076175e-15,TRUE,0.547639643257051,Consistent direction,Substantial (>50% change)
KRATOM,Drug Withdrawal Syndrome,35.9108680072874,13.0547979535456,7.25558828507512,22.6524771652892,6.11716699459633e-19,TRUE,0.363533344582379,Consistent direction,Substantial (>50% change)
NUTRAFOL WOMENS BALANCE HAIR GROWTH NUTRACEUTICAL,Hospitalisation,18.8219440937453,43.1646479862723,20.3988992234815,84.8701129695539,1.43528431768899e-25,TRUE,2.29331506731105,Consistent direction,Substantial (>50% change)
"CENTRUM SILVER (MULTIMINERALS, MULTIVITAMINS) TABLET",Foreign Body Trauma,4.54818208638807,1.85730949662625,0.824985157034659,3.61551457709119,0.0960374828929656,FALSE,0.40836304733376,Consistent direction,Substantial (>50% change)
"CENTRUM SILVER WOMEN'S 50+ (MULTIMINERALS, MULTIVITAMINS) TABLET",Coeliac Disease,3.65521980713516,1.40610597539405,0.428794627124392,3.37830477488519,0.506264008145532,FALSE,0.38468438276934,Consistent direction,Substantial (>50% change)
"CENTRUM SILVER WOMEN'S 50+ (MULTIMINERALS, MULTIVITAMINS) TABLET",Oropharyngeal Pain,3.26062639727823,2.14691155177663,1.2311546623472,3.48319006051652,0.00374570991550181,TRUE,0.658435309721082,Consistent direction,Substantial (>50% change)
CITRACAL CALCIUM + D SLOW RELEASE 1200,Choking,22.1989739367261,28.3852559021507,7.60675185104153,185.777986433761,1.6025235346835e-05,TRUE,1.27867422985663,Consistent direction,Moderate (20-50% change)
CITRACAL MAXIMUM (CHOLECALCIFEROL + CALCIUM CITRATE) FILM-COATED TABLET,Dysphagia,4.40470105826545,1.5322351010326,0.704155377362453,2.95993032789638,0.238418786855364,FALSE,0.347863585011598,Consistent direction,Substantial (>50% change)
HYDROXYCUT HARDCORE CAPSULES,Liver Injury,28.5662244743718,11.401493506922,5.90196885656389,20.4314977618813,9.75628877463822e-15,TRUE,0.399124970720259,Consistent direction,Substantial (>50% change)
ONE A DAY ESSENTIAL (MULTIVITAMINS) TABLET,Choking,11.5418460271717,6.23130863275091,1.83261615837418,20.836595716953,0.00268874738825904,TRUE,0.539888386838745,Consistent direction,Substantial (>50% change)
ONE A DAY WOMEN'S 50+ ADVANTAGE,Choking,9.94940162689343,5.78452670201041,2.59352951041385,13.7481693565785,2.88048502498187e-05,TRUE,0.581394431437437,Consistent direction,Substantial (>50% change)
PLEXUS SLIM,Diarrhoea,4.01101340244545,6.43325773411337,2.5395288123723,15.3129641152116,3.66539987367748e-05,TRUE,1.60389833905594,Consistent direction,Substantial (>50% change)
PRESERVISION AREDS 2 FORMULA SOFT GELS,Blindness,15.2251005291005,9.5333495826143,4.56679097129047,17.8842434853319,6.01274669086321e-11,TRUE,0.626160041727982,Consistent direction,Substantial (>50% change)
PRESERVISION AREDS 2 FORMULA SOFT GELS,Cataract,17.0732966677451,7.37190009521685,3.68133534937846,13.3672229362522,8.737125837845e-10,TRUE,0.431779534947334,Consistent direction,Substantial (>50% change)
ALL DAY ENERGY GREENS,Gastric Disorder,26.2906377204885,16.1021760376131,3.85458586778179,45.1869056130758,4.57771899426691e-06,TRUE,0.612468065963442,Consistent direction,Substantial (>50% change)
ARBONNE ESSENTIALS PROTEIN SHAKE MIX - CHOCOLATE,Hypersensitivity,19.0891253985848,13.8939480080177,6.89221689383618,27.8915333763317,9.53209696404319e-14,TRUE,0.727846232758664,Consistent direction,Moderate (20-50% change)
CENTRUM SILVER WOMEN'S 50+ (MULTIMINERALS MULTIVITAMINS) TABLET,Choking,24.9518624127169,8.7181759676475,3.04404837940888,28.978362523698,0.000120332743463792,TRUE,0.349399809258495,Consistent direction,Substantial (>50% change)
HYDROXYCUT,Abdominal Pain,3.56005828779599,2.50694294868562,1.44824881574316,4.07165891285568,0.000452866715622409,TRUE,0.704185927876381,Consistent direction,Moderate (20-50% change)
HYDROXYCUT REGULAR RAPID RELEASE CAPLETS,Hepatitis,16.5939658322072,10.5283758052462,5.96845791752153,17.5176018196099,6.62874155934889e-18,TRUE,0.634470138826711,Consistent direction,Substantial (>50% change)
MODERE BURN,Nausea,4.17880266340211,2.04934473001739,1.14532656602601,3.48836559139871,0.0110173846946018,TRUE,0.490414335179193,Consistent direction,Substantial (>50% change)
OXYELITE PRO,Nausea,3.63457024857789,2.17373694853456,1.2369899070925,3.64237166986504,0.00457041774764667,TRUE,0.598072619282867,Consistent direction,Substantial (>50% change)
VITAMIN B6,Neuropathy Peripheral,276.793209200438,394.459080861012,182.709233656133,895.950056430631,4.5263745321119e-50,TRUE,1.4251038961558,Consistent direction,Moderate (20-50% change)
VITAPEARL,Abortion Spontaneous,753.909488760692,172.273463025945,60.2904075022894,600.67237724176,4.18664600523463e-19,TRUE,0.228506824219888,Consistent direction,Substantial (>50% change)
CENTRUM SILVER MULTIMINERALS MULTIVITAMINS TABLET,Dysphagia,7.57404273626846,6.08071410690032,2.75660638269768,12.7971174793177,3.18791661880581e-06,TRUE,0.802835991112474,Consistent direction,Moderate (20-50% change)
CITRACAL MAXIMUM,Retching,3.57024717486327,2.11459069276323,1.10824331593237,3.65772162581698,0.0131334348971132,TRUE,0.592281315324956,Consistent direction,Substantial (>50% change)
CITRACAL MAXIMUM (CHOLECALCIFEROL +CALCIUM CITRATE) FILM-COATED TABLET,Choking,13.7014655743813,8.42007275697805,2.68080220572486,31.7433878137958,0.000510666801200977,TRUE,0.614538109902762,Consistent direction,Substantial (>50% change)
HYDROXYCUT REGULAR RAPID RELEASE CAPLETS,Hepatic Steatosis,32.2361572162398,21.1981187095929,11.0421619026286,38.2456796058619,2.86106851567052e-22,TRUE,0.657588265480781,Consistent direction,Substantial (>50% change)
KRATOM,Depression,6.49221705041629,2.95639266483895,1.67630834272788,4.86884676917672,6.05155997698352e-05,TRUE,0.455374896107237,Consistent direction,Substantial (>50% change)
ONE A DAY WOMEN'S 50 PLUS HEALTHY ADVANTAGE,Foreign Body,14.0249697318421,7.43585400159614,3.36379502850287,15.2805095920744,1.46627713398959e-07,TRUE,0.530186812789612,Consistent direction,Substantial (>50% change)
PRESERVISION AREDS 2 FORMULA SOFT GELS,Visual Impairment,7.392871157212,6.06102263378681,3.14175854630308,10.6517196501625,5.3453206333923e-09,TRUE,0.819846918050787,Consistent direction,Moderate (20-50% change)
"CALTRATE 600 + VITAMIN D (CALCIUM CARBONATE, CHOLECALCIFEROL) TABLET",Dysphagia,4.6895757024065,1.5133844572081,0.514126930019769,3.58753741846503,0.392992082541496,FALSE,0.322712448469802,Consistent direction,Substantial (>50% change)
CENTRUM SILVER MEN'S 50+,Dysphagia,2.8907596364301,5.36895349708582,2.76770691562911,9.70097899703088,1.18297749434286e-07,TRUE,1.85728118983844,Consistent direction,Substantial (>50% change)
"CENTRUM SILVER MEN'S 50+ (MULTIMINERALS, MULTIVITAMINS) TABLET",Coeliac Disease,21.9307720752808,19.8380568919875,5.79339482040486,51.6599878053002,3.94193815915276e-08,TRUE,0.904576310578136,Consistent direction,Minimal (<20% change)
CENTRUM SILVER MULTIMINERALS MULTIVITAMINS,Choking,5.72433506286209,0.643461782106422,0.0993055074377221,2.40223405270784,0.567180870061673,FALSE,0.112408126889885,Signal lost after adjustment,Substantial (>50% change)
CENTRUM SILVER ULTRA WOMEN'S MULTIMINERALS MULTIVITAMINS TABLET,Dysphagia,11.1574498631304,8.73717019725789,3.60163094141792,20.8950070163488,9.65124257369983e-07,TRUE,0.783079494368127,Consistent direction,Moderate (20-50% change)
CENTRUM SILVER WOMEN 50 PLUS,Foreign Body In Throat,242.180604156252,714.71391224698,125.649119723497,13420.9350670374,9.27223489820271e-10,TRUE,2.95116082783349,Consistent direction,Substantial (>50% change)
CITRACAL MAXIMUM,Oropharyngeal Pain,4.19029816722896,2.42519729691131,1.26969350723603,4.20126791604745,0.00341414946782891,TRUE,0.578764851598877,Consistent direction,Substantial (>50% change)
CITRACAL MAXIMUM CHOLECALCIFEROL CALCIUM CITRATE FILM COATED TABLET,Choking,11.7242750939566,10.1116794228316,4.20496591492152,26.536397750928,6.22658247770837e-07,TRUE,0.862456684255367,Consistent direction,Minimal (<20% change)
HYDROXYCUT,Liver Function Test Abnormal,11.0349278961784,5.56974163576811,3.08738955216893,9.35339405967523,9.59872504483236e-10,TRUE,0.504737474333386,Consistent direction,Substantial (>50% change)
KRATOM,Brain Oedema,101.697974493623,66.3428053132272,30.0333124783565,148.282456523415,4.08303296056846e-25,TRUE,0.652351294542127,Consistent direction,Substantial (>50% change)
OXYELITE PRO,Blood Bilirubin Increased,37.8465963031217,14.8406468781213,8.22146993384737,25.4966176534996,5.50317568049008e-21,TRUE,0.392126329122422,Consistent direction,Substantial (>50% change)
OXYELITE PRO,Fatigue,7.55773551477153,4.53339959699139,2.50882582334811,7.73626232449109,1.17179600890726e-07,TRUE,0.599835703185286,Consistent direction,Substantial (>50% change)
PLEXUS SLIM,Nausea,2.58614580200166,2.89424850568759,1.09240953182286,6.99355779292336,0.0224056908926128,TRUE,1.11913585979857,Consistent direction,Minimal (<20% change)
SUPER BETA PROSTATE,Renal Disorder,3.1647842745294,4.3247771515166,2.24045990726291,7.75186190891409,3.13626416827843e-06,TRUE,1.36653142090062,Consistent direction,Moderate (20-50% change)
ARBONNE ESSENTIALS DAILY FIBER BOOST,Hypersensitivity,11.3684660130985,7.06142587248831,3.38763499198018,13.9682170712892,4.68379798861527e-08,TRUE,0.621141485962335,Consistent direction,Substantial (>50% change)
ARBONNE ESSENTIALS DIGESTION PLUS,Dyspnoea,5.3014452050787,4.48512211678833,2.22649842592945,8.60027959143339,1.11112233227137e-05,TRUE,0.846018763429198,Consistent direction,Minimal (<20% change)
"CENTRUM SILVER WOMEN'S 50 + (MULTIMINERALS, MULTIVITAMINS) TABLET",Dysphagia,33.7754863598788,24.4953808615693,8.81559084083714,79.4263157877533,5.68579080794014e-09,TRUE,0.725241395507094,Consistent direction,Moderate (20-50% change)
CENTRUM SILVER WOMEN'S 50+ MULTIMINERALS MULTIVITAMINS TABLET,Throat Irritation,8.77142698731721,8.00742177636618,4.35416548535077,13.8242092788315,1.16438706942814e-12,TRUE,0.912898412988477,Consistent direction,Minimal (<20% change)
"CENTRUM SILVER WOMEN'S 50+(MULTIMINERALS, MULTIVITAMINS) TABLET",Dysphagia,14.2567678883072,6.40459029963693,2.61278400277317,15.0816652438945,2.50850920872108e-05,TRUE,0.44923157547439,Consistent direction,Substantial (>50% change)
CITRACAL PETITES (CHOLECALCIFEROL + CALCIUM CITRATE) FILM-COATED TABLET,Foreign Body Trauma,7.70788226215412,4.31105487726283,2.18987655276359,7.81003969564305,5.48812528155265e-06,TRUE,0.559304713102613,Consistent direction,Substantial (>50% change)
EU NATURAL CONCEPTION FOR HER FERTILITY AID AND MULTI,Abortion Spontaneous,769.596112311015,613802670788.68,0,,0.999614563853387,FALSE,797564671.871193,Consistent direction,Substantial (>50% change)
HERBALIFE CELL ACTIVATOR,Nausea,2.75858440206292,1.29083456223074,0.615750228381668,2.43990452473789,0.462507459592212,FALSE,0.467933684126334,Consistent direction,Substantial (>50% change)
HERBALIFE CELL ACTIVATOR,Vomiting,3.00477473324935,2.49777337846618,1.34403084253006,4.38094723387908,0.00221760696906133,TRUE,0.831268098345962,Consistent direction,Moderate (20-50% change)
HYDROXYCUT REGULAR RAPID RELEASE CAPLETS,Multiple Injuries,131.305476923077,56.0833041155909,17.2635897624125,178.000024906787,4.87871452220068e-12,TRUE,0.427120828695107,Consistent direction,Substantial (>50% change)
KRATOM,Insomnia,2.3848680538946,1.23776350192505,0.683767533694459,2.05938249830897,0.444802749622114,FALSE,0.51900712070998,Consistent direction,Substantial (>50% change)
NUTRAFOL WOMENS BALANCE HAIR GROWTH NUTRACEUTICAL,Nausea,2.34673867437188,3.63479653115579,1.7842346181481,6.92750199919419,0.000167213175239769,TRUE,1.54887144906693,Consistent direction,Substantial (>50% change)
ONE A DAY WOMEN'S 50 PLUS HEALTHY ADVANTAGE,Foreign Body In Throat,44.5697724704602,34.5367964314675,14.2937239266825,75.1462318700409,2.28989425181622e-17,TRUE,0.774892814504666,Consistent direction,Moderate (20-50% change)
"PRESERVISION AREDS 2 FORMULA SOFT GELS (CAPSULE, SOFT)",Foreign Body,4.06749731471536,2.42887900543816,1.38011192921444,3.99255430351113,0.000978162667427252,TRUE,0.59714335806713,Consistent direction,Substantial (>50% change)
PROTANDIM US,Vomiting,3.51919090996057,3.89899938145678,2.08148472246941,6.90947735978112,7.53336139361846e-06,TRUE,1.10792494104858,Consistent direction,Minimal (<20% change)
RITUAL SYNBIOTIC PLUS PREBIOTIC PROBIOTIC POSTBIOTIC,Gastrointestinal Disorder,329.255792400371,486.594205211601,172.972278146709,1733.78598335582,3.31272330914361e-27,TRUE,1.47786072847553,Consistent direction,Moderate (20-50% change)
TRIPLE ACTION VIRILITY,Blood Urine Present,17.0171453339969,7.95143695114589,3.3738483965178,16.6370741747065,2.44550606539352e-07,TRUE,0.467260330395162,Consistent direction,Substantial (>50% change)
5 HOUR ENERGY,Myocardial Infarction,21.5334391801682,20.0840665577391,7.8023107976357,45.7503311464657,1.48006279269694e-11,TRUE,0.932692004732624,Consistent direction,Minimal (<20% change)
AG1 WHOLE FOOD POUCH 360G NON SPECIFIC,Aspartate Aminotransferase Increased,19.7858696011368,21.2300474077677,10.8993098309316,39.1495328433488,3.85665776566586e-21,TRUE,1.07299036310984,Consistent direction,Minimal (<20% change)
ALL DAY ENERGY GREENS,Gastrointestinal Disorder,11.6516521542815,9.03797288098547,2.17556100661077,25.0836094105039,0.000256401796935139,TRUE,0.775681659674709,Consistent direction,Moderate (20-50% change)
ARBONNE ESSENTIALS HERBAL DETOX TEA,Hypersensitivity,12.2869753887388,7.71239402496997,3.39898175223228,16.5457140246952,3.01507068894763e-07,TRUE,0.627688571105831,Consistent direction,Substantial (>50% change)
ARBONNE ESSENTIALS PROTEIN SHAKE MIX - VANILLA,Hypersensitivity,13.2905643881002,9.32834187334836,4.34376351774102,19.3459099329119,3.14297635552047e-09,TRUE,0.701877031023645,Consistent direction,Moderate (20-50% change)
CENTRUM SILVER MEN 50 PLUS,Foreign Body In Throat,368.535271745798,911.962921427958,115.128026369419,19727.6082411607,1.44519428066661e-08,TRUE,2.4745607580731,Consistent direction,Substantial (>50% change)
CENTRUM SILVER ULTRA WOMEN'S,Dysphagia,8.98921448857867,5.55791026928873,2.61212849872043,11.3622858066421,3.79997905456843e-06,TRUE,0.618286533973618,Consistent direction,Substantial (>50% change)
"CENTRUM SILVER ULTRA WOMEN'S (MULTIMINERALS, MULTIVITAMINS) TABLET",Throat Irritation,6.68771682579419,3.64137810388706,1.60438642034663,7.18008509657771,0.000613177246661354,TRUE,0.544487483357915,Consistent direction,Substantial (>50% change)
"CENTRUM ULTRA WOMEN'S (MULTIMINERALS, MULTIVITAMINS) TABLET",Dysphagia,16.2830284754086,17.3847636185355,6.71499340822575,46.8764592212942,5.60301907581441e-09,TRUE,1.06766156214679,Consistent direction,Minimal (<20% change)
CITRACAL,Foreign Body,13.8043067074058,7.83591030821614,2.75222476046363,19.7286788398263,2.96133091142124e-05,TRUE,0.567642437559888,Consistent direction,Substantial (>50% change)
FLINTSTONES COMPLETE MULTIVITAMINS CHEWABLE TABLET,Drug Dependence,72.7022828844063,283.266388265885,10.7705950097779,7419.78776037333,9.0538483692813e-05,TRUE,3.89625163100128,Consistent direction,Substantial (>50% change)
FLORASTOR (SACCHAROMYCES BOULARDII LYOPHILISED),Fungaemia,8474.63585434174,10382.7087885893,2885.41808587255,50958.7710114452,2.24984219549788e-38,TRUE,1.22515102324662,Consistent direction,Moderate (20-50% change)
HERBALIFE CELL ACTIVATOR,Abdominal Pain,6.20551126346927,4.6875863869315,2.4268620442338,8.42510517878054,9.25269305478921e-07,TRUE,0.755390843382475,Consistent direction,Moderate (20-50% change)
HYDROXYCUT,Asthenia,3.67422769361585,3.44314915114361,1.8822569759167,5.81595490566064,1.49868442606879e-05,TRUE,0.937108268256279,Consistent direction,Minimal (<20% change)
HYDROXYCUT HARDCORE CAPSULES,Jaundice,11.3271289413068,2.97412013397896,1.30983359365622,5.8645120162899,0.00387847568690556,TRUE,0.262566105620392,Consistent direction,Substantial (>50% change)
HYDROXYCUT MAX LIQUID CAPS,Liver Function Test Abnormal,81.5250809722109,47.9495798620876,20.7415412972742,111.91506848727,7.58085802986774e-20,TRUE,0.588157402486138,Consistent direction,Substantial (>50% change)
HYDROXYCUT REGULAR RAPID RELEASE CAPLETS,Cardio-Respiratory Distress,106.553641679957,59.9351604521528,26.5723651954078,132.207745338237,5.86681550397897e-24,TRUE,0.562488146882611,Consistent direction,Substantial (>50% change)
HYDROXYCUT REGULAR RAPID RELEASE CAPLETS,Hepatic Failure,15.2768801178083,6.21483315530249,2.7243231492344,12.3352781692213,1.55716714630322e-06,TRUE,0.40681298192933,Consistent direction,Substantial (>50% change)
KRATOM,Tremor,2.38324932688607,1.11390015384175,0.585651820461808,1.91777459893997,0.719139577384696,FALSE,0.467387168130312,Consistent direction,Substantial (>50% change)
LACTAID FAST ACT,Diarrhoea,9.60975485587643,7.53609763604436,3.73281893992705,14.7590092790506,6.10905882924999e-09,TRUE,0.784213307110116,Consistent direction,Moderate (20-50% change)
LACTAID FAST ACT,Nausea,7.55929767948478,5.25521526061406,2.60979290391853,10.3797994964317,2.00764072665456e-06,TRUE,0.695198877387275,Consistent direction,Moderate (20-50% change)
MODERE BURN,Diarrhoea,3.92454104738985,2.47948108444024,1.2945274766192,4.40383174861744,0.00336747325690409,TRUE,0.631788801416489,Consistent direction,Substantial (>50% change)
OXYELITE PRO,Jaundice,20.168067170173,7.96012240833069,4.21464832905643,14.0589312866413,1.03986029095875e-11,TRUE,0.394689403856364,Consistent direction,Substantial (>50% change)
PLEXUS SLIM,Vomiting,2.43084497754563,2.08750808274757,0.679768844143183,5.36375985685586,0.153135021071638,FALSE,0.858758210429066,Consistent direction,Minimal (<20% change)
PRESERVISION AREDS 2 FORMULA,Foreign Body,5.41859667181335,3.54163597854723,1.9070602247177,6.11496236296062,1.80749881675792e-05,TRUE,0.653607602309697,Consistent direction,Substantial (>50% change)
PURITY FIRST B50,Blood Cholesterol Increased,9640.60383386581,71537706872.1855,1.61149829918993e-73,,0.993057062655163,FALSE,7420459.14394756,Consistent direction,Substantial (>50% change)
PURITY FIRST B50,Fatigue,850.28442503639,17006905.7432458,1222.95736091393,,0.906777394781608,TRUE,20001.4315709922,Consistent direction,Substantial (>50% change)
PURITY FIRST B50,Liver Function Test Abnormal,3017.55186304129,266678207.158389,70.0329514218488,,0.931548674285889,TRUE,88375.6830908659,Consistent direction,Substantial (>50% change)
PURITY FIRST B50,Malaise,762.086717317265,18133456.2324109,1242.05035999626,,0.906893354987716,TRUE,23794.4787913969,Consistent direction,Substantial (>50% change)
PURITY FIRST B50,Muscle Spasms,2416.2206952304,133286717.114999,18.669078283866,,0.936606168987553,TRUE,55163.3041543375,Consistent direction,Substantial (>50% change)
PURITY FIRST B50,Myalgia,4299.77539341917,290934122.756585,52.5168883971336,,0.932903602730136,TRUE,67662.6326114294,Consistent direction,Substantial (>50% change)
PURITY FIRST B50,Thyroid Function Test Abnormal,46541.4923076923,22842555593.728,8.07465888699825e-09,,0.970040321669839,FALSE,490799.810257751,Consistent direction,Substantial (>50% change)
SUPER BETA PROSTATE,Haematospermia,90.5378308092397,32.8571701316205,9.90023807619766,126.656650698052,3.67219902377919e-08,TRUE,0.362910949356071,Consistent direction,Substantial (>50% change)
SUPER BETA PROSTATE,Infection,4.75167105464441,4.29295940977351,2.15070759806756,7.92790171613223,1.00338312271458e-05,TRUE,0.90346308917522,Consistent direction,Minimal (<20% change)
TOTAL BODY FORMULA,Diarrhoea,26.5768721908926,39.4596141656941,11.9998482869121,176.676249501178,2.68564951030901e-08,TRUE,1.48473506898288,Consistent direction,Moderate (20-50% change)
TOTAL BODY FORMULA,Hypotrichosis,850.052631578947,692.819685113474,218.645717309458,2422.28522920291,1.07713809561861e-27,TRUE,0.815031516138692,Consistent direction,Moderate (20-50% change)
5 HOUR ENERGY,Death,10.1274593732663,5.88178804726752,2.15830388828961,13.6286951829603,0.000125272260153775,TRUE,0.580776266828956,Consistent direction,Substantial (>50% change)
5-HOUR ENERGY,Death,12.13299035766,11.0940655577878,4.1429261893129,26.9731279000106,3.1579985628052e-07,TRUE,0.914371909212284,Consistent direction,Minimal (<20% change)
ALL DAY ENERGY GREENS FRUITY,Gastrointestinal Disorder,18.7652309483503,26.1854174739334,9.71016581858654,59.6409496716342,7.16002041496709e-13,TRUE,1.39542207319518,Consistent direction,Moderate (20-50% change)
ARBONNE ESSENTIALS PROTEIN SHAKE MIX - CHOCOLATE,Dyspnoea,7.11823393843212,5.29038056724772,2.51488412490901,10.6303065420132,4.6926338344614e-06,TRUE,0.743215327426144,Consistent direction,Moderate (20-50% change)
CENTRUM SILVER ADULTS 50+,Dysphagia,3.45154863365671,3.14086403642325,1.51239033339296,6.02374474242108,0.00104152102020914,TRUE,0.909986898575347,Consistent direction,Minimal (<20% change)
"CENTRUM SILVER WOMEN'S 50 PLUS (MULTIMINERALS, MULTIVITAMINS) TABLET",Choking,203.949411861479,889360.151527888,52.9029625888872,,0.905031341799683,TRUE,4360.68995448702,Consistent direction,Substantial (>50% change)
"CENTRUM SILVER WOMEN'S 50+ (MULTIMINERALS, MULTIVITAMINS) TABLET",Fear,5.59450218076547,7.4636212089056,3.7994645348427,13.4651090386566,3.33740208825131e-10,TRUE,1.33409925811923,Consistent direction,Moderate (20-50% change)
CITRACAL SLOW RELEASE 1200,Foreign Body,10.5075610287124,6.41400675479529,2.93620158788692,12.9363853412502,6.72241369740965e-07,TRUE,0.610418225244537,Consistent direction,Substantial (>50% change)
HYDROXYCUT,Chromaturia,10.3161366443596,6.55455527438707,3.55466842287539,11.1886498855931,9.44993814519917e-11,TRUE,0.635369179407952,Consistent direction,Substantial (>50% change)
KRATOM,Hyperhidrosis,2.34348622267266,0.992726188660907,0.506429811411215,1.74449875125496,0.981362935913631,FALSE,0.423610849108701,Signal lost after adjustment,Substantial (>50% change)
KRATOM,Toxicologic Test Abnormal,276.663941692111,46.3521636820829,17.8034842216704,137.043277430929,6.66171302998627e-14,TRUE,0.167539591168214,Consistent direction,Substantial (>50% change)
ONE A DAY WOMEN'S 50+ MINIGELS COMPLETE MULTIVITAMIN,Choking,5.22714780763642,1.73207224582544,0.649464129074528,4.23354724798362,0.242424240650277,FALSE,0.331360870127879,Consistent direction,Substantial (>50% change)
ONE A DAY WOMENS (MULTIVITAMINS + MINERALS) FILM-COATED TABLET,Choking,8.86508399168845,7.57129974247426,2.15582986812046,30.9775947309606,0.0022469641119607,TRUE,0.854058433013473,Consistent direction,Minimal (<20% change)
OXYELITE PRO,Hepatic Enzyme Increased,18.7171245120816,10.1419802332361,5.27004976694527,18.1131376151044,1.20614066119748e-13,TRUE,0.541855680165487,Consistent direction,Substantial (>50% change)
OXYELITE PRO,Malaise,5.34995580073515,4.43183760855008,2.31694302581064,7.85235596705897,1.4244804933098e-06,TRUE,0.828387705173395,Consistent direction,Moderate (20-50% change)
PRESERVISION AREDS 2,Blood Glucose Increased,2.19546663424689,1.97517490373975,1.06334703949062,3.35301194125917,0.0191646150285702,TRUE,0.899660633839374,Consistent direction,Minimal (<20% change)
PRESERVISION AREDS 2,Eye Disorder,14.7337929500723,5.03873731234731,1.89339037189425,11.2470584170913,0.000291779147079433,TRUE,0.341985076715944,Consistent direction,Substantial (>50% change)
PRESERVISION AREDS 2 FORMULA SOFT GELS,Age-Related Macular Degeneration,18.2959894497,8.05214479121872,2.75246696646249,18.8509459453862,1.41916911045761e-05,TRUE,0.440104363492118,Consistent direction,Substantial (>50% change)
"PRESERVISION AREDS 2 FORMULA SOFT GELS (CAPSULE, SOFT)",Blood Pressure Increased,2.4262354784473,2.10540436459921,1.15271569416158,3.54915989299548,0.00892280218501835,TRUE,0.867765879817481,Consistent direction,Minimal (<20% change)
PREVAGEN REGULAR STRENGTH,Blood Pressure Increased,6.82113527206811,5.21826398423144,2.69313506297945,9.42895718780754,1.85730639589011e-07,TRUE,0.765014000763146,Consistent direction,Moderate (20-50% change)
PROTANDIM US,Diarrhoea,3.48795254556261,3.39569312674935,1.7576049292137,6.10815107496898,0.000104439408278255,TRUE,0.973549118685506,Consistent direction,Minimal (<20% change)
SUPER BETA PROSTATE,Prostate Cancer,7.41059013114323,1.94126211819507,0.844315358911977,3.90798354948656,0.0854644917593797,FALSE,0.261957831136397,Consistent direction,Substantial (>50% change)
TOTAL BODY FORMULA,Arthralgia,168.786105263158,229.225130907257,71.029053272113,895.010209257087,6.00681365231095e-18,TRUE,1.35808057511528,Consistent direction,Moderate (20-50% change)
TRIPLE ACTION VIRILITY,Haemorrhage,13.9727312292708,6.31495999543382,1.87527629254713,15.9570928518135,0.000531767638436755,TRUE,0.451948863240489,Consistent direction,Substantial (>50% change)
AG1 WHOLE FOOD POUCH 360G NON SPECIFIC,Alanine Aminotransferase Increased,16.5337049791663,16.8053804564617,8.30571695648168,31.6397855112524,7.25150646190436e-17,TRUE,1.01643161515448,Consistent direction,Minimal (<20% change)
AG1 WHOLE FOOD POUCH 360G NON SPECIFIC,Diarrhoea,2.3231006935896,2.77604269588347,1.31730126862224,5.29157494471312,0.00361381143405955,TRUE,1.1949730390696,Consistent direction,Minimal (<20% change)
ALL DAY ENERGY GREENS,Flatulence,7.93454096335941,8.2595242877971,2.84661030550957,19.0532802607553,8.71340084183818e-06,TRUE,1.04095804986557,Consistent direction,Minimal (<20% change)
ARBONNE ESSENTIALS BODY CLEANSE,Hypersensitivity,17.1755514141187,16.5346381998794,5.86992587435413,47.7177475520651,8.46630458886346e-08,TRUE,0.962684562563015,Consistent direction,Minimal (<20% change)
ARBONNE ESSENTIALS DAILY FIBER BOOST,Dyspnoea,5.2401937792741,3.49387827828218,1.60032794872027,7.04703184059915,0.000817317106617183,TRUE,0.666746007008574,Consistent direction,Moderate (20-50% change)
ARBONNE ESSENTIALS HERBAL DETOX TEA,Dyspnoea,6.16020572308947,3.57241986437199,1.47583653923145,7.84851220833825,0.00243871937713864,TRUE,0.579918922347344,Consistent direction,Substantial (>50% change)
ARBONNE ESSENTIALS PROTEIN SHAKE MIX - VANILLA,Dyspnoea,6.62541930977347,6.00413031604827,2.80747556994667,12.3898959646805,1.70641515875006e-06,TRUE,0.906226464367514,Consistent direction,Minimal (<20% change)
BURN,Nausea,13.4507936155694,6.78419422610047,2.91726462314415,16.1210895264896,8.41206702426758e-06,TRUE,0.50437129733726,Consistent direction,Substantial (>50% change)
"CENTRUM SILVER ADULTS 50+(MULTIMINERALS, MULTIVITAMINS) TABLET",Choking,6.12213175425611,2.62985030856674,0.687529724980482,8.46689822758408,0.121029962232951,FALSE,0.429564474292548,Consistent direction,Substantial (>50% change)
"CENTRUM SILVER MEN'S 50+ (MULTIMINERALS, MULTIVITAMINS) TABLET",Foreign Body,5.23424923447628,4.34684124720578,1.76208007372577,9.24801696693008,0.000418972648445288,TRUE,0.830461266264236,Consistent direction,Moderate (20-50% change)
"CENTRUM SILVER ULTRA WOMEN'S (MULTIMINERAL, MULTIVITAMINS) TABLET",Choking,63.2827535159141,24.8166229354652,4.55108183506154,460.510088045263,0.00246856083464141,TRUE,0.392154600687918,Consistent direction,Substantial (>50% change)
CENTRUM SILVER WOMEN'S 50+ MULTIMINERALS MULTIVITAMINS TABLET,Retching,8.64003234318381,2.80350865712218,0.977842675840418,6.32926914945912,0.0271045140880709,FALSE,0.32447895398608,Consistent direction,Substantial (>50% change)
"CENTRUM WOMEN UNDER 50 (MULTIMINERALS, MULTIVITAMINS) TABLET",Dysphagia,16.9138255595064,18.7686096388155,6.36320844327544,55.650387948838,7.78172927776485e-08,TRUE,1.1096608258601,Consistent direction,Minimal (<20% change)
CITRACAL MAXIMUM,Pharyngeal Injury,13.8045596227833,7.18633429552521,3.13367829505047,14.397701283401,2.78901772227219e-07,TRUE,0.520576859522904,Consistent direction,Substantial (>50% change)
CITRACAL MAXIMUM (CHOLECALCIFEROL + CALCIUM CITRATE) FILM-COATED TABLET,Foreign Body,4.85773929883519,2.51148346949379,1.10094840607099,4.99440888862694,0.0155479499956835,TRUE,0.517006639301538,Consistent direction,Substantial (>50% change)
CITRACAL MAXIMUM (CHOLECALCIFEROL + CALCIUM CITRATE) FILM-COATED TABLET,Throat Irritation,8.61866919582689,5.5074606455409,2.52658866633441,10.6617050250783,2.59752186165624e-06,TRUE,0.639015202974443,Consistent direction,Substantial (>50% change)
CITRACAL MAXIMUM BAYER,Foreign Body,16.0782823687398,11.2675857948672,4.89191130615736,24.757868609874,3.05900666506356e-09,TRUE,0.700795367095569,Consistent direction,Moderate (20-50% change)
CITRACAL MAXIMUM CHOLECALCIFEROL + CALCIUM CITRATE FILM-COATED TABLET,Choking,14.6020042134032,20.717525621184,5.56856584852512,134.367947512463,8.35212445086483e-05,TRUE,1.41881383667643,Consistent direction,Moderate (20-50% change)
CITRACAL PETITES CHOLECALCIFEROL + CALCIUM CITRATE FILM-COATED TABLET,Choking,27.119911176906,39.4352178409355,6.68981870127867,757.879633487696,0.000779795852489393,TRUE,1.4541057153062,Consistent direction,Moderate (20-50% change)
FLINTSTONES COMPLETE (MULTIVITAMINS) CHEWABLE TABLET,Drug Dependence,73.1387160672935,0.000154295454798999,5.42144550643813e-77,15451.0634574079,0.98526127682632,FALSE,2.10962761032112e-06,Signal lost after adjustment,Substantial (>50% change)
GRIPE WATER NIGHTTIME,Choking,63.2827535159141,67.2434861232145,10.1478229214475,1322.23499404691,0.00017355419062016,TRUE,1.06258786774037,Consistent direction,Minimal (<20% change)
HERBALIFE CELL-U-LOSS,Vomiting,3.33329824767649,2.19880988695532,1.06255315944704,4.19630635051975,0.0231092225819723,TRUE,0.659649909361704,Consistent direction,Substantial (>50% change)
HYDROXYCUT,Blood Bilirubin Increased,11.5428610615828,4.99202973390761,2.58059241005826,8.80468899901706,2.21465851791044e-07,TRUE,0.432477676658709,Consistent direction,Substantial (>50% change)
HYDROXYCUT,Hepatic Enzyme Increased,7.28441640378549,4.19689577630311,2.11540672572283,7.50729797743622,7.40209453275066e-06,TRUE,0.576147153548513,Consistent direction,Substantial (>50% change)
HYDROXYCUT,Pruritus,2.75122357113333,1.89730193524408,0.989089278091844,3.30802099447118,0.0359174998425664,FALSE,0.689621139899771,Consistent direction,Moderate (20-50% change)
HYDROXYCUT REGULAR RAPID RELEASE CAPLETS,Depression,5.73143496977004,3.38608440678913,1.64977845506073,6.18999419161549,0.000258410482489614,TRUE,0.59079173446942,Consistent direction,Substantial (>50% change)
HYDROXYCUT REGULAR RAPID RELEASE CAPLETS,Discomfort,9.12203902142085,3.3512726877812,1.01531941305934,8.14903823245851,0.0194323459114598,TRUE,0.367381972376085,Consistent direction,Substantial (>50% change)
HYDROXYCUT REGULAR RAPID RELEASE CAPLETS,Hepatic Function Abnormal,26.4009508716323,9.78063458662473,3.6672877402548,21.8304404215259,3.43039078622158e-07,TRUE,0.370465239459764,Consistent direction,Substantial (>50% change)
KRATOM,Cardiac Arrest,11.2129339370719,4.10246972965488,2.08685914430218,7.40169796714884,1.04318973819052e-05,TRUE,0.365869428347509,Consistent direction,Substantial (>50% change)
KRATOM,Pulmonary Congestion,51.3575596816976,42.4241687123939,19.1582774392236,91.2920354675439,2.79698980580825e-21,TRUE,0.826054995123,Consistent direction,Moderate (20-50% change)
KRATOM,Unresponsive To Stimuli,21.242477487371,8.66780243328096,4.37444143747396,16.0970652527498,5.85405625814652e-11,TRUE,0.408041031863355,Consistent direction,Substantial (>50% change)
OMEGAPLEX,Vomiting,3.40071291403612,1.97452214142226,1.02022808998726,3.56089246073527,0.0314117468996861,TRUE,0.580620061538451,Consistent direction,Substantial (>50% change)
"ONE A DAY MEN'S HEALTH FORMULA (MULTIVITAMINS, MINERALS, LYCOPENE) FILM-COATED TABLET",Dysphagia,3.37824722861326,6.84167087680483,3.18063340714206,13.4163444341965,1.21245943543775e-07,TRUE,2.0252131989799,Consistent direction,Substantial (>50% change)
ONE A DAY WOMEN'S 50+ HEALTHY ADVANTAGE,Choking,12.6547742413027,7.2489649563877,2.39757781551881,24.8606167459527,0.000692945225181365,TRUE,0.572824518095985,Consistent direction,Substantial (>50% change)
ONE A DAY WOMEN'S MINIGELS COMPLETE MULTIVITAMIN,Choking,8.25234126090175,7.04732938388448,2.32987922896933,21.948548257292,0.000537680849724504,TRUE,0.853979393372106,Consistent direction,Minimal (<20% change)
ONE A DAY WOMEN'S MULTIVITAMINS + MINERALS FILM-COATED TABLET,Choking,17.257317811722,55.1915391717635,14.4798507625633,271.501453770774,3.2714977496058e-08,TRUE,3.19815279372527,Consistent direction,Substantial (>50% change)
