stratum,product_clean,meddra_pt,a,expected,prr,ror,eb05,ic,ic025,n_methods,robust_signal,ror_lower,in_aggregate
Female,5 HOUR ENERGY,Heart Rate Increased,3,0.709774026681187,4.2378752886836,5.35330586830204,0.218524218754417,1.53261732995628,0.485015658430549,3,TRUE,1.72628037085295,
Female,AG1 WHOLE FOOD DIETARY SUPPLEMENT,Headache,3,0.751429349305745,3.99850238257318,5.3161891799932,0.136340339512756,1.48377807752228,0.436176405996553,3,TRUE,1.62303824718377,
Female,AG1 WHOLE FOOD POUCH 360G NON SPECIFIC,Loss Of Consciousness,4,1.03893275251838,3.87003562475261,4.56681222707424,0.404889193632662,1.54799481053508,0.624112701674651,3,TRUE,1.73366687911249,
Female,ALL DAY ENERGY GREENS,Abdominal Discomfort,6,2.36778518921862,2.54937940045003,2.83886876811346,0.148126494248561,1.18050275479007,0.411812539684606,3,TRUE,1.28148382748327,
Female,ALL DAY ENERGY GREENS,Haematochezia,4,1.17410835829023,3.43936545240893,3.9437911659949,0.228559055774427,1.42653209069348,0.502649981833055,3,TRUE,1.5262445914986,
Female,ALL DAY ENERGY GREENS,Haemorrhage,4,1.20933160903893,3.33787598004277,3.82641850087705,0.185944526235462,1.39649269552989,0.472610586669458,3,TRUE,1.48111917261696,
Female,ALL DAY ENERGY GREENS FRUITY,Confusional State,3,0.576504219983665,5.26189478724041,6.28353004705701,0.51816172162863,1.70100094706005,0.653399275534325,3,TRUE,2.13330591447411,
Female,ALL DAY ENERGY GREENS FRUITY,Haematochezia,4,0.786142118159543,5.14338364338364,5.99060467357263,0.806757603340747,1.80687493277681,0.882992823916386,3,TRUE,2.29681708016138,
Female,ALL DAY ENERGY GREENS FRUITY,Myocardial Infarction,3,0.710148380070787,4.26056406280287,5.0810868233912,0.21776439623494,1.53217097036928,0.48456929884355,3,TRUE,1.72774990080137,
Female,ALL DAY ENERGY GREENS FRUITY,Vomiting,14,6.14501089028043,2.28594828594829,2.64207085094419,0.464076006159345,1.12570943124077,0.611115228768582,3,TRUE,1.49111863529894,
Female,"ALL DAY ENERGY GREENS, FRUITY",Vomiting,4,1.19708004356112,3.34546490103944,4.51692059159402,0.20062463300774,1.40687038958157,0.482988280721141,3,TRUE,1.51767191993453,
Female,ARBONNE ESSENTIALS BODY CLEANSE,Rash,3,0.760618023414103,3.95407407407407,4.9673957749112,0.11882499004504,1.47322372744444,0.425622055918707,3,TRUE,1.60756300446349,
Female,ARTRI KING,Swelling,3,0.565511843179962,5.32758620689655,6.6640814909133,0.545895168963729,1.71580829327106,0.668206621745334,3,TRUE,2.17918649081702,
Female,BELLY TRIM XP,Abdominal Pain,3,0.748026136673019,4.01879562043796,5.15613315093479,0.14288185323223,1.48770677403236,0.440105102506628,3,TRUE,1.63385775188779,
Female,BELLY TRIM XP,Dizziness,4,1.20609855703784,3.32171945701358,4.25576374431336,0.189803958197282,1.39922401150197,0.475341902641539,3,TRUE,1.49901266392679,
Female,BENEFIBER W WHEAT DEXTRIN (NCH) (WHEAT DEXTRIN) POWDER,Diarrhoea,13,6.39392186223795,2.03958290935187,2.28713787158895,0.268582620352222,0.969562555300564,0.436240677682118,3,TRUE,1.28017650402902,
Female,BENEFIBER W WHEAT DEXTRIN (NCH) (WHEAT DEXTRIN) POWDER,Hypertension,4,1.26606316362646,3.18026380068393,3.66725922163672,0.119849565627593,1.34938805923675,0.425505950376324,3,TRUE,1.41417066254987,
Female,BENEFIBER W WHEAT DEXTRIN (NCH) (WHEAT DEXTRIN) POWDER,Rectal Haemorrhage,3,0.572454396950722,5.30898876404494,6.31550155743929,0.528317386621822,1.70643861949998,0.658836947974249,3,TRUE,2.14835419870749,
Female,BENEFIBER WITH WHEAT DEXTRIN (NCH) (WHEAT DEXTRIN) POWDER,Depression,3,0.621766947998911,4.88039313676495,5.80690097668782,0.409270585231679,1.64158194119978,0.593980269674046,3,TRUE,1.97628971737187,
Female,BENEFIBER WITH WHEAT DEXTRIN (NCH) (WHEAT DEXTRIN) POWDER,Weight Decreased,4,1.17247481622652,3.43619516772226,3.96886990350509,0.230566255452221,1.42794051421005,0.504058405349622,3,TRUE,1.52919771322391,
Female,"CENTRUM SILVER (MULTIMINERALS, MULTIVITAMINS) TABLET",Fall,5,1.55724203648244,3.25189769160564,3.6356043956044,0.346665342290662,1.41872008034511,0.583051492054133,3,TRUE,1.54122759903358,
Female,CENTRUM SILVER ADULTS 50+,Throat Irritation,4,1.22985298121427,3.2667223614592,3.82840350708161,0.161685140220257,1.37927557183816,0.455393462977736,3,TRUE,1.45818244490515,
Female,"CENTRUM SILVER MULTIMINERALS, MULTIVITAMINS",Choking,4,0.819833923223523,4.88226007478189,15.3071970090352,0.746278853558377,1.769568597022,0.845686488161568,3,TRUE,2.41128353904568,
Female,CITRACAL CALCIUM + D,Choking,4,1.31173427715764,3.05110095554632,5.10177588534635,0.068756496391607,1.31255362726048,0.388671518400052,3,TRUE,1.38065344959224,
Female,COLONIX ADVANCED INTERNAL CLEANSING PROGRAM PARANIL,Diarrhoea,3,0.718418186768309,4.1803605313093,6.03479566832661,0.201080488045006,1.52234554051321,0.474743868987477,3,TRUE,1.6955115945283,
Female,EMERGEN-C,Abdominal Discomfort,5,1.44126054995916,3.4897619047619,4.01522268338725,0.45826526640082,1.50243785354441,0.666769265253436,3,TRUE,1.67568106451096,
Female,EMERGEN-C,Visual Impairment,3,0.447862782466649,6.79088803088803,8.1424178895877,0.881838005902123,1.88460479472362,0.837003123197894,3,TRUE,2.75371186830877,
Female,EXEMPTION 4,Anaemia,6,2.39926490607133,2.56746666666667,2.78893287416191,0.129078900953859,1.1647525595555,0.396062344450036,3,TRUE,1.26320976264941,
Female,EXEMPTION 4,Cerebrovascular Accident,12,5.66634903348761,2.15955140186916,2.27340017923914,0.291833904353469,1.01943963723683,0.465185848631375,3,TRUE,1.28299419507241,
Female,EXEMPTION 4,Death,19,7.89545330792268,2.46649887640449,2.58530965592232,0.657636539877,1.21579399406493,0.772088697287181,3,TRUE,1.62827827769747,
Female,EXEMPTION 4,Frequent Bowel Movements,4,1.05499591614484,3.984,4.46610891625997,0.382771662427288,1.53301421000304,0.609132101142614,3,TRUE,1.70504381472527,
Female,EXEMPTION 4,Osteoporosis,3,0.765722842363191,4.12628571428571,4.774401418859,0.109185347550591,1.4673933922703,0.419791720744569,3,TRUE,1.59954842977435,
Female,EXEMPTION 4,Stomach Discomfort,4,1.19112442145385,3.50109090909091,3.92774231651637,0.207815115580967,1.41194219408294,0.488060085222509,3,TRUE,1.50568638403678,
Female,EXEMPTION 4,Thrombosis,6,2.09297576912605,2.96246153846154,3.21818729427963,0.32604243415123,1.32583099360242,0.557140778496951,3,TRUE,1.45365054523739,
Female,HERBALIFE CELL ACTIVATOR,Hypersensitivity,8,3.66866321807787,2.18679597165237,2.46552691680261,0.122025830858182,1.02787801821294,0.355700806936051,3,TRUE,1.20205176136071,
Female,HERBALIFE CELL-U-LOSS,Muscle Spasms,3,0.692621835012252,4.35759916802853,5.25942410754837,0.25377422790706,1.55321826648548,0.505616594959752,3,TRUE,1.77173967118904,
Female,HERBALIFE TOTAL CONTROL,Hypoaesthesia,3,0.689150558126872,4.38022700119474,5.28336482700202,0.261014161625496,1.55742353606403,0.509821864538299,3,TRUE,1.78081426355559,
Female,HYDROXYCUT,Abdominal Pain Upper,10,3.9335692894092,2.55378124891043,2.87618187027527,0.46706915005208,1.24384880011874,0.639087749082738,3,TRUE,1.50543901874638,
Female,HYDROXYCUT,Alopecia,3,0.579499047100463,5.24114490161002,6.23993445334395,0.510697364467713,1.69699295219792,0.649391280672192,3,TRUE,2.12201140745211,
Female,HYDROXYCUT,Hospitalisation,5,1.00680642526545,5.02469643959662,5.75647153428445,0.975450349309111,1.86793752834206,1.03226894005109,3,TRUE,2.41146502490541,
Female,HYDROXYCUT,Migraine,3,0.599986387149469,5.05952106838591,6.02278406150662,0.460644636714583,1.66986925222901,0.622267580703281,3,TRUE,2.04881027464762,
Female,HYDROXYCUT,Pain,9,3.35699700517288,2.69426165856051,3.03200022667063,0.487610459780037,1.30044948768015,0.664644321334423,3,TRUE,1.54166906536028,
Female,HYDROXYCUT,Vomiting,14,6.8632589164171,2.04609260423214,2.31331760669097,0.304618267173535,0.97763656281936,0.463042360347175,3,TRUE,1.31422697050397,
Female,HYDROXYCUT,Weight Increased,3,0.573645521372175,5.29545728401012,6.30486314193319,0.525322998112892,1.70483717545006,0.657235503924331,3,TRUE,2.14388983467438,
Female,HYDROXYCUT HARDCORE,Abdominal Pain Upper,3,0.686087666757419,4.38016405667412,5.85015281401416,0.267432650946799,1.56114427497135,0.513542603445625,3,TRUE,1.78587065954315,
Female,HYDROXYCUT HARDCORE,Malaise,3,0.614620201470188,4.89075770191507,6.56444444444445,0.425926869594942,1.65080271576585,0.603201044240122,3,TRUE,2.00364064239231,
Female,HYDROXYCUT MAX,Dizziness,3,0.723659134222706,4.15093273035613,5.74722267664074,0.19060616453175,1.51615318907107,0.46855151754534,3,TRUE,1.68576939730279,
Female,HYDROXYCUT PRO CLINICAL CAPLETS,Nausea,4,1.26402123604683,3.1677722051448,4.32235192623945,0.122176713172595,1.35105707265854,0.42717496379811,3,TRUE,1.43152950906497,
Female,HYDROXYCUT REGULAR RAPID RELEASE CAPLETS,Migraine,3,0.760447862782467,3.98878190571351,4.71835622790239,0.119147423369863,1.47341847832432,0.425816806798589,3,TRUE,1.61250227409841,
Female,ISAGENIX NATURAL ACCELERATOR,Hypertension,3,0.753947726653961,4.00059104341896,4.82337872776447,0.131518643652732,1.48087771432354,0.43327604279781,3,TRUE,1.62546463677706,
Female,LACTAID FAST ACT CAPLETS,Abdominal Pain,3,0.748026136673019,4.01879562043796,5.15613315093479,0.14288185323223,1.48770677403236,0.440105102506628,3,TRUE,1.63385775188779,
Female,LEPTIBURN,Vomiting,8,3.11240811325892,2.57573263991749,3.11786435786436,0.359190494441031,1.23450195017174,0.562324738894851,3,TRUE,1.45995135894944,
Female,MNS MAX 3,Dyspnoea,4,1.18329703239858,3.38450014405071,4.5741779142833,0.217320297590117,1.41863522622571,0.494753117365287,3,TRUE,1.53689682538983,
Female,NATURAL ACCELERATOR,Tremor,3,0.759597059624285,3.96861471861472,4.80241164241164,0.120760671808082,1.47439262726333,0.426790955737605,3,TRUE,1.61289647243173,
Female,NATURAL ACCELERATOR ARIZONA NUTRITIONAL SUPPLEMENTS,Abdominal Pain Upper,4,1.28069697794718,3.12963752665245,3.83878236113543,0.103280628859341,1.33748296821859,0.413600859358159,3,TRUE,1.40274624958884,
Female,NATURE MADE CHOLESTOFF PLUS,Choking,3,0.819833923223523,3.66093457943925,7.14158446682588,0.0107794912373636,1.40699851763729,0.359396846111558,3,TRUE,1.40861444489926,
Female,NATURE MADE FISH OIL,Vomiting,3,0.558637353661857,5.37580822252043,8.9765682438041,0.56351423671974,1.7251464570663,0.67754478554057,3,TRUE,2.21908402364896,
Female,NATUREMADE MAGNESIUM,Dyspnoea,3,0.788864688265723,3.80656587473002,5.45358094004175,0.0662757995243553,1.44125411205465,0.393652440528918,3,TRUE,1.53231351681375,
Female,NATUREMADE SUPER B COMPLEX TABLET,Nausea,4,1.17373400490063,3.41156314429248,4.77751512201905,0.229018792441661,1.42685473299403,0.502972624133604,3,TRUE,1.55515329591047,
Female,NUTRAFOL WOMENS BALANCE HAIR GROWTH NUTRACEUTICAL,Heart Rate Increased,6,2.18846991560033,2.75375027402837,3.1261121137452,0.261700550586748,1.27365439042098,0.504964175315517,3,TRUE,1.39448120810537,
Female,NUTRAFOL WOMENS BALANCE HAIR GROWTH NUTRACEUTICAL,Jaundice,3,0.654778110536346,4.62351456514881,5.52310408038563,0.334735791329685,1.59973925620166,0.552137584675933,3,TRUE,1.87563903370675,
Female,NUTRILITE DOUBLE X,Headache,3,0.40076231962973,7.49897889720899,12.0852794704445,1.04183300064375,1.95813653857247,0.910534867046746,4,TRUE,3.16067454473346,
Female,NUTRILITE SLIMMETRY,Blood Pressure Increased,3,0.742308739450041,4.04941392783268,5.22581114506038,0.153938811780045,1.49433116434361,0.44672949281788,3,TRUE,1.64651029468514,
Female,NUTRILITE SLIMMETRY,Dizziness,4,1.14579362918595,3.49666587282686,4.53049331035049,0.263752105461118,1.45114155803748,0.527259449177057,3,TRUE,1.5843754932205,
Female,OXY ELITE PRO,Nausea,3,0.541723386877212,5.54301886792453,10.0843237125071,0.607802802663135,1.74838267837491,0.700781006849179,3,TRUE,2.29062303534498,
Female,OXYELITE PRO,Vomiting,8,3.11240811325892,2.57573263991749,3.11786435786436,0.359190494441031,1.23450195017174,0.562324738894851,3,TRUE,1.45995135894944,
Female,PATRIOT POWER GREENS,Urticaria,4,1.08511434794446,3.69809418806111,4.47737111373475,0.342193606885846,1.50533808330984,0.581455974449417,3,TRUE,1.6637601181419,
Female,PLEXUS BIO CLEANSE,Dyspnoea,6,2.36659406479717,2.53927335640138,3.10250413678985,0.148852175236343,1.18110209754175,0.412411882436282,3,TRUE,1.30526273996085,
Female,PLEXUS BIO CLEANSE,Headache,5,1.50285869861149,3.33492388093615,4.09877409226041,0.397921239734528,1.45737097582081,0.621702387529837,3,TRUE,1.62859043936477,
Female,PLEXUS BIOCLEANSE,Nausea,4,1.26402123604683,3.1677722051448,4.32235192623945,0.122176713172595,1.35105707265854,0.42717496379811,3,TRUE,1.43152950906497,
Female,PLEXUS PROBIO 5,Urticaria,3,0.558058807514294,5.39023494860499,7.07332185275268,0.56500689281329,1.72593510656084,0.678333435035107,3,TRUE,2.21337292041739,
Female,PLEXUS SLIM,Palpitations,4,1.04454805336237,3.84386154501097,4.62105755143497,0.397118822093136,1.54274024522642,0.61885813636599,3,TRUE,1.72856607841233,
Female,PRESERVISION AREDS 2,Abnormal Faeces,3,0.747345494146474,4.25860286516024,4.91831655992681,0.144193722811136,1.48849379878642,0.440892127260688,3,TRUE,1.63924744336636,
Female,PRESERVISION AREDS 2,Atrial Fibrillation,12,4.87642934930574,2.53121776724384,2.66453837908375,0.508393851471067,1.21720783674347,0.66295404813801,3,TRUE,1.50015538609847,
Female,PRESERVISION AREDS 2,Memory Impairment,6,1.94309828478083,3.21567971450875,3.4892056094406,0.433194871809931,1.41172781437477,0.643037599269308,3,TRUE,1.57053216708856,
Female,PRESERVISION AREDS 2,Ocular Hyperaemia,4,1.04628369180506,4.0402129746392,4.52274453319366,0.394725513468989,1.54111997117484,0.617237862314414,3,TRUE,1.72058194833001,
Female,PRESERVISION AREDS 2,Rhinorrhoea,4,1.10233460386605,3.81983772147707,4.27782594693685,0.319495776576776,1.48974955473685,0.565867445876418,3,TRUE,1.63074498137484,
Female,PRESERVISION AREDS 2 FORMULA,Blood Pressure Increased,7,3.04737271984754,2.30501809029416,2.58819367229354,0.11341087762641,1.08013967446265,0.364540208618217,3,TRUE,1.21694693603917,
Female,PRESERVISION AREDS 2 FORMULA,Feeling Hot,3,0.576027770215083,5.26707404744788,6.28745426758672,0.519352801870557,1.70163961048779,0.654037938962065,3,TRUE,2.13506904065383,
Female,PRESERVISION AREDS 2 FORMULA CHEWABLES,Death,3,0.600054451402124,5.02557369562735,6.17089100148017,0.460481209359911,1.66977998483172,0.622178313305988,3,TRUE,2.05013055037378,
Female,PRESERVISION AREDS 2 FORMULA SOFT GELS,Abdominal Discomfort,12,6.0121154369725,2.01612418859294,2.13990091709503,0.206392867547244,0.94072991601951,0.386476127414054,3,TRUE,1.20727869599421,
Female,PRESERVISION AREDS 2 FORMULA SOFT GELS,Fall,7,2.72284236319085,2.61202606331127,2.83079365598966,0.275816365917497,1.21855697109707,0.502957505252636,3,TRUE,1.357437878672,
Female,PRESERVISION AREDS 2 FORMULA SOFT GELS,Hospitalisation,12,3.4184590253199,3.6010892886615,3.85462318898851,1.02076772931682,1.67356977870248,1.11931599009703,4,TRUE,2.16509094751916,
Female,PREVAGEN,Blood Pressure Increased,4,1.25020419275796,3.20716783216783,3.89163275160378,0.138023162460656,1.36240175327377,0.43851964441334,3,TRUE,1.43741960800151,
Female,PREVAGEN,Hypertension,3,0.455213721753335,6.63072289156627,8.26296681555814,0.858394017770433,1.87345945571568,0.825857784189949,3,TRUE,2.71688983335038,
Female,PREVAGEN REGULAR STRENGTH,Anxiety,3,0.762319629730466,3.94918143081408,4.85037707390649,0.115604614007937,1.47127766320988,0.423675991684153,3,TRUE,1.6058161567865,
Female,PREVAGEN REGULAR STRENGTH,Fatigue,5,1.28403212632725,3.90746904540008,4.74992173600984,0.624813040683693,1.62429002351602,0.78862143522505,3,TRUE,1.91191521858221,
Female,PREVAGEN REGULAR STRENGTH,Loss Of Consciousness,3,0.686087666757419,4.39027673896784,5.40367513915901,0.267432650946799,1.56114427497135,0.513542603445625,3,TRUE,1.78845298991162,
Female,PROBIOSLIM,Diarrhoea,3,0.718418186768309,4.1803605313093,6.03479566832661,0.201080488045006,1.52234554051321,0.474743868987477,3,TRUE,1.6955115945283,
Female,PROTANDIM US,Hepatic Enzyme Increased,3,0.573373264361557,5.26867816091954,6.39852113453261,0.526006882042399,1.70520306311139,0.65760139158566,3,TRUE,2.14627999958453,
Female,PURITAN'S PRIDE NIACIN 500MG COATED CAPLETS,Dyspnoea,3,0.788864688265723,3.80656587473002,5.45358094004175,0.0662757995243553,1.44125411205465,0.393652440528918,3,TRUE,1.53231351681375,
Female,REUMOFAN PLUS,Rash,4,0.882316907160359,4.54939945757458,5.64101463156852,0.64041737381939,1.70283659846849,0.778954489608064,3,TRUE,2.06613385586523,
Female,SHAKEOLOGY CHOCOLATE BAG 30 SERVING,Abdominal Pain Upper,3,0.777566022325075,3.86458744571654,5.04287531970131,0.0870663563408913,1.45395707307103,0.406355401545296,3,TRUE,1.56739306600103,
Female,SLIMVANCE THERMOGENIC,Dyspnoea,3,0.709978219439151,4.22966162706983,6.2928259389067,0.218109720499771,1.53237384397091,0.48477217244518,3,TRUE,1.7147204936869,
Female,STACKER 2,Headache,3,0.601143479444596,4.99863852961198,6.9957378986766,0.457868886309589,1.66835245715469,0.620750785628958,3,TRUE,2.05161314131043,
Female,STACKER 2,Nausea,4,1.08344677375442,3.69598590663143,5.33977554033502,0.344410702457132,1.50685662825438,0.582974519393949,3,TRUE,1.70206056095994,
Male,5-HOUR ENERGY EXTRA STRENGTH BERRY,Vomiting,3,0.675867167765387,4.4481718464351,6.44997715851987,0.323731140219352,1.57362982721485,0.526078722442759,3,TRUE,1.81087473112455,
Male,AGELESS MALE,Swelling,3,0.708520731932721,4.27691629955947,5.16744939271255,0.255980150026807,1.53411269959542,0.486561594823326,3,TRUE,1.73142196684789,
Male,AGELESS MALE MAX,Dyspnoea,12,5.70815106894215,2.11511121302454,2.36781086966739,0.287699522125302,1.00969252532928,0.455534319480769,3,TRUE,1.29852717754797,
Male,ALL DAY ENERGY GREENS,Diarrhoea,9,3.64746472798965,2.48302350591489,2.83060526610208,0.376867053804358,1.19569780157427,0.559975956363919,3,TRUE,1.42332467789103,
Male,BENEFIBER STICK PACKS (WHEAT DEXTRIN) POWDER,Death,3,0.463310948185571,6.49706275033378,9.63375583722482,0.865314997441946,1.86128145460322,0.813730349831121,3,TRUE,2.70302907185725,
Male,BENEFIBER W WHEAT DEXTRIN (NCH) (WHEAT DEXTRIN) POWDER,Myocardial Infarction,3,0.556034748321114,5.43217877094972,6.87677049434372,0.603803439653619,1.72869761538608,0.681146510613984,3,TRUE,2.21907287839974,
Male,CENTRUM SILVER,Dysphagia,6,1.19770808945844,5.06986215538847,6.04280350438048,1.14415749243629,1.93685130053086,1.16823000123931,4,TRUE,2.6312114287673,
Male,"CENTRUM SILVER (MULTIMINERALS, MULTIVITAMINS) TABLET",Myocardial Infarction,4,1.02310393691085,3.94227256119839,4.68799670917318,0.450707366841418,1.5629106064658,0.639085836285798,3,TRUE,1.76425691323724,
Male,CENTRUM SILVER ADULTS 50+,Weight Decreased,3,0.4731686279342,6.40355731225297,8.0071364532903,0.835151463719428,1.84659320412164,0.799042099349544,3,TRUE,2.6145630899813,
Male,CENTRUM SILVER MEN'S 50+,Cough,5,1.38364857371696,3.68169773391813,4.15538160469667,0.534891866200528,1.54590178757599,0.710296591097437,3,TRUE,1.74405790884982,
Male,CENTRUM SILVER MEN'S 50+,Throat Irritation,4,0.891996796254082,4.5976322921124,5.27416784216022,0.647875980670504,1.69276911068216,0.76894434050216,3,TRUE,2.02133559056866,
Male,"CENTRUM SILVER MEN'S 50+(MULTIMINERALS, MULTIVITAMINS) TABLET",Choking,4,0.863532745979915,4.64879587155963,6.33084240687679,0.694490389311028,1.72257565366765,0.798750883487649,3,TRUE,2.15065234579005,
Male,"CENTRUM SILVER MEN'S 50+(MULTIMINERALS, MULTIVITAMINS) TABLET",Dysphagia,3,0.399236029819481,7.56296641791045,10.1858293075684,1.07843620516446,1.96058317555814,0.913032070786041,4,TRUE,3.1304853655296,
Male,CENTRUM SILVER MULTIMINERALS MULTIVITAMINS TABLET,Weight Decreased,3,0.18926745117368,16.0266798418972,23.2047129658466,2.1423408923418,2.34421912746539,1.29666802269329,4,TRUE,6.77025079339884,
Male,CITRACAL PETITES (CHOLECALCIFEROL + CALCIUM CITRATE) FILM-COATED TABLET,Foreign Body,3,0.222537120325303,13.6065436241611,19.6509741690911,1.91237958007679,2.27621130900839,1.22866020423629,4,TRUE,5.73872480665858,
Male,"EMERGEN-C (ASCORBIC ACID, B-COMPLEX, ELECTROLYTE, MULTIMINERAL, MULTIVIT, ZINC) POWDER FOR ORAL SOLUTION",Malaise,3,0.621095434662066,4.84965104685942,6.38684341148647,0.445045051318554,1.6424458274528,0.594894722680706,3,TRUE,1.98193517256784,
Male,EXEMPTION 4,Alanine Aminotransferase Increased,8,2.35044051506377,3.49518367346939,3.82019356897224,0.774079374903,1.57627794660903,0.90417954735063,3,TRUE,1.8924851010988,
Male,EXEMPTION 4,Aspartate Aminotransferase Increased,9,2.42591337563921,3.82285714285714,4.17465271275895,0.964584192659862,1.6990404556506,1.06331861044025,3,TRUE,2.14174211174238,
Male,EXEMPTION 4,Extrasystoles,3,0.398927977327337,8.09546218487395,9.42302037387103,1.07954079829559,1.96107748620536,0.913526381433271,4,TRUE,3.10633542708457,
Male,EXEMPTION 4,Hypoaesthesia,6,2.38278602673896,2.56042524916944,2.81898445680964,0.153734307906351,1.17297596060719,0.404354661315649,3,TRUE,1.27322178450859,
Male,EXEMPTION 4,Muscular Weakness,4,0.830201466329863,5.02731898238748,5.70601535074671,0.751061871876486,1.75828023506677,0.834455464886769,3,TRUE,2.17686143807402,
Male,EXEMPTION 4,Musculoskeletal Stiffness,3,0.442055326227589,7.24330827067669,8.44189723320158,0.932583995255242,1.89347122618305,0.845920121410954,3,TRUE,2.79748265117214,
Male,FISH OIL,Rash,3,0.41143490850841,7.34284420289855,9.70967741935484,1.03536057723271,1.94114338923273,0.893592284460632,4,TRUE,3.03011507265139,
Male,FLINTSTONES COMPLETE,Diarrhoea,3,0.687203499476311,4.37732793522267,5.98616793298266,0.299847787896193,1.5597876724006,0.512236567628511,3,TRUE,1.78203410434113,
Male,FLINTSTONES COMPLETE (MULTIVITAMINS + MINERALS) CHEWABLE TABLET,Dyspnoea,5,0.897911404103259,5.59052675124104,8.47977759159113,1.15689029557432,1.97615868919085,1.1405534927123,4,TRUE,2.96131477163664,
Male,FLINTSTONES COMPLETE (MULTIVITAMINS + MINERALS) CHEWABLE TABLET,Vomiting,4,0.946214034871542,4.23918442033721,5.92768959435626,0.563049132795647,1.63764391927991,0.713819149099913,3,TRUE,1.96127611364939,
Male,HYDROXYCUT HARDCORE CAPSULES,Hypersensitivity,8,3.20263692933276,2.51992972867461,2.80881939992477,0.328282332909066,1.19890975161968,0.526811352361279,3,TRUE,1.3813744116058,
Male,HYDROXYCUT NATURAL CAPLETS,Headache,3,0.589242806974308,5.10673803526448,7.15302573614653,0.520590445459504,1.68402933588899,0.636478231116899,3,TRUE,2.09574774788437,
Male,HYDROXYCUT REGULAR RAPID RELEASE CAPLETS,Hypersensitivity,20,6.81412112623991,3.00769230769231,3.2993766663984,0.964757344915659,1.48686748584437,1.05424936433251,3,TRUE,2.07267308250973,
Male,JACK3D,Dyspnoea,5,1.60341322161296,3.12857142857143,3.92680573694304,0.322688229037494,1.38669931910968,0.551094122631131,3,TRUE,1.52885589787474,
Male,KRATOM,Decreased Appetite,9,3.58018606370526,2.58708594933968,2.77081683775762,0.40370229380886,1.21929257029969,0.58357072508934,3,TRUE,1.42897240205691,
Male,KRATOM,Somnolence,6,1.7625531390549,3.56442953020134,3.89036218538981,0.588023188058525,1.52248804194494,0.753866742653398,3,TRUE,1.74061505087039,
Male,KRATOM,Weight Decreased,10,4.70014170414639,2.17343264036667,2.31622261048087,0.218262697514449,1.01376648547045,0.409093033286631,3,TRUE,1.23545330104296,
Male,MNS MAX 3,Vomiting,3,0.473107017435771,6.35570645077044,10.7520938023451,0.835338040744627,1.84668454283904,0.799133438066947,3,TRUE,2.65612559350718,
Male,MONSTER ENERGY DRINK,Dyspnoea,3,0.769638346374222,3.90631021194605,5.38582976458962,0.137134583492104,1.46293731497817,0.415386210206077,3,TRUE,1.57870913958221,
Male,MULTIVITAMIN,Dysphagia,3,0.174665763046023,17.2963752665245,30.5748792270531,2.25612873691566,2.37511006503393,1.32755896026184,4,TRUE,7.53677587463237,
Male,NAC MARKETING SUPER BETA PROSTATE,Hypersensitivity,4,1.09025938019839,3.68829690346084,4.49705473875772,0.359271088384692,1.50066290511088,0.576838134930881,3,TRUE,1.65792325581076,
Male,NAC MARKETING SUPER BETA PROSTATE,Palpitations,3,0.7097529419013,4.25393907563025,5.25767452886097,0.253484771155381,1.53264247446409,0.485091369691996,3,TRUE,1.72749007207663,
Male,NEW VITALITY SUPER BETA PROSTATE,Dyspnoea,5,1.731686279342,2.8964678964679,3.57728466527309,0.211873865482393,1.30129738495072,0.465692188472162,3,TRUE,1.40518411177279,
Male,OCUVITE ADULT,Choking,3,0.431766372989958,6.96864261168385,11.1831711505438,0.966308283367115,1.90931475174439,0.861763646972298,3,TRUE,2.92267893671492,
Male,ONE A DAY MEN'S HEALTH,Choking,3,0.701620356108681,4.28707375099128,5.85594352222858,0.270034600027786,1.54237376383954,0.494822659067448,3,TRUE,1.74333369912844,
Male,ONE A DAY MEN'S HEALTH (MULTIVITAMINS) TABLET,Choking,4,0.593678762861192,6.76396997497915,10.5548424068768,1.23259343204217,2.04073595187006,1.11691118169006,4,TRUE,3.27355807059719,
Male,"ONE A DAY MEN'S HEALTH FORMULA (MULTIVITAMINS, MINERALS, LYCOPENE) FILM-COATED TABLET",Cough,4,1.05594233257347,3.84586981120839,4.44269600334215,0.405271610856932,1.5321364103033,0.6083116401233,3,TRUE,1.70268173899954,
Male,ONE A DAY MEN'S MULTIVITAMIN,Choking,3,0.755591152732426,3.9806087383407,5.34638261865061,0.163596281282875,1.47898815364617,0.43143704887408,3,TRUE,1.6127852420136,
Male,PRESERVISION AREDS,Constipation,3,0.25334236953977,11.9697342519685,16.2599869024231,1.72787329298955,2.21597734516658,1.16842624039448,4,TRUE,4.98557608279791,
Male,PRESERVISION AREDS,Dysphagia,3,0.399236029819481,7.56296641791045,10.1858293075684,1.07843620516446,1.96058317555814,0.913032070786041,4,TRUE,3.1304853655296,
Male,PRESERVISION AREDS 2,Aspiration,3,0.405273858665517,8.23749785186458,9.48643139253408,1.05695518342158,1.950928722239,0.903377617466905,4,TRUE,3.06477342094411,
Male,PRESERVISION AREDS 2,Cardiac Disorder,6,2.16665639825026,2.84905940741181,3.11718684977112,0.290716632799955,1.28540777419548,0.516786474903935,3,TRUE,1.40454529088731,
Male,PRESERVISION AREDS 2,Dysphagia,21,6.31291972152055,3.45374258893281,3.75051246556763,1.16096094904055,1.65799154750264,1.23556713192433,4,TRUE,2.38366222501078,
Male,PRESERVISION AREDS 2,Wheezing,3,0.670260612408354,4.73656126482213,5.49860772282595,0.335690762830975,1.58052507399173,0.532973969219635,3,TRUE,1.83196699218717,
Male,PRESERVISION AREDS 2 FORMULA CHEWABLES,Dysphagia,3,0.299427022364611,10.0864427860697,14.4782608695652,1.4895822128614,2.13031667714568,1.08276557237358,4,TRUE,4.23383951787723,
Male,PRESERVISION AREDS 2 FORMULA SOFT GELS,Cough,5,1.57784486476496,3.22536057692308,3.62196926579397,0.345831683770985,1.40434367430334,0.568738477824785,3,TRUE,1.52410558070404,
Male,PRESERVISION AREDS 2 FORMULA SOFT GELS,Dysphagia,14,3.24379274228329,4.4346645681684,4.99459545382292,1.39048987475227,1.95348042611346,1.43898917434749,4,TRUE,2.86740058396781,
Male,PRESERVISION AREDS 2 MULTIVITAMIN,Choking,3,0.755591152732426,3.9806087383407,5.34638261865061,0.163596281282875,1.47898815364617,0.43143704887408,3,TRUE,1.6127852420136,
Male,PRESERVISION AREDS 2 MULTIVITAMIN,Dysphagia,3,0.349331526092046,8.64445628997868,11.9587901701323,1.26941221551099,2.04295521500497,0.995404110232881,4,TRUE,3.59975928307089,
